id,nom,type_etablissement,telephone,adresse,ville,garde
36,Pharmacie 2000,pharmacie,0528842597,"bd moulay abdallah, résid. karam, a coté de la résidence isni face aux pompiers AGADIR",Agadir,
112,Pharmacie Adlouni,pharmacie,0528321112,hay Al Houda bloc K n°370 AGADIR,Agadir,garde 24h/24
199,Pharmacie Adouz,pharmacie,0528211874,"hay essalam, imm. bicha, cplxe azrou AGADIR",Agadir,
433,Pharmacie Al Andalous,pharmacie,0528217759,"2, bd Al Moukaouama, imm. Asma Agadir",Agadir,
435,Pharmacie Al Andaloussia,pharmacie,0528292999,résidence nasr-3 (bicha) près de jet sakan Agadir,Agadir,
641,Pharmacie Al Imam AlKastalani,pharmacie,0528224258,bd Abdallah Ben Yacine bloc 13 n° 17 cité Sidi Mohamed Agadir,Agadir,
656,Pharmacie Al Massahat,pharmacie,0528290671,"264, quartier tilila Agadir",Agadir,
663,Pharmacie Al Oulya,pharmacie,0528205236,7 hay taddart - secteur a lot 5 anza Agadir,Agadir,
836,Pharmacie AlManar,pharmacie,0528213545,"hay Essalam, rue 952 n°16 Agadir",Agadir,
844,Pharmacie AlManzah,pharmacie,0528844443,"bd cheikh saadi ang. av des far, entrée charaf - aswak salam et belvie talborjt Agadir",Agadir,
940,Pharmacie AlMichwar,pharmacie,0528280728,Hay Bensergao lot. 297 quartier AlWifaq Agadir,Agadir,garde 24h/24
944,Pharmacie AlMostawsaf,pharmacie,0528283319,Pharmacie AlMostawsaf AGADIR,Agadir,
680,Pharmacie Alamal,pharmacie,0528843926,bd Cheikh Saadi imm. Tighmirt Agadir,Agadir,
755,Pharmacie Alikhlass,pharmacie,0529124393,24 X rue Abdallah Ben Hsain Cité Essalam Agadir,Agadir,
832,Pharmacie Alma Vita,pharmacie,0528323377,hay Al Houda bd Almahdi Ben Abboud Agadir,Agadir,
1218,Pharmacie Anouar,pharmacie,0528281629,56 Hay Bensergao bloc A Douar Amzil Agadir,Agadir,
9559,Pharmacie Assoul,pharmacie,0528214671,bd Bir Anzarane Bloc n°11 Tikiouine Agadir - Maroc,Agadir,
1320,Pharmacie Aswak Assalam,pharmacie,0528292948,"hay Dakhla, Aswak Assalam Agadir",Agadir,
1387,Pharmacie Attadamoun,pharmacie,0528320335,"hay bensergao, résid. attadamoun 2, imm. bicha mag. 22, derrière jet sakin Agadir",Agadir,
1392,Pharmacie Attawhid,pharmacie,0528320002,"348 Bis, hay Al Houda, sect. E Agadir",Agadir,
1495,Pharmacie Azizi,pharmacie,0528239797,"3, bd Mansour Eddahbi, cité Dakhla Agadir",Agadir,
395,Pharmacie Aït Mhand,pharmacie,0528285090,Pharmacie Aït Mhand AGADIR,Agadir,
1587,Pharmacie Bachouch,pharmacie,0528238207,445 extention dakhla AGADIR,Agadir,
1962,Pharmacie Bouloiz,pharmacie,0528287283,"cité Drarga, n°40 lot. Alimam Fatima, rte Principale Agadir",Agadir,
2094,Pharmacie Cadi Ben Driss,pharmacie,0528233939,"hay dakhla, al fiddia i, derrière la gare routière AGADIR",Agadir,
2197,Pharmacie Chifa,pharmacie,0528223712,94 bd Hassan 1er cité Dakhla Agadir,Agadir,
2229,Pharmacie Chifa Al Farah,pharmacie,0528280159,"hay bensergao , hay el farah Agadir",Agadir,
2249,Pharmacie Chifa Al Farah,pharmacie,0528281384,Pharmacie Chifa Al Farah AGADIR,Agadir,
2290,Pharmacie Cité Suisse,pharmacie,0528827745,Pharmacie Cité Suisse AGADIR,Agadir,
2358,Pharmacie Dahabia,pharmacie,0528321426,"535, sect K , ElHouda Agadir",Agadir,
2391,Pharmacie Dakhla,pharmacie,0528222229,"14, rue al farabi, cité dakhla Agadir",Agadir,
2927,Pharmacie El Amri,pharmacie,0528225206,1 rue anzi cité salam AGADIR,Agadir,
10124,Pharmacie El Fayd,pharmacie,0528270338,"Bloc Anza Oulya , n°467 Quartier taddarte Agadir",Agadir,
3091,Pharmacie El Ouazzany,pharmacie,0528220681,"hay Mohammadi, résid. Fal Oumlil n°206 Agadir",Agadir,
3253,Pharmacie Ennajd,pharmacie,0528226907,"bd hassan 1er, 11 bloc g4 cité dakhla, en face sgmb agence dakhla AGADIR",Agadir,
3617,Pharmacie Extension Dakhla,pharmacie,0528239445,"Extension Dakhla , K1005 Agadir",Agadir,
3627,Pharmacie Faicel,pharmacie,0528238383,"1042 extension dakhla, avenue hassan premier, devant résidence al boustane AGADIR",Agadir,
3924,Pharmacie Hadrane,pharmacie,0528231012,"2 Bis, rue Ibn Al Arabi, z.i. Agadir",Agadir,
4213,Pharmacie Hay al farah,pharmacie,0528281915,"996, hay alfarah ben sergao Agadir",Agadir,
4591,Pharmacie Ibn Zouhr,pharmacie,0528235451,"229, rue Aglou, cité Essalam Agadir",Agadir,
5377,Pharmacie Jet Sakane,pharmacie,0528322064,"hay bensergao, jet sakane, m1 imm. n°42 salam houda AGADIR",Agadir,
5858,Pharmacie Lakhyam,pharmacie,0528220659,"70 bd mohamed el hansali, khiam 2 (autoroute lakhyam) Agadir",Agadir,
5962,Pharmacie Leghzaoui,pharmacie,0528324343,"hay essalam, résid. attadamoune 2, imm. 47, mag 62 Agadir",Agadir,
6163,Pharmacie Lotfy,pharmacie,0528239009,44 rue Al Kawakibi hay Dakhla Agadir,Agadir,
6488,Pharmacie Maroc,pharmacie,0528320200,"hay al houda, imm. ennarjis ii n°8, près du poste police el houda AGADIR",Agadir,
6541,Pharmacie Mejjane,pharmacie,0528320604,"32 secteur l cité el houda, derrière lycée ajdir AGADIR",Agadir,
6731,Pharmacie Mokawama,pharmacie,0528842634,"8, bd Al Moukaouama, imm. Hamria q.i. Agadir",Agadir,
6766,Pharmacie Mosquée du Liban,pharmacie,0528823443,"bd des f.a.r., imm barutel, a coté de la mosquée liban, en face place des petits taxi Agadir",Agadir,
6955,Pharmacie Moutawakil,pharmacie,0528235287,"27, rue isli, rési. riad al qods, près de station ifriquia Agadir",Agadir,
7142,Pharmacie Nour AlFarah III,pharmacie,0528291050,"454, al farah 3 Agadir",Agadir,
7164,Pharmacie Nour AlFarah III,pharmacie,0627019851,Pharmacie Nour AlFarah III AGADIR,Agadir,
7274,Pharmacie Nour Lkheir,pharmacie,0525129353,projet tarek lkheir 9 Agadir,Agadir,
7297,Pharmacie Odessa,pharmacie,0528282882,"hay essalam, résid. tarik al kheir 1, imm. 2, mag. 4 Agadir",Agadir,
7385,Pharmacie Oubelkhir,pharmacie,0528280999,"rue 110 hay el farah, près de la mosquée assaad ibn zarara Agadir",Agadir,
7533,Pharmacie Principale,pharmacie,0528287007,"1, rue Principale, Tagadirt",Agadir,
7623,Pharmacie Rajaa,pharmacie,0528235670,"1026, bd abderrahman benzidane, cité salam AGADIR",Agadir,garde 24h/24
7650,Pharmacie Rayane,pharmacie,0667146045,Pharmacie Rayane AGADIR,Agadir,
7732,Pharmacie Salam,pharmacie,0528235636,"bd El Haj Massoud El Wafkaoui, Hay Salam Agadir",Agadir,
7774,Pharmacie Sara,pharmacie,0528320873,hay al houda bloc h n°299 Agadir,Agadir,
7978,Pharmacie Tahiri,pharmacie,0528823508,"rue allal ben abdallah, talborjt Agadir",Agadir,
7994,Pharmacie Tarik El Kheir,pharmacie,0644005640,5 hay Tarik Elkhair ilto 9 Agadir,Agadir,
7995,Pharmacie Tikida,pharmacie,0528320019,"hay al houda, imm. tikida n°10, cité el houda sur la route séparant cite el houda et salam AGADIR",Agadir,
2574,Pharmacie de Talborjt,pharmacie,0528822861,"42, rue mehdi ben toumert,talborjt Agadir",Agadir,
2503,Pharmacie de la Poste,pharmacie,0528842315,bd moukaouama en face du jardin lala meryem Agadir,Agadir,
2664,Pharmacie des F.a.r.,pharmacie,0528824332,"7, bd des f.a.r., imm. elmanzeh AGADIR",Agadir,garde 24h/24
2723,Pharmacie des Facultés,pharmacie,0528292796,"6, bd Onze Janvier, Projet Al Wid Agadir",Agadir,
2856,Pharmacie du Quartier Militaire,pharmacie,0528283946,"hay bensergao, n°8, cité al anwar lot tifaque route salam AGADIR",Agadir,
2799,Pharmacie du quartier,pharmacie,0528821315,"angle av. mly abdellah, et rue sidi bouknadel, q.i. num 32. a coté de l'etat major Agadir",Agadir,
6276,Pharmacie l'Université,pharmacie,0528230387,"139, bd onze janvier, cité dakhla Agadir",Agadir,
5720,Pharmacie la Bourse,pharmacie,0528812573,Pharmacie la Bourse AGADIR,Agadir,
5745,Pharmacie la jeunesse,pharmacie,0606701286,"22, bd Hassan Bounaamani, cité Dakhla Agadir",Agadir,garde 24h/24
5906,Pharmacie le Complexe,pharmacie,0528282307,"hay al wifaq, n° a/478 ben sergao, près de hamam al wifaq AGADIR",Agadir,
5933,Pharmacie le Corail Salam,pharmacie,0528228866,hay essalam rue 914 n°554 AGADIR,Agadir,
6980,Pharmacie Agdz,pharmacie,0524843747,Pharmacie Agdz,Agdz,
7782,Pharmacie Ennakhil,pharmacie,0524843370,Pharmacie Ennakhil AGDZ,Agdz,
1916,Pharmacie Al Maghreb Al Arabi,pharmacie,0528308494,"57 c, yassmina 1 , rte de tiznit Ait melloul",Ait Melloul,
3059,Pharmacie Chifa,pharmacie,0528240586,81 Rte Tiznit pont du Souss Ait melloul,Ait Melloul,
6836,Pharmacie Ouled Dahou Centre,pharmacie,0528319162,Ouled Dahou Centre AIT MELLOUL,Ait Melloul,
2047,Pharmacie de l'Atlas,pharmacie,0528241987,26 Avenue de la Marche Verte Ait melloul,Ait Melloul,
7317,Pharmacie Ajdir,pharmacie,0535207069,Pharmacie Ajdir,Ajdir,
9823,Pharmacie Sidi Abid,pharmacie,0661308503,Anzagh commune Ajdir - Maroc,Ajdir,
7592,Pharmacie Akhfennir,pharmacie,0528765585,Pharmacie Akhfennir,Akhfennir,
118,Pharmacie Abdelkerim El Khattabi,pharmacie,0539982270,61 av Bir Anzarane Al hoceima,Al Hoceima,garde 24h/24
599,Pharmacie Abi Yakoub El Badissi,pharmacie,0674416356,18 rue du Consul Mirador Al hoceima,Al Hoceima,
1278,Pharmacie Achifa,pharmacie,0539980655,"1, av. Abbas M'Saadi Al hoceima",Al Hoceima,
6125,Pharmacie Ajdir,pharmacie,0539802098,centre Ajdir rp.39 AL HOCEIMA,Al Hoceima,
9973,Pharmacie Al Baraka,pharmacie,0539980115,3 Lots Bades résid. Amina Al Hoceim,Al Hoceima,
7639,Pharmacie Al Hilal,pharmacie,0539980033,105 av Sidi Abid Al hoceima,Al Hoceima,
5121,Pharmacie Al Hoceima,pharmacie,0539841596,97 bd. Tarik Ibn Ziad Al hoceima,Al Hoceima,
2132,Pharmacie Al Hoda,pharmacie,0539980944,166 bd Tarik Ibn Ziad Al hoceima,Al Hoceima,
3597,Pharmacie Al Khair,pharmacie,0539841846,bd Abou Fariss Hamadani hay Mirador Al hoceima,Al Hoceima,
896,Pharmacie Al Manzah,pharmacie,0539840282,20 rue Med Hassan El Ouazzani Al hoceima,Al Hoceima,
418,Pharmacie Al Qods,pharmacie,0539840669,24 bd El Qods rte Sidi Mansour Al hoceima,Al Hoceima,
9167,Pharmacie AlOuahda,pharmacie,0539807878,20 rue AlOuahda imzouren Al Hoceima - Maroc,Al Hoceima,
5306,Pharmacie AlWafa,pharmacie,0539983449,"90, av. Hassan II ang. M'Barek ElBekkai Al hoceima",Al Hoceima,
2845,Pharmacie Andalous,pharmacie,0539982899,158 rue Hajrat Nekkor Al hoceima,Al Hoceima,
1738,Pharmacie Anissa,pharmacie,0539984234,33 av 9 juillet Al hoceima,Al Hoceima,
434,Pharmacie Anoual,pharmacie,0539982917,47 av. Imzouren Al hoceima,Al Hoceima,
34,Pharmacie Avicenne,pharmacie,0539982916,av. Tarik Ibnou Ziad Imm. Caballo Al hoceima,Al Hoceima,
6058,Pharmacie Azir,pharmacie,0539985388,161 rue Sidi Abid AL HOCEIMA,Al Hoceima,
626,Pharmacie Cala Bonita,pharmacie,0539985864,28 hay Cala Bonita résid. Firadaous Al hoceima,Al Hoceima,garde 24h/24
1225,Pharmacie Du Centre,pharmacie,0539813017,Pharmacie Du Centre AL HOCEIMA,Al Hoceima,
3523,Pharmacie ElMoustachfa,pharmacie,0539981131,89 av. AlIskandaria Al hoceima,Al Hoceima,
7851,Pharmacie Essalam,pharmacie,0539806667,Pharmacie Essalam AL HOCEIMA,Al Hoceima,
1764,Pharmacie Granada,pharmacie,0539840204,12 av. Madagascar Al hoceima,Al Hoceima,
9206,Pharmacie Ibnou Rochd,pharmacie,0539981757,168 av Hassan II Al Hoceima - Maroc,Al Hoceima,
5843,Pharmacie Khalid Ibn Alwalid,pharmacie,0539840863,17 av. Hajarat Nekour AL HOCEIMA,Al Hoceima,
9916,Pharmacie Manara,pharmacie,0539980101,av. Sidi Abid lotiss. Al Omrane Al Hoceima,Al Hoceima,
7737,Pharmacie Meditérraneo,pharmacie,0539840808,41 rue Houman El Fetouaki AL HOCEIMA,Al Hoceima,
5517,Pharmacie Noumidia,pharmacie,0539980645,57 rue Abdellah BenYacine Al hoceima,Al Hoceima,
1594,Pharmacie Nouvelle,pharmacie,0539982093,4 rue Idriss Al Akbar Al hoceima,Al Hoceima,
9124,Pharmacie Pasteur,pharmacie,0539981176,9 Bis bd. Med. V Al Hoceima - Maroc,Al Hoceima,
6325,Pharmacie Sidi Abid,pharmacie,0539984191,Pharmacie Sidi Abid AL HOCEIMA,Al Hoceima,
6554,Pharmacie Tidghine,pharmacie,0539813322,centre Ketama AL HOCEIMA,Al Hoceima,
1942,Pharmacie centrale du Rif,pharmacie,0539982582,23 Avenue Hassan II Al hoceima,Al Hoceima,
6029,Pharmacie le port,pharmacie,0539980606,Pharmacie le port AL HOCEIMA,Al Hoceima,
5147,Pharmacie Nordine,pharmacie,0528314002,hay Igueroufoulous Aourir,Aourir,
6543,Pharmacie 20 Aout,pharmacie,0523358990,Pharmacie 20 Aout AZEMMOUR,Azemmour,
9814,Pharmacie AlMahata,pharmacie,0523358737,30 bd Boujdour Azemmour - Maroc,Azemmour,
6445,Pharmacie Badr,pharmacie,0523358477,Pharmacie Badr AZEMMOUR,Azemmour,
6234,Pharmacie Belayachi,pharmacie,0523347342,Pharmacie Belayachi AZEMMOUR,Azemmour,
6110,Pharmacie Dar Achabab,pharmacie,0523358094,Pharmacie Dar Achabab AZEMMOUR,Azemmour,
6916,Pharmacie Derb Jdid,pharmacie,0523357867,Pharmacie Derb Jdid AZEMMOUR,Azemmour,
7199,Pharmacie Douar Dghoughi,pharmacie,0676206417,Pharmacie Douar Dghoughi AZEMMOUR,Azemmour,
9774,Pharmacie El Amal,pharmacie,0523357754,321 Bd Mohamed V Azemmour - Maroc,Azemmour,
7634,Pharmacie El Yosr,pharmacie,0523376420,Pharmacie El Yosr AZEMMOUR,Azemmour,
9784,Pharmacie ElIdrissi,pharmacie,0523358949,50 bd My ElHassan Azemmour - Maroc,Azemmour,
5835,Pharmacie ElManzah,pharmacie,0523347778,Pharmacie ElManzah AZEMMOUR,Azemmour,
6757,Pharmacie Ennasr,pharmacie,0523358239,Pharmacie Ennasr AZEMMOUR,Azemmour,
9831,Pharmacie Ennasr,pharmacie,0523358750,19 av. ElMassira lotiss. Ennasr Azemmour - Maroc,Azemmour,
689,Pharmacie Grande pharmacie d'Azemmour,pharmacie,0523347127,"47, bd Zerktouni Azemmour",Azemmour,
6024,Pharmacie Ibn Sina,pharmacie,0523347771,Pharmacie Ibn Sina AZEMMOUR,Azemmour,
6880,Pharmacie Ikram,pharmacie,0523347528,Pharmacie Ikram AZEMMOUR,Azemmour,
9806,Pharmacie Laila,pharmacie,0523358911,74 Bis bd. Laayoune Azemmour - Maroc,Azemmour,
9745,Pharmacie Mohamed V,pharmacie,0523347090,324 Bd Mohamed V Azemmour - Maroc,Azemmour,
8306,Pharmacie Moulay Smail,pharmacie,0523347455,Pharmacie Moulay Smail AZEMMOUR,Azemmour,
7001,Pharmacie Oum Rabii,pharmacie,0523358261,Pharmacie Oum Rabii AZEMMOUR,Azemmour,
5929,Pharmacie Pam,pharmacie,0523347290,Pharmacie Pam AZEMMOUR,Azemmour,
6626,Pharmacie de Peuple,pharmacie,0523347019,Pharmacie de Peuple AZEMMOUR,Azemmour,
7876,Pharmacie la Fontaine,pharmacie,0523357607,Pharmacie la Fontaine AZEMMOUR,Azemmour,
6966,Pharmacie la Gloire,pharmacie,0523347388,Pharmacie la Gloire AZEMMOUR,Azemmour,
6922,Pharmacie le Palmier,pharmacie,0612201363,Pharmacie le Palmier AZEMMOUR,Azemmour,
6968,Pharmacie les Iris,pharmacie,0523357406,Pharmacie les Iris AZEMMOUR,Azemmour,
2082,Pharmacie Adam,pharmacie,0771855060,lotiss. Adam Azrou,Azrou,
6253,Pharmacie Ahadaf,pharmacie,0535561239,90 rue Casablanca Ahadaf AZROU,Azrou,
7818,Pharmacie Ain Aghbal,pharmacie,0535562101,1072 lot. Ain Aghbal AZROU,Azrou,
8980,Pharmacie Akchmir,pharmacie,0535564641,quartier Michlifen II Ahadaf n°17 Azrou - Maroc,Azrou,
9949,Pharmacie Al Amraoui,pharmacie,0538344898,Essanaoubar Azrou,Azrou,
291,Pharmacie Al Arabi,pharmacie,0535561970,15 av Hassan II P 21 Azrou,Azrou,
6143,Pharmacie Al Arz,pharmacie,0535564268,quartier Ahadaf rue 17 n°152 AZROU,Azrou,
1553,Pharmacie Al Ihssane,pharmacie,0664187395,lot El Fath n°106 Azrou,Azrou,
6938,Pharmacie AlAmraoui,pharmacie,0535564974,Pharmacie AlAmraoui AZROU,Azrou,
1345,Pharmacie Azrou,pharmacie,0535560910,25 rue Tit Hcen Azrou,Azrou,
7940,Pharmacie El Bouchra,pharmacie,0535563706,Hay Mly Hassan Tizi rue 1 n°37 AZROU,Azrou,
3756,Pharmacie El Fath Saoudi,pharmacie,0535563347,207 bd Hassan II Ahadaf Azrou,Azrou,
6057,Pharmacie El Houda,pharmacie,0535560696,54 rue de Marrakech lot Mimoza AZROU,Azrou,
4468,Pharmacie Hanane,pharmacie,0535561417,"143, rue Mauritanie , Kechla Azrou",Azrou,
818,Pharmacie Ibn Sina,pharmacie,0535560616,Bouykour Ahadaf rue 33 n°9 Azrou,Azrou,
7434,Pharmacie Marina,pharmacie,0534934571,lotiss. El Hassania Ahadaf n°36 AZROU,Azrou,
7975,Pharmacie Masjid Essaada,pharmacie,0535564141,Ahadaf rue 15 n°578 AZROU,Azrou,
2964,Pharmacie Merchich,pharmacie,0535561111,hay El Farah lotiss. Farah II rte de Meknès Azrou,Azrou,
1138,Pharmacie Moyen Atlas,pharmacie,0535562873,1 bd Moulay Abdelkader Azrou,Azrou,
1705,Pharmacie Nakhil,pharmacie,0535564248,105 lotiss. Nakhil Ahadaf Azrou,Azrou,
7468,Pharmacie Nakhil,pharmacie,0670695386,Pharmacie Nakhil AZROU,Azrou,
1109,Pharmacie Oum Rayane,pharmacie,0535560438,82 q. Tabadlit Al Jdida rue 7 Azrou,Azrou,
6359,Pharmacie Oussaden,pharmacie,0535562238,127 bd Hassan II quartier Ahadaf AZROU,Azrou,
5809,Pharmacie Principale,pharmacie,0535562983,9 rue prince Mly Abdellah Azrou,Azrou,
8386,Pharmacie Rachad,pharmacie,0535564940,41 rue Sekkaya AZROU,Azrou,
510,Pharmacie Ramis,pharmacie,0535561820,365 lotiss. Essanaoubar Ahaddaf Azrou,Azrou,
983,Pharmacie Sakhra,pharmacie,0535561498,Pl. Mohammed V Azrou,Azrou,
3735,Pharmacie Sanawbar,pharmacie,0535560333,Nakhil III Ahadaf n°280 Azrou,Azrou,
482,Pharmacie Sara,pharmacie,0669887676,13 lotiss. Haimadi Ahadaf Azrou,Azrou,
6655,Pharmacie Sidi AlMakhfi,pharmacie,0535867613,Pharmacie Sidi AlMakhfi AZROU,Azrou,
3370,Pharmacie Takouine,pharmacie,0535564333,Atlas II n°122 Ahadaf Azrou,Azrou,
9830,Pharmacie Tigrigra,pharmacie,0767531606,Kasbah Ait Yahya Ouaalla Azrou - Maroc,Azrou,
6060,Pharmacie Wiwane,pharmacie,0535569164,Pharmacie Wiwane AZROU,Azrou,
7786,Pharmacie Youssra,pharmacie,0535561131,"Lotiss. Ain Aghbal , rte du souk Azrou",Azrou,garde 24h/24
6913,Pharmacie Zouhair,pharmacie,0535562447,rte de Midelt Ajellab AZROU,Azrou,
7840,Pharmacie la Mosquée,pharmacie,0535564403,Pharmacie la Mosquée AZROU,Azrou,
960,Pharmacie Al Aïn,pharmacie,0537740344,Centre Aïn Attig Aïn atiq,Aïn Atiq,
2185,Pharmacie Assaka,pharmacie,0537403084,lotiss. Promosud lot. n°1 Aïn atiq,Aïn Atiq,
7221,Pharmacie Aïn Attiq,pharmacie,0537741905,88 lotiss. Saada AIN ATIQ,Aïn Atiq,
7565,Pharmacie Najm,pharmacie,0537612885,70 résid. Manzeh AIN ATIQ,Aïn Atiq,
9813,Pharmacie Bni Rzine,pharmacie,0770726127,centre Had Beni Rezine Bab Berred - Maroc,Bab Berred,
15,Pharmacie 20 Août,pharmacie,0523483101,"2, bd du 20 Août Beni mellal",Beni Mellal,
120,Pharmacie Ait Tisslit,pharmacie,0523486772,80 lotiss. Jamila - Autre ville place Ait Tisslit Beni Mellal,Beni Mellal,
252,Pharmacie Almadhar,pharmacie,0523484830,hay Almadhar Beni Mellal,Beni Mellal,garde 24h/24
81,Pharmacie Aïn Asserdoun,pharmacie,0523487591,bd Houmane ElFetouaki Beni Mellal,Beni Mellal,
607,Pharmacie Balsam,pharmacie,0523420202,bd. Mohammed V rte de Tadla Beni Mellal,Beni Mellal,
686,Pharmacie Beni Mellal,pharmacie,0523483652,16 rue des Martyrs Beni Mellal,Beni Mellal,
700,Pharmacie Bin ElOuidane,pharmacie,0523483248,"hay AlMassira II , bloc 27 n°3 Beni Mellal",Beni Mellal,
734,Pharmacie Bouachouch,pharmacie,0523423935,bd Doubai rue 1 n°51 Beni Mellal,Beni Mellal,
767,Pharmacie Centrale,pharmacie,0523482166,Bd. Mohammed V Beni Mellal,Beni Mellal,
778,Pharmacie Chakib,pharmacie,0523486676,av. des F.a.r Beni Mellal,Beni Mellal,
870,Pharmacie Cherkaoui,pharmacie,0523429752,ouled Ayad Beni mellal,Beni Mellal,garde 24h/24
913,Pharmacie Chifa,pharmacie,0523486464,Dchira rue 1 n°12 Beni mellal,Beni Mellal,
994,Pharmacie Dar Dbagh,pharmacie,0523424041,107 bd Nouakchot rue 10 q. dar Dbagh BENI MELLAL,Beni Mellal,
1241,Pharmacie Dchira,pharmacie,0523483718,1 Bab ElKheir Beni mellal,Beni Mellal,
1565,Pharmacie El Mamoune,pharmacie,0662703580,Pharmacie El Mamoune BENI MELLAL,Beni Mellal,
1693,Pharmacie ElAmal,pharmacie,0523484914,"hay ElAmal , bloc 12 n°43 Beni Mellal",Beni Mellal,
1854,Pharmacie ElHouda,pharmacie,0523422639,Quartier ElHouda c. com. ElHouda n°20 Beni Mellal,Beni Mellal,
1887,Pharmacie ElMsalla,pharmacie,0523422709,Hay Aït Kourchi rue 1 n°54 Ouled Ayad Beni mellal,Beni Mellal,
1822,Pharmacie Elhansali,pharmacie,0523482165,9 bd Ahmed Elhansali Beni Mellal,Beni Mellal,
1975,Pharmacie Ennajat,pharmacie,0523485982,av. Laayoune n°151 bloc 15 hay El Houda Beni Mellal,Beni Mellal,
2087,Pharmacie Farabi,pharmacie,0523447439,Pharmacie Farabi BENI MELLAL,Beni Mellal,
2164,Pharmacie Foum Elanceur,pharmacie,0523420543,Pharmacie Foum Elanceur BENI MELLAL,Beni Mellal,
2205,Pharmacie Ghorm Elam,pharmacie,0523447345,Pharmacie Ghorm Elam BENI MELLAL,Beni Mellal,
2327,Pharmacie Hay Redouane,pharmacie,0523485103,lot Redouane Beni mellal,Beni Mellal,
2646,Pharmacie Laayayta,pharmacie,0523460293,Pharmacie Laayayta BENI MELLAL,Beni Mellal,
2686,Pharmacie Laghdira Hamra,pharmacie,0523420528,Ghdira Hamra Beni mellal,Beni Mellal,
2822,Pharmacie Meryem,pharmacie,0679499050,15 bd Mohammed V - Autre ville Beni Mellal,Beni Mellal,
2997,Pharmacie Nour,pharmacie,0523480200,"387, av. Hassan II Beni mellal",Beni Mellal,garde 24h/24
3076,Pharmacie Orangers,pharmacie,0523420340,"cité Limoune , villa Geoise, bloc 2 n°2 Beni Mellal",Beni Mellal,
6085,Pharmacie Ouled Yaiche,pharmacie,0523516185,Pharmacie Ouled Yaiche BENI MELLAL,Beni Mellal,
6418,Pharmacie Populaire,pharmacie,0523483870,"205, bd Laâyoune Beni Mellal",Beni Mellal,
6535,Pharmacie Quartier Administratif,pharmacie,0523429997,hay Darkoum bloc 7 n°14 Beni mellal,Beni Mellal,
6849,Pharmacie Rmila,pharmacie,0523485660,"173, bd 9 Septembre Beni mellal",Beni Mellal,
7040,Pharmacie Sabraoui,pharmacie,0523455894,Pharmacie Sabraoui BENI MELLAL,Beni Mellal,
7157,Pharmacie Sidi Abdelhalim,pharmacie,0523487202,Pharmacie Sidi Abdelhalim BENI MELLAL,Beni Mellal,
7437,Pharmacie Takadoum,pharmacie,0523486949,hay Takadoum bd. Bouzkri Ben Khalouk n°9 bloc 28 Beni mellal,Beni Mellal,
7486,Pharmacie Tamagnount,pharmacie,0523481892,"121, av Tamagnount Beni Mellal",Beni Mellal,
1272,Pharmacie de la gare,pharmacie,0523483372,"238, bd Mohammed V Beni mellal",Beni Mellal,
1537,Pharmacie du Maroc,pharmacie,0523482540,av. Taha Houcine bloc 6 n°1 q. Salem Beni mellal,Beni Mellal,
1525,Pharmacie du marché,pharmacie,0523482204,84 place du Marché Ibn Batouta Beni mellal,Beni Mellal,
1462,Pharmacie Abou ElKhayr,pharmacie,0536613232,4 rue Azrou Berkane,Berkane,
7226,Pharmacie Ain Reggada,pharmacie,0536620319,Pharmacie Ain Reggada BERKANE,Berkane,
5341,Pharmacie Andalous,pharmacie,0536613547,rue Zerhoun ang. rue Béni Znassen Berkane,Berkane,
6753,Pharmacie Bachiri,pharmacie,0536612145,337 bd. Hassan II BERKANE,Berkane,
2785,Pharmacie Bd Mohammed V,pharmacie,0536612989,87 bd Mohammed V Berkane,Berkane,
5921,Pharmacie Belfilali,pharmacie,0536230428,51 X rue Al Madina Elmounaouara BERKANE,Berkane,
6099,Pharmacie Bensalah,pharmacie,0536645589,Pharmacie Bensalah BERKANE,Berkane,
6045,Pharmacie Chifae,pharmacie,0536612477,125 rue El Wifaq hay Salam BERKANE,Berkane,
5779,Pharmacie Edderak,pharmacie,0536617576,"19, bd de la Victoire Berkane",Berkane,
5552,Pharmacie El Harti,pharmacie,0536616868,15 rue El Madina ELmounaouara hay Laayoune Berkane,Berkane,
380,Pharmacie El Kadi Ayad,pharmacie,0536614344,12 hay Masjid Berkane,Berkane,
6469,Pharmacie El Mekteb,pharmacie,0536614804,Pharmacie El Mekteb BERKANE,Berkane,
6444,Pharmacie El Mossalla,pharmacie,0536616101,6 rue Mly Idriss ang. rue El Karaouine hay Boukraa BERKANE,Berkane,
2813,Pharmacie El Widadia,pharmacie,0536231400,196 bd. Palestine hay ElAndalous Berkane,Berkane,
8187,Pharmacie ElMekteb,pharmacie,0536612855,132 rue ElMenzel Berkane,Berkane,
1165,Pharmacie Fethi,pharmacie,0536613064,2 rue Palestine Berkane,Berkane,
7032,Pharmacie Ghazouani,pharmacie,0536256482,37 bd Hassan II douar Bouayad rte d'Alkim M'Gaad Ras BERKANE,Berkane,
2089,Pharmacie Ibn Sina,pharmacie,0536612689,1 av. Ibnou Sina Berkane,Berkane,
3709,Pharmacie Khalid Ibnou El Walid,pharmacie,0536612020,hay El Moukawama rue 387 n°35 Berkane,Berkane,
3272,Pharmacie Laayoune,pharmacie,0536231807,8 X rue El Menzel Berkane,Berkane,
588,Pharmacie Laboratoire Ibn Rochd,pharmacie,0536613631,157 Rue Ibn Sina Berkane,Berkane,
6588,Pharmacie Marbouha,pharmacie,0536617039,34 X Municipalité hay Dakhla Marbouha BERKANE,Berkane,
1132,Pharmacie Marché Couvert,pharmacie,0536256268,bd Mohammed V Berkane,Berkane,
5840,Pharmacie Najwa,pharmacie,0536635939,Pharmacie Najwa BERKANE,Berkane,
2398,Pharmacie Oualloute,pharmacie,0536616463,douar Borj Oualloute Berkane,Berkane,
3591,Pharmacie Ouarch,pharmacie,0536230815,rue souk Larbaa hay El Andalous Berkane,Berkane,
8101,Pharmacie Palestine,pharmacie,0536611100,hay Palestine rte Ouartass BERKANE,Berkane,
7250,Pharmacie Pasteur,pharmacie,0536615318,4 rue Sijilmassa hay ElMoukaouama BERKANE,Berkane,
1919,Pharmacie Populaire,pharmacie,0536613638,220 bd Hassan II Berkane,Berkane,
4719,Pharmacie Principale,pharmacie,0536616859,63 rue Salaheddine Berkane,Berkane,
3273,Pharmacie Sidi Abdelmoumen,pharmacie,0536256305,bd Prince Héritier ang. rue de Fès Berkane,Berkane,
1123,Pharmacie Sidi Bouhria,pharmacie,0536637381,Pharmacie Sidi Bouhria BERKANE,Berkane,
5749,Pharmacie Tahri,pharmacie,0536613112,15 rue Ouertas hay Andalous Berkane,Berkane,
8595,Pharmacie Tiourar,pharmacie,0536230840,"Hay Tiourar , rue 605 n°12 Berkane",Berkane,
2943,Pharmacie Tzaiest,pharmacie,0536617552,"centre Tzaiest , Caidat Beni Ourinech Berkane",Berkane,
7849,Pharmacie Tzaiest,pharmacie,0536615462,Pharmacie Tzaiest BERKANE,Berkane,
5748,Pharmacie de l'Oriental,pharmacie,0536612048,"49, bd Sultan Mly M'hamed Berkane",Berkane,
6830,Pharmacie hay Elqods,pharmacie,0536612336,51 rue Aïn Soltan hay Elqods BERKANE,Berkane,
5790,Pharmacie la Mosquée,pharmacie,0536619095,bd. Med. V Berkane,Berkane,
4072,Pharmacie la Victoire,pharmacie,0536616162,7 bd. AlWifak hay Salem Berkane,Berkane,
141,Pharmacie 2000,pharmacie,0522533605,"22, bd mohammed v Berrechid",Berrechid,
932,Pharmacie Al Farabi,pharmacie,0522336214,"lot. Essafi n° 26 , lot. n° 26 rue 3 Berrechid",Berrechid,
977,Pharmacie Al Hamd,pharmacie,0522533282,"lotiss. almandar aljamil , bd mennan, n°146g Berrechid",Berrechid,
1506,Pharmacie Al Hikma,pharmacie,0522533121,"lotis. elyousr , lot.35 n°41 Berrechid",Berrechid,
1673,Pharmacie Al Houria,pharmacie,0522328328,"7, bd Al Houria , Tissir I Berrechid",Berrechid,
2492,Pharmacie Al Manzah,pharmacie,0522328287,"hay errabii , résid. el menzeh imm.a n°5 Berrechid",Berrechid,
2647,Pharmacie Al Masjid,pharmacie,0522337558,"rue yacoub almansour , imm. habous Berrechid",Berrechid,
3321,Pharmacie Al-Oum,pharmacie,0522324176,"52, bd ElHouria, Maghrib Eljadid Berrechid",Berrechid,
3119,Pharmacie AlFalah,pharmacie,0522337464,"209, bd Rachidi , Tissir II Berrechid",Berrechid,
9501,Pharmacie AlMasjid,pharmacie,0522328616,16/17 rue Yacoub Almansour imm. Habous Berrechid - Maroc,Berrechid,
3258,Pharmacie Alia,pharmacie,0522324838,"4, bd Mohammed V , imm. F cité ElWahda Berrechid",Berrechid,
3447,Pharmacie Arrazi,pharmacie,0522326839,"118 bis, bd bir anzarane BERRECHID",Berrechid,
3527,Pharmacie Attanaouia,pharmacie,0522324594,"123, bd AlMoukaouama , lot Ennour Berrechid",Berrechid,
3580,Pharmacie Berrechid,pharmacie,0522324068,"93, bd. Mohammed V , Cité ElKadiri Berrechid",Berrechid,
3592,Pharmacie Bir Anzarane,pharmacie,0522533353,"bd Bir Anzarane , cplxe Riad Benchaib, imm.3 n°21 Berrechid",Berrechid,
3628,Pharmacie Chaouia,pharmacie,0522336822,"1-2 mosquée riad, hay riad, hay zoubida, en face du centre commercial acima Berrechid",Berrechid,
3604,Pharmacie Chaouia,pharmacie,0522337229,"182, av moulay ismail Berrechid",Berrechid,
3634,Pharmacie Chifaa,pharmacie,0522337962,"17, rue Bir Anzarane Berrechid",Berrechid,
3703,Pharmacie Conservation,pharmacie,0522324571,"18, rue de la Gare , Lotiss. Laamiri Berrechid",Berrechid,
3863,Pharmacie El Iraqui,pharmacie,0522328345,"267, rue dakhla Berrechid",Berrechid,
3883,Pharmacie El Kissaria,pharmacie,0522533684,"35, ali ibn talib Berrechid",Berrechid,
3965,Pharmacie ElOualidaine,pharmacie,0522334779,Pharmacie ElOualidaine BERRECHID,Berrechid,
4008,Pharmacie Errabii,pharmacie,0522336900,"173, bd. Hiraa , lotiss. Errabii Berrechid",Berrechid,
4016,Pharmacie Ezzahra,pharmacie,0522328039,"68, bd Hassan ibnou Tabit , lot Ezzahra Berrechid",Berrechid,
4033,Pharmacie Fatima,pharmacie,0522337777,rue Okba Bnou Nafia ang. rue Médina Berrechid,Berrechid,
4197,Pharmacie Hay Elfaraj,pharmacie,0522534909,Lotiss. ElFaraj Berrechid,Berrechid,
4248,Pharmacie Ibn Rochd,pharmacie,0522327047,"30, rue Mly Idriss AlAzhar Berrechid",Berrechid,
4415,Pharmacie Isis,pharmacie,0522533171,"143, lotiss. Wafiq Berrechid",Berrechid,
4461,Pharmacie Khadraoui,pharmacie,0522328730,"642, rue Med El Haloui , Tissir II Berrechid",Berrechid,
4470,Pharmacie Koulnass,pharmacie,0522328053,"104, rue halab , lot 264 tissir i Berrechid",Berrechid,
4571,Pharmacie Le Grand Boulevard,pharmacie,0522035959,"n°345, boulevard mohammed5, lotissement nassrallah, al rabie Berrechid",Berrechid,
4616,Pharmacie Malaika,pharmacie,0522336357,"hay moulay rachid, mosquée rayan n°5 et 6 Berrechid",Berrechid,
4840,Pharmacie Najah,pharmacie,0522337404,"156, bd Mohammed V Berrechid",Berrechid,
4999,Pharmacie Nouvelle,pharmacie,0522324140,Pharmacie Nouvelle BERRECHID,Berrechid,
5068,Pharmacie Ouled Said,pharmacie,0665945559,Pharmacie Ouled Said BERRECHID,Berrechid,
5222,Pharmacie Principale,pharmacie,0522327838,"bd 2 mars , hay Al Houda, derb Tahri Berrechid",Berrechid,
5483,Pharmacie Riad Benchayeb,pharmacie,0522337310,"n°8, riad ben chaib 5 , n°152. lotissement assafaa Berrechid",Berrechid,
5538,Pharmacie Saïdi,pharmacie,0522337171,"hay Essaâda , lot. Abou Rahal n°13 Berrechid",Berrechid,
10138,Pharmacie Sedra,pharmacie,0522517025,156. lotisement adouz. pres du mosquée oum l3id Berrechid,Berrechid,
3840,Pharmacie du souk,pharmacie,0522337141,"bd. Abdellah Chefchaouni , hay Hassani Berrechid",Berrechid,
6432,Pharmacie 2 Octobre,pharmacie,0535584303,Pharmacie 2 Octobre BOULMANE,Boulmane,
6210,Pharmacie Almasjid,pharmacie,0535362030,Pharmacie Almasjid BOULMANE,Boulmane,
6842,Pharmacie Ayyar,pharmacie,0535580909,Pharmacie Ayyar BOULMANE,Boulmane,
6094,Pharmacie Cedre,pharmacie,0535584083,Pharmacie Cedre BOULMANE,Boulmane,
6202,Pharmacie Tindit,pharmacie,0535592948,Pharmacie Tindit BOULMANE,Boulmane,
6768,Pharmacie Bougafer,pharmacie,0524830078,Pharmacie Bougafer BOUMALNE DU DADES,Boumalne Du Dades,
6019,Pharmacie Dades,pharmacie,0524830265,Pharmacie Dades BOUMALNE DU DADES,Boumalne Du Dades,
6342,Pharmacie Narjiss,pharmacie,0535597029,Pharmacie Narjiss BOUMIA,Boumia,
9452,Pharmacie & Parapharmacie MARIA,pharmacie,0522334523,"Km 13.5, centre, P3011, Bouskoura",Bouskoura,09H A 21H
820,Pharmacie Achorafaa,pharmacie,0522320557,Pharmacie Achorafaa BOUSKOURA,Bouskoura,
9144,Pharmacie Al Hamd,pharmacie,0522590064,2 z.i. Oulad Saleh Bouskoura - Maroc,Bouskoura,
1311,Pharmacie Al Miftah,pharmacie,0522320124,Pharmacie Al Miftah BOUSKOURA,Bouskoura,
9574,Pharmacie Andalous Bouskoura,pharmacie,0522320964,"Diar andalous 3, Gh7 immeuble 4. En face de l'hôpital de proximité de Nouaceur, ruelle de carrefour market Bouskoura puis deuxième à gauche.",Bouskoura,
9465,Pharmacie Andalous Prestige,pharmacie,0659287127,"Lot Andalous prestige GH5 imm 8 magasin 44 bouskoura Bouskoura, Casablanca 27182",Bouskoura,09H A 00H
1638,Pharmacie Annassira,pharmacie,0522320301,K160 douar AlFokra km16 BOUSKOURA,Bouskoura,
9456,Pharmacie Boujaadia,pharmacie,0520046182,"F928+X38, lahouami bahila, Bouskoura",Bouskoura,09H A 21H
9468,Pharmacie Bouskoura Mall Les Myriades,pharmacie,0661894002,"A3, Pharmacie Les Myriades , Local CM1 , Pharmacie de Garde Bouskoura Casablanca, Bouskoura 27182",Bouskoura,09H A 21H
9178,Pharmacie Chaimae,pharmacie,0522320192,douar Rmal Lahlal Bouskoura - Maroc,Bouskoura,
2366,Pharmacie Chokr,pharmacie,0522590381,K140 douar Ouled Malek km 14 BOUSKOURA,Bouskoura,
9455,Pharmacie Dyar Al Andalous,pharmacie,0522334981,,Bouskoura,garde 24h/24
9351,Pharmacie Eden Bouskoura,pharmacie,0522320103,Ouled Ben Amer Bouskoura - Maroc,Bouskoura,
9453,Pharmacie El Masjid,pharmacie,0672777524,,Bouskoura,09H A 21H
6036,Pharmacie ElMasjid,pharmacie,0522590401,20180 Centre Bouskoura,Bouskoura,
9450,Pharmacie Elomari ABC,pharmacie,0522590039,"km114.bouskoura, Casablanca 20000",Bouskoura,09H A 21H
6250,Pharmacie Enassiha,pharmacie,0522970157,bd Mohammed VI hay Mkanssa I bloc c rue 10 n° 23 Bouskoura,Bouskoura,
9462,Pharmacie Fouadi,pharmacie,0522590096,,Bouskoura,garde 24h/24
6346,Pharmacie Hanifa,pharmacie,0668962997,Pharmacie Hanifa BOUSKOURA,Bouskoura,
6361,Pharmacie Ibn Rochd,pharmacie,0522334267,hay ElJamaâ n°2 BOUSKOURA,Bouskoura,
6678,Pharmacie Kenz Bouskoura,pharmacie,0522782021,lotiss. Izdihar bloc 1 Bouskoura,Bouskoura,
6765,Pharmacie Laamamra,pharmacie,0522334415,douar Laamamra mosquée Al Kawtar Oulad Saleh Bouskoura,Bouskoura,
6776,Pharmacie Lahfaya,pharmacie,0522970380,K100 rte Mediouna km 10 Mekanssa 1 Bouskoura,Bouskoura,
9463,Pharmacie Mansouria,pharmacie,0808627768,"N°46, Rés Bassatine Bouskoura, GH6a-25 imm 2, Bouskoura",Bouskoura,09H A 21H
6895,Pharmacie Maria,pharmacie,0522334661,Bouskoura centre,Bouskoura,
9129,Pharmacie Parc Ib,pharmacie,0522592359,Parc Industriel Cfcim lot. n° 95 n°1 Bouskoura - Maroc,Bouskoura,
9165,Pharmacie Pharmaparc,pharmacie,0522320959,Park Industriel de Ouled Saleh Bouskoura - Maroc,Bouskoura,
9464,Pharmacie Principale,pharmacie,0520120752,"Diar Andalous 3, GH9, Immeuble 6, Magasin 20, Bouskoura",Bouskoura,09H A 21H
7378,Pharmacie Rachidi,pharmacie,0522320630,6 lotiss. Dalia centre Bouskoura,Bouskoura,
7467,Pharmacie Rmal Lahlal,pharmacie,0522590010,Route 1077 Douar Rmal Lahlal BOUSKOURA,Bouskoura,
9467,Pharmacie Ryad,pharmacie,0707724288,"4, immeuble 9, Rés. Jazirat bouskoura. Bouskoura Grand, Casablanca",Bouskoura,09H A 21H
9448,Pharmacie Sidi Massôud,pharmacie,0522973981,,Bouskoura,garde 24h/24
8546,Pharmacie Tlet Bouskoura,pharmacie,0522334405,r.s 109 centre Bouskoura P.k 17 400,Bouskoura,09H A 21H
9454,Pharmacie Zemmama,pharmacie,0690125806,,Bouskoura,garde 24h/24
9466,Pharmacie de Gluta,pharmacie,0676962998,,Bouskoura,09H A 21H
9445,Pharmacie la plaza,pharmacie,0666747462,"28 lot arbora la plaza de bouskoura Viller verte Bouskoura, Casablanca 27182",Bouskoura,09H A 21H
9446,Pharmacie les Joyaux de Bouskoura,pharmacie,0520616171,"Résidence les joyaux de Bouskoura Imm C magasin, Bouskoura",Bouskoura,09H A 21H
8916,Annucci Maroc,autre_point_de_vente,0522208380,12 rue Boulmane -ex Duquesne Quartier bourgogne Casablanca - Maroc,Casablanca,
8933,Citymall,autre_point_de_vente,0522242489,bd Emile Zola résid. Palace Emile Zola Belvedere Casablanca - Maroc,Casablanca,
8813,Comanet,autre_point_de_vente,0676460131,22 rue Ibn Habib Maarif Casablanca - Maroc,Casablanca,
8816,Coté Zen,autre_point_de_vente,0522527457,hay Moulay Abdallah rue 20 n°62 Hay moulay abdellah Casablanca - Maroc,Casablanca,
8829,D Pm Pharma,autre_point_de_vente,0522780930,71 X lotiss. El Fath 2 Casablanca - Maroc,Casablanca,
8887,Deva Pharmaceutique,autre_point_de_vente,0522331432,445 A bd Abdelmoumen résid. Riad 1°ét. n°5 Hay hermitage Casablanca - Maroc,Casablanca,
8869,Distrisis,autre_point_de_vente,0522542361,19 avenue Haj Amar Riffi 1°ét. Casablanca - Maroc,Casablanca,
8874,Etape Beauté,autre_point_de_vente,0546217950,99 X bd d' Alsace (Mers Sultan) Casablanca - Maroc,Casablanca,
8852,Exovert Vital,autre_point_de_vente,0522938999,453 lotiss. Haj Fateh mag. n°4 Casablanca - Maroc,Casablanca,
8850,Feetoibelle,autre_point_de_vente,0522251620,43 rue Ahmed Kadmiri -ex Albert Samain mag n°5 Quartier val fleuri Casablanca - Maroc,Casablanca,
8859,Fite Para,autre_point_de_vente,0522473384,17 rue Abbas Mahmoud El Akkad -ex Favre Résid. Alcazar Oasis Oasis Casablanca - Maroc,Casablanca,
8896,Fya Medic,autre_point_de_vente,0522259354,45 rue Georges Sand imm. E Val fleuri Casablanca - Maroc,Casablanca,
8925,Genie Para,autre_point_de_vente,0522215010,lotiss. Mandarona rue 17 n°92 Casablanca - Maroc,Casablanca,
8901,Ghandi Med,autre_point_de_vente,0522994300,rue Abdessalam Amer ex José Maria de Hérédia villa Selsabile France ville Casablanca - Maroc,Casablanca,
8893,Ghandi Para,autre_point_de_vente,0522951137,108 bd Ghandi résid. Ghandi Maarif Casablanca - Maroc,Casablanca,
8871,Global Ops,autre_point_de_vente,0808550218,avenue Mehdi Ben Berka -ex Cimetière - Casablanca angle rue Abdellah Haddaoui Quartier bourgogne Casablanca - Maroc,Casablanca,
8928,Hemodia,autre_point_de_vente,0522219504,lotiss. Mandarona rue 14 n°203 Casablanca - Maroc,Casablanca,
8907,Innovation Santé,autre_point_de_vente,0540104402,332 avenue Oued Daoura Haj Fateh Casablanca - Maroc,Casablanca,
8927,Iphabiotics,autre_point_de_vente,0522253607,6 rue Ibn Khalikane Palmier Casablanca - Maroc,Casablanca,
8851,Jannate Care,autre_point_de_vente,0666148380,2 rue Essanaoubar -ex Saint Dié - Casablanca 4°ét. appt. 12 c/o Fidutraco Consulting Quartier mers sultan 1 Casablanca - Maroc,Casablanca,
8879,Jina Care,autre_point_de_vente,0522555554,hay Jamila V (cité Djemaa) rue 135 n°11 Sbata Casablanca - Maroc,Casablanca,
8821,Kalilia,autre_point_de_vente,0602807083,51 lotiss. Zhira Casablanca - Maroc,Casablanca,
8897,Laboratoire Tradiphar Maroc( Tradiphar Lab ),laboratoire,0522507177,cité Aïn Chok lotiss. Siham rue 6 n°24 Californie Ain chok Casablanca - Maroc,Casablanca,
8888,Laboratoires Technipharm,laboratoire,0522599876,1075 bd Mohammed VI Resid. Fath Zhar Mag N°84 Casablanca - Maroc,Casablanca,
8843,Mabrouka Négoce Et Distribution,autre_point_de_vente,0522550691,lotiss. Ennour lot 85 2A mag.3 Hay sidi othmane Casablanca - Maroc,Casablanca,
8868,Mahasbeautyshop,autre_point_de_vente,0612925027,39 rue Omar Slaoui 3°ét. n°7 Casablanca - Maroc,Casablanca,
8908,Maryland,autre_point_de_vente,0522540701,141 avenue Lalla Yacout Derb omar Casablanca - Maroc,Casablanca,
8814,Mediclair,autre_point_de_vente,0522259846,1 rue Imam El Boukhari ang. Ibrahim Anakhai Maarif Casablanca - Maroc,Casablanca,
8822,Medisto Maroc,autre_point_de_vente,0600474255,hay El Qods lotiss. El Bahia n°38 Sidi bernoussi Casablanca - Maroc,Casablanca,
8848,Nutrisvelt Maroc,autre_point_de_vente,0522915245,193 bd Oued Oum Errabia 3°ét. n°9 Casablanca - Maroc,Casablanca,
8894,Para Ain Sebaa,autre_point_de_vente,0522351212,3 Bis bd Chefchaouni Beaussite Casablanca - Maroc,Casablanca,
5592,Pharmacie 2M,pharmacie,0522343155,"128, allée des Orangers Casablanca",Casablanca,
2978,Pharmacie Abdelmoumen,pharmacie,0522255897,116 bd Abdelmoumen Derb Ghalef Casablanca,Casablanca,
4989,Pharmacie Abdessalam,pharmacie,0522212736,"Hay Chrifa, rue 3 n°30 bis Casablanca",Casablanca,
7712,Pharmacie Abdou,pharmacie,0522385714,Pharmacie Abdou CASABLANCA,Casablanca,
643,Pharmacie Achcharaf,pharmacie,0522216409,bd El Qods Coopérative Acharaf n°DM2 Inara Casablanca,Casablanca,
4302,Pharmacie Achir,pharmacie,0522528253,lot. Mandarona rue 14 n°101 Aïn Chok Aïn Chok Casablanca,Casablanca,
2351,Pharmacie Achraf,pharmacie,0522989763,bd Anoual -ex Felix Faure résid. Annajd imm.20 Derb Ghalef Casablanca,Casablanca,
1030,Pharmacie Acima Inara,pharmacie,0522874912,avenue du Deux Mars c.com Acima Inara mag. B6 Aïn Chok Casablanca,Casablanca,
3821,Pharmacie Adam,pharmacie,0522340312,"lotiss. Basbassa (Ain Sebaâ), rue 3 n°72 Ain Sebâa Casablanca",Casablanca,
5212,Pharmacie Addiar,pharmacie,0522507519,"Hay Inara I, rue Addiar Al Jadida n°16 Casablanca",Casablanca,
465,Pharmacie Addoha,pharmacie,0522259669,avenue Stendahl Val Fleuri Casablanca,Casablanca,
3769,Pharmacie Ahl Albadr,pharmacie,0522341339,"83, lotiss. Al Badr, GH 09, n° 8 Casablanca",Casablanca,
716,Pharmacie Ahmida,pharmacie,0522335587,rte 1100 cplxe com. Sidi Maarouf Oulad Haddou Sidi Maarouf Casablanca,Casablanca,
4593,Pharmacie Ait Lbacha,pharmacie,0522321210,"rte 109 , Km 10 Ouled Hadou, Sidi Maarouf Casablanca",Casablanca,
1807,Pharmacie Al Basmala,pharmacie,0522356651,bd Chefchaouni résid. Atlantique Aïn Sebaâ Casablanca,Casablanca,
2106,Pharmacie Al Ichraf,pharmacie,0522584771,9 lotiss. Al Ichraf Sidi Maarouf Casablanca,Casablanca,
4519,Pharmacie Al Madina,pharmacie,0522352774,27 lotiss. Al Badr G3B n°4 Aïn Sébaâ El Gantour Casablanca,Casablanca,
5072,Pharmacie AlAndaloussia,pharmacie,0522980693,"126, rue Dom Pérignon Casablanca",Casablanca,
2640,Pharmacie AlAntaria,pharmacie,0520308541,hay Antaria III rue 8 n°46 Hay Mohammadi Casablanca,Casablanca,
4895,Pharmacie AlHadika,pharmacie,0522666551,résid. Alhadika (rte de Rabat) imm.2 n° B28 El Gantour Casablanca,Casablanca,
7285,Pharmacie AlImam Ali,pharmacie,0522343628,Pharmacie AlImam Ali CASABLANCA,Casablanca,
5629,Pharmacie AlImam Malek,pharmacie,0522213313,derb Lakrimate I rue 28 n°64 Aïn Chok Casablanca,Casablanca,
5787,Pharmacie AlKindi,pharmacie,0522507257,"48, qu. les Crêtes, rue 1 lotiss. Hafdia Casablanca",Casablanca,
6519,Pharmacie AlMaârouf,pharmacie,0522650837,Pharmacie AlMaârouf CASABLANCA,Casablanca,
3276,Pharmacie AlMiza,pharmacie,0522931929,quartier Lissasfa I (route d'El Jadida) lotiss. Alkhalil imm. A3 Casablanca,Casablanca,
4975,Pharmacie AlMotahida,pharmacie,0522895606,"hay El Oulfa, lot. Sidi Abderrhman rue 36 n°31 Casablanca",Casablanca,
1884,Pharmacie AlMouwaten,pharmacie,0522909734,192 hay Nassim (Lissasfa) Oulfa Casablanca,Casablanca,
4061,Pharmacie AlOukhoua,pharmacie,0522321240,"88 lotiss. Rakia Ct rte 1100 lot ""G"" Sidi Maarouf Casablanca",Casablanca,
5120,Pharmacie AlQods,pharmacie,0522630540,"158, bd de la Grande Ceinture (h.Mohammadi) Casablanca",Casablanca,
4662,Pharmacie Alabe,pharmacie,0522974065,"48, lotiss. Salama , rte de Makro Sidi Maârouf Casablanca",Casablanca,
4628,Pharmacie Ali,pharmacie,0522973928,"rte 1029 , Km 4,6 Ouled Haddou Sidi Maârouf Casablanca",Casablanca,
4269,Pharmacie Aloum,pharmacie,0522252929,bd Anoual -ex Felix Faure Casablanca,Casablanca,
1615,Pharmacie Amine,pharmacie,0522972585,65 lotiss. Amine rte de Bouskoura Sidi Maârouf Sidi Maarouf Casablanca,Casablanca,
4155,Pharmacie Annasr,pharmacie,0522932813,"hay El Oulfa, Assalam II, Imm 3, Gh4 Casablanca",Casablanca,
3485,Pharmacie Arraefa,pharmacie,0522352740,66 X allée des Casuarinas Casablanca,Casablanca,
5686,Pharmacie Arrimal Addahabia,pharmacie,0522340074,41 allée des Mûriers (Aïn Sebâa) El Gantour Casablanca,Casablanca,
5007,Pharmacie Askia,pharmacie,0522259320,"4, cité Plateau, résid. Andaloussia E 74 Casablanca",Casablanca,
802,Pharmacie Assia,pharmacie,0522854271,hay Amal II (Ben M'Sik) rue 42 n°76 Hay El Farah Casablanca,Casablanca,
5542,Pharmacie Assim,pharmacie,0522358626,quartier Beausite 57 lot. Essalam Aïn Sebaâ Casablanca,Casablanca,
4299,Pharmacie Athina,pharmacie,0522737473,"cité Chabab, grp. C 2 n°7 Ain Sebaa Casablanca",Casablanca,garde 24h/24
4502,Pharmacie Attakwa,pharmacie,0522561935,"derb Friha (cité Djemaa), rue n°20 Casablanca",Casablanca,
7430,Pharmacie Attawfiq,pharmacie,0527294084,Pharmacie Attawfiq CASABLANCA,Casablanca,
5794,Pharmacie Attenmia,pharmacie,0522584777,résid. Soufiane imm. B2 Sidi Maârouf Sidi Maarouf Casablanca,Casablanca,
4884,Pharmacie Attissir,pharmacie,0522259363,"lot. Famille Française rue 93 n°57 Derb Ghalef Casablanca (en face joutia derb ghalef, prolongement bd bir anzarane vers bd abdelmoumen)",Casablanca,
1018,Pharmacie Avenue Naciri,pharmacie,0522692042,253 bd Mohamed Taieb Naciri Oulfa Casablanca,Casablanca,
4055,Pharmacie Aymane,pharmacie,0522996921,"3 Bis, rue Henri Murget, résid. Talbi III Casablanca",Casablanca,
192,Pharmacie Azrour,pharmacie,0522811636,792 bd El Fida Prolongé Hay El Farah Casablanca,Casablanca,
1179,Pharmacie Bab Lahraouine,pharmacie,0522372192,"1003, avenue du cdt driss lharti - ex a, lot. n°7, hay ssalam3 Casablanca",Casablanca,
301,Pharmacie Bab Lamsalla,pharmacie,0522872999,hay Moulay Abdallah (Ain Chok) rue 15 n°7 Aïn Chok Casablanca,Casablanca,
3564,Pharmacie Bargach,pharmacie,0522740621,hay Tarik rue 6 n°21 Casablanca,Casablanca,
315,Pharmacie Bd Al Qods,pharmacie,0522523939,bd El Qods lotiss. Logemo imm. 54 n°2 Inara I Aïn Chok Casablanca,Casablanca,
1894,Pharmacie Bella Medina,pharmacie,0522525808,98 bd Tétouan Californie (près de casa Neour shore) Casablanca,Casablanca,
7304,Pharmacie Ben Omar,pharmacie,0522709559,Pharmacie Ben Omar CASABLANCA,Casablanca,
5113,Pharmacie Benali,pharmacie,0522754050,"hay Mansour extension rue 2 bloc 70, n°152 Casablanca",Casablanca,
5478,Pharmacie Benghazi,pharmacie,0522522762,"quartier Californie, lotiss. Tanay rue 8 n°2 Casablanca",Casablanca,
5520,Pharmacie Bensaid,pharmacie,0522741463,hay Amal III (Sidi Bernoussi) rue 13 n°34 Casablanca,Casablanca,
4235,Pharmacie Bilal,pharmacie,0522806497,hay El Farah rue 61 n°160 bis Hay El Farah Casablanca,Casablanca,
7389,Pharmacie Bio Bio Products,pharmacie,0522353636,Bio Bio Products CASABLANCA,Casablanca,
5633,Pharmacie Borj ElBernoussi,pharmacie,0522740685,612 avenue Souhaib Erroumi exH (s.Bernoussi Mansour III Sidi Bernoussi Casablanca,Casablanca,
1152,Pharmacie Bouzoubaâ,pharmacie,0522984414,285 bd Ghandi Al Batha Casablanca,Casablanca,
2050,Pharmacie Californie,pharmacie,0522521999,435 boulevard Panoramique Aïn Chok Casablanca,Casablanca,
651,Pharmacie Camya,pharmacie,0522580842,Lotiss. Lina lot 316 rue 13 n°1 Sidi Maarouf Casablanca,Casablanca,
617,Pharmacie Chabab,pharmacie,0522755916,hay Chabab n°38 imm. 4A Aïn Sébaa Aïn Sebaâ CASABLANCA,Casablanca,
5799,Pharmacie Charles Nicolle,pharmacie,0522475644,"19, place Louis Pasteur -ex Charles Nicolle quartier des hôpitaux Casablanca",Casablanca,
7680,Pharmacie Chefchaouni,pharmacie,0522357879,Pharmacie Chefchaouni CASABLANCA,Casablanca,
4872,Pharmacie Chrifa,pharmacie,0522523516,Hay Chrifa rue 15 n°2 Casablanca,Casablanca,
4391,Pharmacie Cité Addaman,pharmacie,0522213499,avenue de Dakhla -ex H (Inara) résid. addaman GH 9B n° 4 Aïn Chok Casablanca,Casablanca,garde 24h/24
4420,Pharmacie Cité Plateau,pharmacie,0522250571,"24 Bis, avenue Stendhal Casablanca",Casablanca,
4686,Pharmacie Daha,pharmacie,0522355290,cité Sidi Bernoussi lotiss. Daha rue 7 n°48 bis Casablanca,Casablanca,
4970,Pharmacie Dakhla,pharmacie,0522501082,"91, bd Dakhla -ex H, Inara I Casablanca",Casablanca,
415,Pharmacie Danton,pharmacie,0522250978,"47, bd bir anzarane Casablanca",Casablanca,
4735,Pharmacie Daoussi,pharmacie,0522583094,38 lotiss. Al Othmania rte 1100 Sidi Maârouf Sidi Maarouf Casablanca,Casablanca,
5277,Pharmacie Dar Assalam,pharmacie,0522932231,"hay El Oulfa, opération Assalam n°32 Casablanca",Casablanca,
2768,Pharmacie De La Gare Ain Sebaa,pharmacie,0522737908,route de Rabat (r.p. 1) Daris Km 9 Aïn Sebaâ Casablanca,Casablanca,
1206,Pharmacie Des Dalias,pharmacie,0522527560,492 X boulevard Panoramique Aïn Chok Casablanca,Casablanca,
451,Pharmacie Diwane,pharmacie,0522661480,8 X allée des Lilas (Aïn Sebâa) hay castor Aïn Sebaâ CASABLANCA,Casablanca,
6833,Pharmacie Dounia Erraha,pharmacie,0522915134,Pharmacie Dounia Erraha CASABLANCA,Casablanca,
4184,Pharmacie El Boussairi,pharmacie,0522758099,cité Sidi Bernoussi bloc 33 n°18 bis Casablanca,Casablanca,
5219,Pharmacie El Hachemi,pharmacie,0522996439,"bd Anoual -ex Felix Faure, résid. Andaloussia imm.34 n°1 Casablanca",Casablanca,
1802,Pharmacie El Hilal,pharmacie,0522984987,19 rue François Ponsard Val Fleuri Casablanca,Casablanca,
3739,Pharmacie El Karti,pharmacie,0522583811,lotiss. Al Moustakbal Gh 27 imm. 238 A n°1 Sidi Maârouf Casablanca,Casablanca,
2313,Pharmacie El Mokhtar,pharmacie,0522664949,19 bd de la Grande Ceinture (A.Sebaa) Aïn Sebaâ Casablanca,Casablanca,
4216,Pharmacie ElBachir,pharmacie,0522344127,62 X bd Haj Ahmed Mekouar -ex C.Caillat El Gantour Casablanca,Casablanca,
4549,Pharmacie ElFaiz,pharmacie,0522355939,avenue Khalid Bnou Loualid lotiss. Halioua mag.n°5 Casablanca,Casablanca,
5221,Pharmacie ElHaddaoui,pharmacie,0522335774,"104, lotiss. Dandoune , Ouled Haddou Sidi Maârouf Casablanca",Casablanca,
4118,Pharmacie ElMaaroufi,pharmacie,0522356596,"lot Espérance II (Ain Sebaâ), rue 1 n°3 Casablanca",Casablanca,
5281,Pharmacie ElManal,pharmacie,0522932829,"320, bd Oued Oum Errabia Casablanca",Casablanca,
5209,Pharmacie ElOuazzani,pharmacie,0522975308,"75, lotiss. Al Moustakbal, Sidi Maârouf Casablanca",Casablanca,
9550,Pharmacie Eloulfa,pharmacie,0522913292,"54, AVENUE OUED TENSIFT - EL OULFA",Casablanca,
2390,Pharmacie Ennour,pharmacie,0522731525,219 bd Abou Dar Ghafari-ex E Bernousi lot. Tarik Sidi Bernoussi Casablanca,Casablanca,
1074,Pharmacie Errayane,pharmacie,0522973214,1 lotiss. Ennour Sidi Maârouf Sidi Maarouf Casablanca,Casablanca,garde 24h/24
3759,Pharmacie Espoir Santé,pharmacie,0522673600,28 X avenue de Tizi Ousli Aïn Sebaâ Casablanca,Casablanca,garde 24h/24
2121,Pharmacie Faculté Ain Chock,pharmacie,0522524576,avenue du Deux Mars hay Hind rue 2 n°27 Aïn Chok Casablanca,Casablanca,
8265,Pharmacie Fadle Allah,pharmacie,0522672534,Pharmacie Fadle Allah CASABLANCA,Casablanca,
2103,Pharmacie Fathallah,pharmacie,0522341979,Pharmacie Fathallah CASABLANCA,Casablanca,
2329,Pharmacie Fatihat Elkheir,pharmacie,0522733256,411 avenue Souhaib Erroumi exH (s.Bernoussi lot.El Mansour Sidi Bernoussi Casablanca,Casablanca,
4642,Pharmacie Fatma,pharmacie,0522931029,"hay El Oulfa, rue 191 n°48. bd Oued Sebou Casablanca",Casablanca,
3836,Pharmacie Feddan Elkheir,pharmacie,0522735260,K130 route de Rabat (r.p. 1) n°1 km 13 GH. Feddan Elkheir Sidi Bernoussi Casablanca,Casablanca,
5230,Pharmacie Fleming,pharmacie,0522522989,275 route de la Mecque (Californie) Casablanca,Casablanca,
5263,Pharmacie Fourkane,pharmacie,0522352928,lot El Oulja II (Ain Sebaa) bd C n°209 Aïn Sebaâ Casablanca,Casablanca,garde 24h/24
9667,Pharmacie Garden California,pharmacie,0522787544,lotiss. La Colline résid. California Garden Quartier sidi maarouf Arr. Aïn Chok Sidi Maarouf Casablanca,Casablanca,09H A 21H
5106,Pharmacie Gare Routière Ouled Ziane,pharmacie,0522820755,route Oulad Ziane Gare routière Ouled Ziane Hay El Farah Casablanca,Casablanca,09H A 00H
1938,Pharmacie Ghallef,pharmacie,0522252851,"121, rue Jabir Ansari - ex Corot Casablanca",Casablanca,
3338,Pharmacie Ghofrane,pharmacie,0522732631,hay El Qods (Sidi Bernoussi) bloc c rue 2 n°116 Sidi Bernoussi Casablanca,Casablanca,
4680,Pharmacie Ghouziel,pharmacie,0522674667,"253, allée des Mimosas (Aïn Sebâa) Casablanca",Casablanca,
2163,Pharmacie Grande Pharmacie Sidi Bernoussi,pharmacie,0522731637,bd Mohamed B. Ahmed El Abdi -ex B. cité Bernoussi Sidi Bernoussi Casablanca,Casablanca,
9866,Pharmacie Géranium,pharmacie,0526171706,"Park Condomnium, résidence The Anfa, Bd des Clubs, Casablanca",Casablanca,
3062,Pharmacie Halabi,pharmacie,0522737763,248 bd Elmoutanna Benharita ex D hay Amal 1 Sidi Bernoussi Casablanca,Casablanca,
3873,Pharmacie Haquimi,pharmacie,0522213681,"Hay Inara I, lotiss. Scime, rue 12 n°130 Casablanca",Casablanca,
5437,Pharmacie Hay Bouchra,pharmacie,0522581949,44 lotiss. Bouchra Sidi Maârouf Casablanca,Casablanca,
4646,Pharmacie Hay ElHassani,pharmacie,0522903522,hay Missimi (hay Hassani) rue 2 n°50 Oulfa Casablanca,Casablanca,
3373,Pharmacie Hay ElMatar,pharmacie,0522932026,"1, bd Oued Oum Errabia Casablanca",Casablanca,
5454,Pharmacie Hay ElWiam,pharmacie,0522911731,hay El Oulfa bd. H n°252 Casablanca,Casablanca,
1426,Pharmacie Hayfa,pharmacie,0522521922,122 rue Addiar Eljadida rue 25 Casablanca,Casablanca,09H A 00H
4998,Pharmacie Hind,pharmacie,0522914457,"516 Bis, hay Hassani, bloc 11 lot. municipale Casablanca",Casablanca,
4320,Pharmacie Hsibou,pharmacie,0522672420,"2 Bis, allée des Pritchardias Casablanca",Casablanca,
3930,Pharmacie Hôpital Cheikh Khalifa,pharmacie,0522931773,"hay El Oulfa, Opération Al Firdaous Gh 26, imm. 249 n°1 Casablanca",Casablanca,
1473,Pharmacie Ibn Baytar,pharmacie,0522733248,bloc Farid (Sidi Bernoussi) av Abess El Ghadaoui n°4 Sidi Bernoussi Casablanca,Casablanca,
4540,Pharmacie Ibn Taimia,pharmacie,0522335225,119 lotiss. AlAdarissa Sidi Maarouf Casablanca,Casablanca,
827,Pharmacie Ibn Zaidoune,pharmacie,0700884447,hay El Oulfa Chhoubat Rte Mly Thami n°343 Oulfa Casablanca,Casablanca,
3374,Pharmacie Ibtissama,pharmacie,0522730798,"hay Mansour III, bloc 67 n°43 Casablanca",Casablanca,
9378,Pharmacie Idoudre,pharmacie,0808631820,292 av des Facultés lotiss. Al Laimoune mag.5 Oulfa Casablanca - Maroc,Casablanca,
8054,Pharmacie Innovation Sante,pharmacie,0522232251,Innovation Sante CASABLANCA,Casablanca,
4728,Pharmacie Itqane,pharmacie,0522508678,lot. Zakaria rue 10 n°50 Casablanca,Casablanca,
3018,Pharmacie Jamai,pharmacie,0522933025,ENSEMBLE IMMOBILIER AL FIRDAOUS GH15 - IMMEUBLE A 80 N° 1 - EL OULFA,Casablanca,
9568,Pharmacie Jamal,pharmacie,0522784742,94 lotiss. Abdelhafid mag. 5 Hay sidi maarouf 1 Casablanca - Maroc,Casablanca,
5742,Pharmacie Jamea AlAdarissa,pharmacie,0522580932,"lotiss. Loubna , mag. n°B1 Sidi Maarouf Casablanca",Casablanca,
5422,Pharmacie Jnane Californie,pharmacie,0522871112,"quartier Californie, piste Tadart n°10 résid. Jnane Californie Casablanca",Casablanca,09H A 00H
5518,Pharmacie Kabli,pharmacie,0522973293,126 lotiss. Faraj Sidi Maârouf Sidi Maarouf Casablanca,Casablanca,
3953,Pharmacie Kounouz,pharmacie,0522674703,bd Chefchaouni km. 9 5 n°42 / G i Casablanca,Casablanca,
3990,Pharmacie Laimoune,pharmacie,0522909494,466 lotiss. Laimoune c. com. Laimoun Lissasfa Casablanca,Casablanca,
5469,Pharmacie Lausanne,pharmacie,0522905366,207 lotiss. Laimoune Oulfa Casablanca,Casablanca,
10199,Pharmacie Lavande,pharmacie,0520064911,N5. Près de Masquée Izdihar. Boulevard al Bina 20250 Casablanca,Casablanca,
4148,Pharmacie Laya,pharmacie,0522254439,"9, rue El Abtal Casablanca",Casablanca,
782,Pharmacie Laâfou,pharmacie,0522813583,derb Laafou rue 34 n°43/45 Derb El Kabir Casablanca,Casablanca,
2542,Pharmacie Lekbira,pharmacie,0522343740,13 allée des Mimosas (Aïn Sebâa) Aïn Sebaâ Casablanca,Casablanca,
6816,Pharmacie Louz,pharmacie,0522210827,Pharmacie Louz CASABLANCA,Casablanca,
5225,Pharmacie Lumières,pharmacie,0522524029,550 bd El Qods (Inara) Aïn Chok Casablanca,Casablanca,
2447,Pharmacie Maghreb Arabe,pharmacie,0522731548,bloc 8 n°19 Sidi Bernoussi (Terminus bus 33 - Derb maaguiz) Casablanca,Casablanca,
4398,Pharmacie Majorelle,pharmacie,0522508142,quartier Oulad Taleb Cooperative Sofaca n°14 Casablanca,Casablanca,
5192,Pharmacie Mandarona,pharmacie,0522335699,rte de Bouskoura (c.t.1029) résid. Ennakhil Sidi Maarouf Casablanca,Casablanca,
2901,Pharmacie Massira Hassania,pharmacie,0522895777,lotiss. Al Massira Al Hassania lot 55 rue 6 Oulfa Casablanca,Casablanca,
4959,Pharmacie Mazola,pharmacie,0522933689,"hay Saada - ex Mazola (q. Aviation), n°51 rue 4 Casablanca",Casablanca,
3412,Pharmacie Mechmach,pharmacie,0522973912,18 lotiss. Anna Ouled Haddou Sidi Maârouf Casablanca,Casablanca,
1853,Pharmacie Mehdi,pharmacie,0522258289,2 rue Georges Sand Val Fleuri Casablanca,Casablanca,
5372,Pharmacie Mesk Ellil,pharmacie,0522871572,lotiss. Mouna rue 4 n°44 Aïn chok Aïn Chok Casablanca,Casablanca,
4087,Pharmacie Missimi,pharmacie,0522900529,hay Missimi (hay Hassani) rue12 ang. rue 24 n°1 Casablanca,Casablanca,
304,Pharmacie Moncef,pharmacie,0522353480,76 bd Chefchaouni Aïn Sebaâ Casablanca,Casablanca,
5489,Pharmacie Morjana,pharmacie,0522321931,"15, lotiss. Communal , Sidi Maârouf Casablanca",Casablanca,
3465,Pharmacie Morsad,pharmacie,0522321929,"93, lotiss. Bouchra , rte 1100 Sidi Maârouf Ouled Haddou Casablanca",Casablanca,
4064,Pharmacie Moubaraka,pharmacie,0522767641,cité Sidi Bernoussi 6 bloc 1 hay Moubaraka Sidi Bernoussi Casablanca,Casablanca,garde 24h/24
4242,Pharmacie Moukrim,pharmacie,0522213975,"lotiss. Mandarona, rue 30 n°60, Hay Inara I (Aïn Chok) Casablanca",Casablanca,
5276,Pharmacie Moulay Slimane,pharmacie,0522343402,118 bd Moulay Slimane Aïn Sebaâ Casablanca,Casablanca,09H A 00H
2520,Pharmacie Nadir,pharmacie,0522250943,3 bd Al Abtal Q. Guynmer hay Arraha Casablanca,Casablanca,
1258,Pharmacie Najd,pharmacie,0522256064,1 X rue Ibn Chahid - ex Rigaud Palmiers Casablanca,Casablanca,
2144,Pharmacie Nasri,pharmacie,0522932874,hay Hassani bloc 2 n°75 bis cité Commune Urbaine Oulfa Casablanca,Casablanca,
4255,Pharmacie Nigelle,pharmacie,0522871770,"quartier Oulad Taleb, rue 18 n°36 Casablanca",Casablanca,
1609,Pharmacie Noufissa,pharmacie,0522581497,2 c.com. Soufiane Sidi Maârouf Casablanca,Casablanca,
2263,Pharmacie Nour Al Mostakbal,pharmacie,0522335191,lotiss. Al Moustakbal GH49 imm.3A 445 n°3 Sidi Maarouf Casablanca,Casablanca,
5576,Pharmacie Omariya,pharmacie,0522523629,lot. Omariya Mosquée Omariya rue 49 Aïn Chok Casablanca,Casablanca,
4921,Pharmacie Orjouane,pharmacie,0522362220,"122, rue El Ourjouane Casablanca",Casablanca,
4221,Pharmacie Oued Beht,pharmacie,0522905103,"2, avenue Oued Beht - ex B, grp. B Casablanca",Casablanca,
4477,Pharmacie Ouled Haddou,pharmacie,0522335100,"hay ElNajah , bloc""B"" n°77 Sidi Maârouf Casablanca",Casablanca,
3642,Pharmacie Oum El Kheir,pharmacie,0522975293,"147, lotiss. Communal , n°2 Sidi Maârouf Casablanca",Casablanca,
4581,Pharmacie Oum Errabii,pharmacie,0522908872,49 bd Oued Oum Rabie Casablanca,Casablanca,
4993,Pharmacie Oxygène,pharmacie,0522520774,"1 Bis, bd Oulad Haddou ang. bd Panoramique, quartier Crêtes Casablanca",Casablanca,
4926,Pharmacie Place Ahmed Mekwar,pharmacie,0522354795,"1, bd de la Gare (Aïn Sebâa) Casablanca",Casablanca,
48,Pharmacie Prefecture Bernoussi,pharmacie,0522730555,cité Sidi Bernoussi derb Maaguiz bloc 20 n°23 Sidi Bernoussi Casablanca,Casablanca,
10183,Pharmacie Quartier des Hôpitaux,pharmacie,0522860654,"279 Bd Abdelmoumen, Casablanca 20340",Casablanca,
5082,Pharmacie Rabii Al Moustakbal,pharmacie,0522583415,lotiss. Al Moustakbal Gh34 imm. T301 Sidi Maârouf Casablanca,Casablanca,
934,Pharmacie Rachad,pharmacie,0522737257,32 avenue Souhaib Erroumi exH (s.Bernoussi Amal II Sidi Bernoussi Casablanca,Casablanca,
3386,Pharmacie Rania,pharmacie,0522870599,lot. Mandarona rue 10 n°164 Aïn Chok Casablanca,Casablanca,
2986,Pharmacie Rihab,pharmacie,0522254685,5 rue Cadi Bakkar - ex Serpolet Maarif Casablanca,Casablanca,
969,Pharmacie Rita,pharmacie,0522731087,"hay Katafa, rue 7, lotis.178 Casablanca",Casablanca,
4091,Pharmacie Rizk,pharmacie,0522358520,5 place Haj Ahmed Mekouar-ex Soucarre Aïn Sebaâ Casablanca,Casablanca,
5591,Pharmacie Rochdi,pharmacie,0522893286,bd Oued Oum Rabie résid. AlFirdaous GH4 imm.A 117 n°03 Oulfa Casablanca,Casablanca,
1412,Pharmacie Route d'Eljadida,pharmacie,0522995746,240 route d' El Jadida Maarif Casablanca,Casablanca,garde 24h/24
5764,Pharmacie Résidence Nadia,pharmacie,0522237269,"bd Brahim Roudani -ex route El Jadida, c.com. Nadia, cité plateau Casablanca",Casablanca,
499,Pharmacie Saadallah,pharmacie,0522706734,hay Sadri (Bournazel) grp. 2 rue 35 n°85 Hay Moulay Rachid Casablanca,Casablanca,
3908,Pharmacie Saber,pharmacie,0522583362,résid. Erac imm. 57 C1 n°3 Sidi Maârouf Sidi Maarouf Casablanca,Casablanca,
2454,Pharmacie Sabri,pharmacie,0522501125,378 avenue de Dakhla -ex H (Inara) lotiss. Chrifa Aïn Chok Casablanca,Casablanca,
7783,Pharmacie Sabrine,pharmacie,0522741812,hay Amal I (Sidi Bernoussi) rue 11 n°165 Sidi Bernoussi CASABLANCA,Casablanca,
2546,Pharmacie Salma,pharmacie,0522895772,bd Oued Oum Rabie ElOuafaa 1 n°15 Oulfa Casablanca,Casablanca,
4576,Pharmacie Samane,pharmacie,0522662285,"hay Saloma II (Aïn Sebâa), n° 10 et 12 Casablanca",Casablanca,
4493,Pharmacie Siham,pharmacie,0522526303,"lot. Omariya, rue 31 n°64 Casablanca",Casablanca,
2135,Pharmacie Souad,pharmacie,0522739394,cité Sidi Bernoussi bloc 106 n°7 bis Sidi Bernoussi Casablanca,Casablanca,
2081,Pharmacie Soulaima,pharmacie,0522219894,bd de Fès résid. les Jardins de Californie 2 Californie Casablanca,Casablanca,
7968,Pharmacie Stade Zaouli,pharmacie,0522673067,Pharmacie Stade Zaouli CASABLANCA,Casablanca,
1680,Pharmacie Tam,pharmacie,0522901899,302 bd Oued Sebou (hay El Oulfa) Oulfa Casablanca,Casablanca,
4600,Pharmacie Taouss,pharmacie,0522900881,"N12 , angle rue 13 et 04, groupe 5, Hay El Oulfa, Casablanca",Casablanca,
9684,Pharmacie Tarik,pharmacie,0522732148,"67 , AVENUE ABI DAR AL GHAFARI. SIDI BERNOUSSI. CASABLANCA",Casablanca,
4462,Pharmacie Tarik AlWahda,pharmacie,0522359163,"1, bd Tarik El Ouahda - ex Unité Casablanca",Casablanca,
3381,Pharmacie Tassnime,pharmacie,0522584172,1 lotiss. Al Moustakbal Sidi Maârouf Sidi Maarouf Casablanca,Casablanca,
5044,Pharmacie Tilila,pharmacie,0522938684,"hay Laimoune, 47 HH Eloulfa Casablanca",Casablanca,
4433,Pharmacie Tmime,pharmacie,0522973111,lotiss. Jet Sakane imm. 41 n°1 rte 1100 Sidi Maârouf Casablanca,Casablanca,
757,Pharmacie Universelle,pharmacie,0522253142,398 bd Brahim Roudani Maarif Casablanca,Casablanca,
3649,Pharmacie Val fleuri,pharmacie,0522232480,87 avenue Stendahl Casablanca,Casablanca,
5506,Pharmacie Vidal,pharmacie,0522343218,404 bd de la Grande Ceinture (A.Sebaa) Aïn Sebaâ Casablanca,Casablanca,
4665,Pharmacie Violette,pharmacie,0522212796,lotiss. Violette 57 rue 2 n°51 Casablanca,Casablanca,
1883,Pharmacie Vita,pharmacie,0522984363,463 bd Brahim Roudani -ex route El Jadida résid. Saâda Val Fleurie Al Batha Casablanca,Casablanca,
1632,Pharmacie Wato Ex Mbirkou,pharmacie,0522251607,153 bd El Habacha - ex Watteau Derb Ghalef Casablanca,Casablanca,
2058,Pharmacie Wilaya Moulouya,pharmacie,0522905113,222 bd Oued Moulouya Oulfa Casablanca,Casablanca,
2696,Pharmacie Yacoub ElMansour,pharmacie,0522255204,63 bd Yacoub El Mansour (Maarif) Maarif Casablanca,Casablanca,
1434,Pharmacie Yafa,pharmacie,0522739444,hay Moubaraka q. Moubaraka imm.52 Casablanca,Casablanca,
4127,Pharmacie Yathrib,pharmacie,0522972573,lotiss. Al Moustakbal Gh 4 n°24 Sidi Maârouf Sidi Maarouf Casablanca,Casablanca,
947,Pharmacie Youness,pharmacie,0522357527,18 avenue Ali Yata -ex Foum Lahsan résid. Alhadika Beausite Casablanca,Casablanca,
1873,Pharmacie Zamzam,pharmacie,0522580198,lotiss. Lina H2 lot. Hammam Sidi Maârouf Casablanca,Casablanca,
5164,Pharmacie Zaouia,pharmacie,0522237951,121 rue El Maaden -ex Fragonard Casablanca,Casablanca,
5166,Pharmacie Zouhair,pharmacie,0522506026,"bd Oulad Haddou, rue 30 n°39 bis Lakrimat Casablanca",Casablanca,
3977,Pharmacie Zyma,pharmacie,0522994395,"27, rue Ahmed Kadmiri -ex Albert Samain Casablanca",Casablanca,
1011,Pharmacie Zénata,pharmacie,0522351172,178 route des Zenatas - r.s. 111 (côtière) Aïn Sebaâ Casablanca,Casablanca,
8993,Pharmacie charm cheikh,pharmacie,0522506510,bd El Qods . lotiss. Al Hamra II n°600 Ain chok,Casablanca,
1198,Pharmacie d'Aïn Sebâa,pharmacie,0522350362,15 place Tizi Ousli - ex République Oukacha Casablanca,Casablanca,
1251,Pharmacie de Casablanca,pharmacie,0522800970,160 bd de Croix Hay El Farah Casablanca,Casablanca,
4527,Pharmacie de L'Opéra,pharmacie,0522231172,82 rue Mohamed Bahi -ex Meissonnier Casablanca,Casablanca,
241,Pharmacie de l'Aéroport d'Anfa,pharmacie,0522390636,"72 Bis, bd Sidi Abderrahman Casablanca",Casablanca,
2446,Pharmacie de l'Esperance,pharmacie,0522666199,bd Chefchaouni résid. Palmier imm. A mag. 5 Aïn Sebaâ Casablanca,Casablanca,
2092,Pharmacie de l'Union,pharmacie,0522288677,6 bd Abdellah Senhaji - ex C lotiss. Amal Hay El Farah Casablanca,Casablanca,
5588,Pharmacie de la Découverte,pharmacie,0522973223,"7, lotiss. Al Moustakbal, rte 1029 Sidi Maârouf Casablanca",Casablanca,
1986,Pharmacie de la Plage,pharmacie,0522351393,46 bd Haj Ahmed Mekouar -ex C.Caillat Aïn Sebaâ Casablanca,Casablanca,
506,Pharmacie de la Renaissance (haj Tazi),pharmacie,0522305385,101 rue de l' Imam El Castalani Nouvelle Médina Casablanca,Casablanca,
2496,Pharmacie de la colline,pharmacie,0522335177,rte 1029 c.com. carrefour Sidi Maârouf Sidi Maarouf Casablanca,Casablanca,
1194,Pharmacie derb Ghallef,pharmacie,0522232402,25 derb Ghalef - Casablanca imm. Al Omrane,Casablanca,
4575,Pharmacie des Anges,pharmacie,0522218886,quartier Oulad Taleb rue10 n°9 résid. Sans Pareil Majorelle Inara Casablanca,Casablanca,
3879,Pharmacie des Citronniers,pharmacie,0522344670,29 X allée des Citronniers Casablanca,Casablanca,
4638,Pharmacie des Parcs,pharmacie,0522664327,"2, allée des Parcs (Aïn Sebâa) Casablanca",Casablanca,
4702,Pharmacie des Prêles,pharmacie,0522234033,18 rue Brahim Nakhai - ex Mont Cinto Casablanca,Casablanca,
4454,Pharmacie des Sciences,pharmacie,0522994814,"route d' El jadida, c. com. Alaimoune II Casablanca",Casablanca,
2297,Pharmacie des Stades,pharmacie,0522254925,50 rue El Fourat-ex Roncevaux (Maarif) Maarif Casablanca,Casablanca,
5744,Pharmacie des Troenes,pharmacie,0522665471,38 allée des Troènes Lajiri III Oukacha Casablanca,Casablanca,
2758,Pharmacie des Universites,pharmacie,0522995194,K070 quartier Lissasfa (route d'El Jadida) résid. Bayt AlMaarifa Lissasfa Casablanca,Casablanca,
3369,Pharmacie du Carrefour,pharmacie,0522618365,"271, bd Ibn Tachfine Casablanca",Casablanca,
9098,Pharmacie du Coin,pharmacie,0522583125,10 bd Zoulikha Nasri Hay sidi maarouf 1 Casablanca - Maroc,Casablanca,
5087,Pharmacie du Dispensaire,pharmacie,0522384050,"110, rue Bachir Belhoucine, Jamila 4 Casablanca",Casablanca,
1487,Pharmacie du Quartier,pharmacie,0522732258,avenue Souhaib Erroumi exH (s.Bernoussi bloc 50 n°48 Mansour 1 Sidi Bernoussi Casablanca,Casablanca,
512,Pharmacie du Rond Point,pharmacie,0522731516,"210, bd Moulay Mohamed El Baamrani -ex M, Amal 3 Casablanca",Casablanca,
5480,Pharmacie du Tac,pharmacie,0522987361,bd Bir Anzarane - ex Danton marché derb Ghallef Casablanca,Casablanca,
1043,Pharmacie du Zoo,pharmacie,0522660292,ancienne route de Rabat n°7 Aïn Sebaâ Casablanca,Casablanca,
3532,Pharmacie hay Amal 4,pharmacie,0522753010,hay Amal IV (Sidi Bernoussi) rue 62 n°86 Casablanca,Casablanca,
3362,Pharmacie l'Epoque,pharmacie,0522743948,"lot. Anassi, résid. Ennahda Fb1 mag. n°7 Casablanca",Casablanca,
10090,Pharmacie l'Index,pharmacie,0522537367,"Pole urbain de Nouaceur Zone Economique EA37 Casablanca, Casablanca 27182",Casablanca,
5238,Pharmacie l'Olivier,pharmacie,0522731606,hay Tarik (Sidi Bernoussi I) rue 61 n°62 Casablanca,Casablanca,
240,Pharmacie l'entente,pharmacie,0522731113,147 bd Ahmed Benbassou-ex K-s.Bernoussi Amal 2 Sidi Bernoussi Casablanca,Casablanca,
4045,Pharmacie la Perle Bleue,pharmacie,0522673368,"68, av de la Plage (Aïn Sebâa) Casablanca",Casablanca,
5246,Pharmacie la Rosa,pharmacie,0522343300,"7, bd Chefchaouni, rte 110 km 11 Casablanca",Casablanca,
4708,Pharmacie le Repère,pharmacie,0522355011,395 bd Moulay Ismaïl (Roches Noires) rte. de rabat Oukacha Casablanca,Casablanca,
3702,Pharmacie les Crêtes,pharmacie,0522212709,"hay Haddaouia I, Marché Haddaouia n°20 Casablanca",Casablanca,
7859,Pharmacie les Galeries,pharmacie,0522796693,Pharmacie les Galeries CASABLANCA,Casablanca,
3697,Pharmacie les Idrissides,pharmacie,0522321080,lotiss. Jnanat Sidi Maârouf Casablanca,Casablanca,
4668,Pharmacie les Orangers,pharmacie,0522343888,"11, allée des Orangers Casablanca",Casablanca,
6562,Pharmacie AlAndalous,pharmacie,0539883855,10 rue sidi Allal El Hadj CHEFCHAOUEN,Chefchaouen,
1668,Pharmacie AlHamra,pharmacie,0539988733,av. Mly Ali Ben Rachid Chefchaouen,Chefchaouen,00H A 09H
7246,Pharmacie Assalam,pharmacie,0539988195,av Essayeda AlHorra CHEFCHAOUEN,Chefchaouen,
6149,Pharmacie Benarafa,pharmacie,0539892020,Pharmacie Benarafa CHEFCHAOUEN,Chefchaouen,
6080,Pharmacie Bni Ahmed,pharmacie,0539881957,Pharmacie Bni Ahmed CHEFCHAOUEN,Chefchaouen,
8030,Pharmacie Centrale,pharmacie,0539883264,bd Sidi Abd AlHamid Route Atil Asmae CHEFCHAOUEN,Chefchaouen,
763,Pharmacie Chefchaouen,pharmacie,0539986158,4 av Moulay Idriss Chefchaouen,Chefchaouen,
335,Pharmacie Dhar ben Abbad,pharmacie,0539987720,5 rte Gharouzim Chefchaouen,Chefchaouen,
8797,Pharmacie ElHafa,pharmacie,0539883008,"15, av. Mohamed. V Chefchaouen",Chefchaouen,
2855,Pharmacie ElMachichi,pharmacie,0539987149,bd. El Machichi Chefchaouen,Chefchaouen,
602,Pharmacie Ibn Nafiss,pharmacie,0539989797,Unnamed Road Chefchaouen,Chefchaouen,
6613,Pharmacie Ibn Sina,pharmacie,0539986780,53 rue Jamal Eddine Al Afghani CHEFCHAOUEN,Chefchaouen,
2800,Pharmacie La Mosquée,pharmacie,0539883205,302 route AlWahda Administratif Chefchaouen,Chefchaouen,09H A 21H
2026,Pharmacie La Province,pharmacie,0539883250,av La Marche Verte Quartier Administratif Chefchaouen,Chefchaouen,
10109,Pharmacie Mont Bleu,pharmacie,0645710868,bd Al Wahda - Autre ville Aïn Hawz Chefchaouen,Chefchaouen,
3019,Pharmacie Ommouma,pharmacie,0539883111,bd Al Maghrib Al Arabi Chefchaouen,Chefchaouen,
8966,Pharmacie Ras El Ma,pharmacie,0539988586,22 av Melilia q. Sidi Boujemaa Chefchaouen - Maroc,Chefchaouen,
9057,Pharmacie Utaa Hammam,pharmacie,0539989070,place Utaa Hammam Demnet ElMekhzen n°82 Chefchaouen - Maroc,Chefchaouen,
8782,Pharmacie la Santé,pharmacie,0539986060,"av. Allal Ben Abdellah , hay Alkharazine Chefchaouen",Chefchaouen,
7214,Pharmacie les Parents,pharmacie,0539883417,41 av. Mohamed Abdou hay Chourafae CHEFCHAOUEN,Chefchaouen,
6589,Pharmacie Chemaia,pharmacie,0524468053,Pharmacie Chemaia,Chemaia,
6226,Pharmacie Essalam,pharmacie,0524468666,Pharmacie Essalam CHEMAIA,Chemaia,
5853,Pharmacie Hnider,pharmacie,0524468656,Pharmacie Hnider CHEMAIA,Chemaia,
6114,Pharmacie Marche Verte,pharmacie,0524468010,Pharmacie Marche Verte CHEMAIA,Chemaia,
7756,Pharmacie Sidi Boualam,pharmacie,0524468116,Pharmacie Sidi Boualam CHEMAIA,Chemaia,
7657,Pharmacie Souk Zima,pharmacie,0524469127,Pharmacie Souk Zima CHEMAIA,Chemaia,
9208,Pharmacie Al Baraka,pharmacie,0528931888,27 hay Al Kassam Walaa A Dakhla - Maroc,Dakhla,
8596,Pharmacie Al Bouchra,pharmacie,0630109130,hay Essalam DAKHLA,Dakhla,
10059,Pharmacie Al Janoub,pharmacie,0525338866,hay AlMasjid Dakhla,Dakhla,
2399,Pharmacie Al Marjia,pharmacie,0808588864,8 av. Habouha ben Soudani Dakhla,Dakhla,
6929,Pharmacie AlAkhawayne,pharmacie,0528930152,116 bd AlMasjid Massira I DAKHLA,Dakhla,
6133,Pharmacie AlJazira,pharmacie,0528930655,bd AlMasjid n°16 Massira 1 DAKHLA,Dakhla,
8224,Pharmacie AlKassam,pharmacie,0528931557,Pharmacie AlKassam DAKHLA,Dakhla,
8421,Pharmacie AlMassira,pharmacie,0528930093,57 bd. Abderrahim Bouabid Hay ElMassira II DAKHLA,Dakhla,
8544,Pharmacie AlMoukaouama,pharmacie,0528930511,bd AlMoukaouama n°1-906 DAKHLA,Dakhla,
6390,Pharmacie AlOuazzani,pharmacie,0528898060,Pharmacie AlOuazzani DAKHLA,Dakhla,
7823,Pharmacie AlWahda,pharmacie,0528898585,av. Laâchariat 1/1764 DAKHLA,Dakhla,
1584,Pharmacie Aousserd,pharmacie,0528897536,hay Oum Tounssi n°1 Dakhla,Dakhla,
7089,Pharmacie Arrahma,pharmacie,0528930875,30 bd Houcine Ben Jelloune Massira 3 DAKHLA,Dakhla,
2451,Pharmacie Bir Guendouz,pharmacie,0808593597,hay El Aouda Dakhla,Dakhla,
9,Pharmacie Dar Dwa,pharmacie,0528898078,7 hay Annahda Dakhla,Dakhla,
8168,Pharmacie ElWalaa,pharmacie,0528898606,Pharmacie ElWalaa DAKHLA,Dakhla,
8429,Pharmacie Ennakhil,pharmacie,0528930374,Pharmacie Ennakhil DAKHLA,Dakhla,
6812,Pharmacie Fadlallah,pharmacie,0528898117,bd Bahnini q. Rahma 5 n°56 DAKHLA,Dakhla,
6615,Pharmacie Hadji,pharmacie,0528931004,1070 bd Ba Hnini hay Assalam DAKHLA,Dakhla,
2702,Pharmacie Haramayne,pharmacie,0606051895,hay Nahda - Autre ville Dakhla,Dakhla,
7554,Pharmacie Hay El Hassani,pharmacie,0610091112,3 hay El Hassani DAKHLA,Dakhla,
905,Pharmacie Imane,pharmacie,0528934386,12 hay oued Achiaf Dakhla,Dakhla,
985,Pharmacie Khalij Dakhla,pharmacie,0528932750,21 q. industriel Dakhla,Dakhla,
3206,Pharmacie Lemsagued,pharmacie,0658979826,2038 hay Essalam - Autre ville Dakhla,Dakhla,
9231,Pharmacie Marjia Aya,pharmacie,0667902528,60 bd Bahnini Dakhla - Maroc,Dakhla,
3187,Pharmacie Menhour,pharmacie,0618086592,617 lot Al Wahda Dakhla,Dakhla,
7456,Pharmacie Moulay Rachid,pharmacie,0528897880,Hay Moulay Rachid DAKHLA,Dakhla,
873,Pharmacie Nahda,pharmacie,0528932141,97 hay Nahda - Autre ville Dakhla,Dakhla,
6282,Pharmacie Ouali,pharmacie,0528931849,3 Av. Bahnini DAKHLA,Dakhla,
2544,Pharmacie Oued Achiaf,pharmacie,0528930941,632 hay El Hassani Dakhla,Dakhla,
7958,Pharmacie Oued Chiaf,pharmacie,0610106018,Pharmacie Oued Chiaf DAKHLA,Dakhla,
1329,Pharmacie Oued Dahab,pharmacie,0528898125,1 av. El Hassan El Ouazzani Dakhla,Dakhla,
627,Pharmacie Pasteur,pharmacie,0777196156,7 av. Al Walae Dakhla,Dakhla,
6033,Pharmacie Sidi Ahmed Laaroussi,pharmacie,0528930639,1249 rue Sidi Ahmed Laâroussi DAKHLA,Dakhla,
1494,Pharmacie Souk,pharmacie,0669174363,94 bd Skarna hay Al Ouakala Al Wahda Dakhla,Dakhla,
6173,Pharmacie Sud,pharmacie,0528898457,43 rue Al Kandil hay AlMasjid DAKHLA,Dakhla,
7865,Pharmacie des Sables,pharmacie,0528930808,1 av Al Walae hay El Kassam II DAKHLA,Dakhla,
6667,Pharmacie du Port,pharmacie,0610463465,hay Assalam bd Nouveau Port DAKHLA,Dakhla,
8341,Pharmacie la Santé,pharmacie,0528930842,Pharmacie la Santé DAKHLA,Dakhla,
7126,Pharmacie le Sahara,pharmacie,0528897921,275 bd ElWalaa DAKHLA,Dakhla,
2316,Pharmacie Al Oumrane,pharmacie,0526996629,Rte Côtière dar Couche Dar bouazza,Dar Bouazza,
9471,Pharmacie Alhamdo Lillah,pharmacie,0522290949,123 lotiss. Ansari Dar Bouazza,Dar Bouazza,09H A 21H
4552,Pharmacie Anis,pharmacie,0522906404,"rte Mly Thami , km 13, douar Chhouba Dar bouazza",Dar Bouazza,
9473,Pharmacie Aquaparc,pharmacie,0522290011,Km 14 Rte d'Azemmour، 20100,Dar Bouazza,09H A 21H
7368,Pharmacie Azur,pharmacie,0522065454,Pharmacie Azur DAR BOUAZZA,Dar Bouazza,
2028,Pharmacie Azur,pharmacie,0522965454,K160 rte d'Azemmour km 16 Dar bouazza,Dar Bouazza,
9773,Pharmacie Bahaedinne,pharmacie,0522655672,K140 rte El Jadida km 14 cplxe r?sidentiel El Fajr mag 6 Ouled Ahmed Dar Bouazza - Maroc,Dar Bouazza,
9128,Pharmacie Bathami,pharmacie,0522965869,K135 rte My Thami Km 13 500 douar Hart El Ghaba Dar Bouazza - Maroc,Dar Bouazza,
9474,Pharmacie Bayt Al Ikhlass,pharmacie,0522292821,"Route Moulay Thami, Casablanca 20250",Dar Bouazza,09H A 21H
469,Pharmacie Belair,pharmacie,0522965983,46 lotiss. Al Alia Dar bouazza,Dar Bouazza,
1200,Pharmacie Belhadhoud,pharmacie,0522900167,135 lotiss. Annakhil - Autre ville Madinat Arrahma Dar bouazza,Dar Bouazza,
9583,Pharmacie Belhadhoud,pharmacie,0529837417,135 lotiss. Annakhil Madinat Arrahma Dar Bouazza - Maroc,Dar Bouazza,
1455,Pharmacie Benzit,pharmacie,0522961978,Route d'Azemour Km 1350 Dar bouazza,Dar Bouazza,
1391,Pharmacie Berray,pharmacie,0522290592,K190 Centre dar Bouazza Km 19 Front Bâti Imm. C,Dar Bouazza,
6244,Pharmacie Brahma,pharmacie,0522969146,Pharmacie Brahma DAR BOUAZZA,Dar Bouazza,
2825,Pharmacie Camping Tamaris,pharmacie,0522330063,K190 rte d'Azemmour ang. rte Tamaris 1 km 19 Dar bouazza,Dar Bouazza,
7185,Pharmacie Camping Tamaris,pharmacie,0661336000,Pharmacie Camping Tamaris DAR BOUAZZA,Dar Bouazza,
7605,Pharmacie Dar Bouazza,pharmacie,0522290174,douar Lahlalfa ouled Jarrar DAR BOUAZZA,Dar Bouazza,
9469,Pharmacie Dar el Kenz,pharmacie,0703753426,"Résidence Dar El Kenz ,101-1, ImmE2, Casablanca 27223",Dar Bouazza,09H A 00H
6998,Pharmacie ElAbidine,pharmacie,0522290371,K110 rte d'Azemmour km 11 DAR BOUAZZA,Dar Bouazza,
1928,Pharmacie Espace Essaada,pharmacie,0522965693,282 projet Fadaat AlMohit 2 Madinat Arrahma Dar bouazza,Dar Bouazza,
629,Pharmacie Fassih,pharmacie,0520011192,K180 rte El Jadida km 18 Ouled Azzouz Dar bouazza,Dar Bouazza,
9665,Pharmacie Hejjami,pharmacie,0522290393,Allee des Oliviers,Dar Bouazza,09H A 21H
951,Pharmacie Jack Beach,pharmacie,0522290517,Jack Beach Dar bouazza,Dar Bouazza,09H A 21H
2912,Pharmacie Jad,pharmacie,0522930520,K160 route d' El jadida km 16 douar Oulad Azzouz Dar bouazza,Dar Bouazza,
1131,Pharmacie Latif,pharmacie,0522961598,Route d'Azemmour G.H Massakinouna EQ4B mag.n°1 Dar bouazza,Dar Bouazza,
1395,Pharmacie Les Terrasses Marines,pharmacie,0522291087,Route d'Azemmour résid. les Terrasses Marines Orée de Parc Dar bouazza,Dar Bouazza,
2154,Pharmacie Madinat Arrahma,pharmacie,0522587399,douar Oulad Azzouz rte My Thami Dhouba DAR BOUAZZA,Dar Bouazza,
91,Pharmacie Masjid Essalam,pharmacie,0522587017,K130 route d' El jadida km 13 mosquée Iraqi Oulad Azzouz Dar bouazza,Dar Bouazza,
9112,Pharmacie Mosquée Rahma,pharmacie,0522894499,K030 rte My Thami Cimetière Rahma km 3 Dar Bouazza - Maroc,Dar Bouazza,
8167,Pharmacie Oued Marzag,pharmacie,0522290677,K095 rte d' Azemmour km 9 5 DAR BOUAZZA,Dar Bouazza,
8555,Pharmacie Oulad Jarrar,pharmacie,0522290803,Village pilote Passage Al Yamane n°39 DAR BOUAZZA,Dar Bouazza,09H A 21H
6313,Pharmacie Tamaris,pharmacie,0522937004,K220 rte d'azemmour Km 22 carrière Benabid DAR BOUAZZA,Dar Bouazza,
2174,Pharmacie Zine El Abidine,pharmacie,0522965479,K140 route d'Azemmour Km.14 Ouled Azzouz Dar bouazza,Dar Bouazza,
2662,Pharmacie des Darbistes,pharmacie,0522292859,Lot Nawras Dar Bouazza,Dar Bouazza,
1920,Pharmacie du Littoral,pharmacie,0522290433,rte d'azemmour c.com. dar Bouazza,Dar Bouazza,
2248,Pharmacie les Jardins de l'Océan,pharmacie,0522290829,K150 rte d'Azemmour km 15 Dar bouazza,Dar Bouazza,
9664,pharmacie du château,pharmacie,0522292978,"lot 119 zone industrielle, Dar Bouaza",Dar Bouazza,09H A 21H
2727,Pharmacie Al Abawaine,pharmacie,0522514049,av. al wafaa Deroua,Deroua,
2404,Pharmacie Al Abrar,pharmacie,0522515040,lot. jawhara daroua. tel mobile: 0638370874 Deroua,Deroua,
270,Pharmacie Al Jawhara,pharmacie,0522532755,"lotissement al jawhara, diar al mostaqbal, imm 7 numéro 35 Deroua",Deroua,
2397,Pharmacie Al Khair,pharmacie,0522532514,144 lotissement badr en face de station total Deroua,Deroua,
564,Pharmacie Al Madina Monaoira,pharmacie,0522539401,"lot al hamd ea 257, près de lycée allal ben abdallah Deroua",Deroua,
1090,Pharmacie Al Mostaajalat,pharmacie,0522515943,lotissement haj tahar près de hammam nasr Deroua,Deroua,
2759,Pharmacie Al Wafaa,pharmacie,0522532422,"n° 160, près de cih et wafa bank Deroua",Deroua,
8934,Pharmacie Centrale,pharmacie,0520276529,"pharmacie centrale, près de résidence riad andalous et en face de résidence saada Deroua",Deroua,
2176,Pharmacie Chawki,pharmacie,0522532756,"lotissement makhlouf 2 , numéro 43 deroua",Deroua,
3216,Pharmacie El Faiz,pharmacie,0522515869,"50 khadija 2, deroua, en face de jardin publique nait.",Deroua,
563,Pharmacie El Oumouma,pharmacie,0522542054,244 lotissement el wafaa (ouvert jusqu'à 1h00 du matin) Deroua,Deroua,
3044,Pharmacie El Qods,pharmacie,0520040412,"lotissement saada, en face de hammam saada, près du café ecluse Deroua",Deroua,
3085,Pharmacie Hay El Menzeh,pharmacie,0522515184,"hay el menzeh, immeuble 2 numéro 1 (route souq alhad) Deroua",Deroua,
2904,Pharmacie Hay Salam,pharmacie,0623970778,"bd 18 novembre, numéro 26 lotissement salam, près du terrain de football Deroua",Deroua,
771,Pharmacie Illia,pharmacie,0522532757,lotissement khadija prés de l'école valériane Deroua,Deroua,
1466,Pharmacie Lot. Rabha,pharmacie,0522515325,"lot rabha, 2, numéro 6 ? près du café amira Deroua",Deroua,
2256,Pharmacie Mekka,pharmacie,0522031968,route nationale casa berrechid? nouaceur (0661618111) Deroua,Deroua,
457,Pharmacie Nouaceur Parc,pharmacie,0522537232,résidence nouaceur parc Deroua,Deroua,
9680,Pharmacie Ryad Ahl Alwifaq,pharmacie,0522514083,"Lot 38 rue elwifak, Deroua",Deroua,09H A 21H
2222,Pharmacie Saada,pharmacie,0522532918,"fadaat saada, en face de riad al andalous Deroua",Deroua,
432,Pharmacie AlMaghrib,pharmacie,0522514442,lotiss. Massira 1684 Deroua ouled ziane,Deroua Ouled Ziane,
2140,Pharmacie Ben M'sik,pharmacie,0526145075,Lot Khadija rue 2 n°5 Deroua ouled ziane,Deroua Ouled Ziane,
9056,Pharmacie Ben M'sik,pharmacie,0522532058,Lot Khadija rue 2 n°5 Deroua Ouled Ziane - Maroc,Deroua Ouled Ziane,
5930,Pharmacie Chadli,pharmacie,0522532858,210 lot. ElWahda II DEROUA OULED ZIANE,Deroua Ouled Ziane,
1979,Pharmacie Deroua,pharmacie,0522532177,46 Centre commercial DEROUA OULED ZIANE,Deroua Ouled Ziane,
1848,Pharmacie El Houda,pharmacie,0522514558,440 lotiss. Deroua Deroua ouled ziane,Deroua Ouled Ziane,
6664,Pharmacie Hay Essalam,pharmacie,0540053014,26 lotiss. Essalam DEROUA OULED ZIANE,Deroua Ouled Ziane,
2332,Pharmacie Imad,pharmacie,0522532192,122 lotiss. Ennour Deroua ouled ziane,Deroua Ouled Ziane,
6908,Pharmacie Kenzi,pharmacie,0522532054,Lot. El Wafa n°244 Derroua DEROUA OULED ZIANE,Deroua Ouled Ziane,
9136,Pharmacie La Prevention,pharmacie,0522532631,4 lotiss. Makhlouf Nabila Deroua Ouled Ziane - Maroc,Deroua Ouled Ziane,
682,Pharmacie Lotissement Rabha,pharmacie,0671326735,lotissement Rabha Lot. n°2 mag. n°6 Deroua ouled ziane,Deroua Ouled Ziane,
9143,Pharmacie Oussama Aicha,pharmacie,0522514956,692 lotiss. Deroua Deroua Ouled Ziane - Maroc,Deroua Ouled Ziane,
7901,Pharmacie Principale,pharmacie,0522532083,Deroua bloc U n°1 DEROUA OULED ZIANE,Deroua Ouled Ziane,
1759,Pharmacie Régionale,pharmacie,0522514707,94 lotiss. Naït n°4 Deroua ouled ziane,Deroua Ouled Ziane,
3032,Pharmacie la Min,pharmacie,0522515339,186 lotiss. Rabha Deroua ouled ziane,Deroua Ouled Ziane,
8988,Pharmacie Izdihar,pharmacie,0537626739,154 hay El Izdihar El Harhoura - Maroc,El Harhoura,
9982,Pharmacie Sable d'Or,pharmacie,0530375067,4 Centre Sidi Abed El Harhoura,El Harhoura,
9288,Pharmacie Sid El Abed,pharmacie,0537623538,2 Amical Settat plage Val d'Or El Harhoura - Maroc,El Harhoura,
9821,Pharmacie Sup'Herbes,pharmacie,0673054609,Rte El Fellah plage Sid El Abed El Harhoura - Maroc,El Harhoura,
16,Pharmacie Achifaa,pharmacie,0523372858,19 lotiss. Ennajd I résid. Addam El jadida,El Jadida,
52,Pharmacie Achraf Al Idrissi,pharmacie,0523374920,bd Khalil Jabrane Diar Al Mansour imm. 8 GH 52 n°6 El jadida,El Jadida,
683,Pharmacie Al Wahat,pharmacie,0523371171,"lotiss. Al Irfane, n°3 El jadida",El Jadida,
813,Pharmacie AlBalssam,pharmacie,0527651649,39 X bd Bir Anzarane lotiss. Ezzahraoui EL JADIDA,El Jadida,
1124,Pharmacie AlImam Malik,pharmacie,0523390950,"15, lotiss. Laaroussi, rue Laksiba El jadida",El Jadida,
875,Pharmacie Albreija,pharmacie,0523343928,59 Pl. Abdelkrim Khattabi El jadida,El Jadida,
1371,Pharmacie Annakhil,pharmacie,0523350220,"1 Bis, rue Baghdad El jadida",El Jadida,
1732,Pharmacie Ben Badiss,pharmacie,0523370832,"4, bd Abdelhamid Bnou Badis, lotiss. AlQods El jadida",El Jadida,
1794,Pharmacie Biladi,pharmacie,0523380226,Pharmacie Biladi EL JADIDA,El Jadida,
2055,Pharmacie Californie,pharmacie,0523344936,7 lotiss. Al Massira av. Al Massira El jadida,El Jadida,
2588,Pharmacie Cherif,pharmacie,0523371150,570 hay Essalam El jadida,El Jadida,
3603,Pharmacie ElFalah,pharmacie,0523356122,Pharmacie ElFalah EL JADIDA,El Jadida,
3616,Pharmacie ElGhorba,pharmacie,0523350202,Pharmacie ElGhorba EL JADIDA,El Jadida,
3653,Pharmacie ElHamde,pharmacie,0523399013,Pharmacie ElHamde EL JADIDA,El Jadida,
9192,Pharmacie ElHamrae,pharmacie,0766382826,rte douar Lachab n°6 El Jadida - Maroc,El Jadida,
3791,Pharmacie ElMohit,pharmacie,0523343754,"124, bd Mohammed VI El jadida",El Jadida,
3721,Pharmacie Elkoudia,pharmacie,0523353313,"4, bd Mohamed Ben Larbi Alaoui, Koudiat Ben Driss El jadida",El Jadida,
4049,Pharmacie Espace Massira,pharmacie,0523343204,2 bd Massira El Khadra - Autre ville El jadida,El Jadida,
4240,Pharmacie Grande Pharmacie,pharmacie,0523364652,Grande Pharmacie EL JADIDA,El Jadida,
4421,Pharmacie Hefti,pharmacie,0523352826,Pharmacie Hefti EL JADIDA,El Jadida,
4446,Pharmacie Ibn Tofail,pharmacie,0523356721,Pharmacie Ibn Tofail EL JADIDA,El Jadida,
4512,Pharmacie Imad,pharmacie,0523348303,Pharmacie Imad EL JADIDA,El Jadida,
4545,Pharmacie Imane,pharmacie,0523350683,"2, bd Annakhil El jadida",El Jadida,
4868,Pharmacie Karim,pharmacie,0523373867,18 rue Ahmed Tounsi El jadida,El Jadida,
4891,Pharmacie Khmiss Metouh,pharmacie,0523364309,Pharmacie Khmiss Metouh EL JADIDA,El Jadida,
4913,Pharmacie Kouassem,pharmacie,0521032697,2 rond-point Hassan II - Autre ville El jadida,El Jadida,
10052,Pharmacie Kouassem,pharmacie,0540030711,rond-point Hassan II El Jadida,El Jadida,
5194,Pharmacie Lalla Zahra,pharmacie,0523343794,95 bd Chouhada El jadida,El Jadida,
5767,Pharmacie Moderne,pharmacie,0523351930,102 bd Moulay Ismail El jadida,El Jadida,
10007,Pharmacie Nouvelle Florida,pharmacie,0523350204,lot florida el jadida,El Jadida,09H A 21H
5980,Pharmacie Oasis,pharmacie,0523353431,3 bd Khalil Jabrane - Autre ville resid. Diar Al Mansour GH7 Lot 59 El jadida,El Jadida,
6055,Pharmacie Omam Motahida,pharmacie,0808541448,12 bd Allal Fassi hay Al Matar El jadida,El Jadida,
6121,Pharmacie Ouassat Eljadida,pharmacie,0523390577,bd Bandong El jadida,El Jadida,
6220,Pharmacie Ouled Hamdane,pharmacie,0523386161,Pharmacie Ouled Hamdane EL JADIDA,El Jadida,
6281,Pharmacie Pierre Corail Hajar Almarjanne,pharmacie,0523387278,"13, GH3 , resid. Diar Almarjanne El jadida",El Jadida,
6377,Pharmacie Portugaise,pharmacie,0523342102,"84, rue Hachmi Bahbah, cité portugaise El jadida",El Jadida,09H A 21H
6485,Pharmacie Rabie,pharmacie,0529818104,33 bd Al Maghrib Al Arabi lotiss. Haraz El jadida,El Jadida,
6711,Pharmacie Saiss,pharmacie,0523386003,Pharmacie Saiss EL JADIDA,El Jadida,
7248,Pharmacie Tissir,pharmacie,0523350570,70 bd Bir Anzarane El jadida,El Jadida,
8556,Pharmacie Zine,pharmacie,0523364141,Pharmacie Zine EL JADIDA,El Jadida,
2708,Pharmacie de Garde à El Jadida,pharmacie,0523348946,Station Afriquia Route Moulay Abdellah Sidi Bouzid El Jadida,El Jadida,
2802,Pharmacie de l'Union,pharmacie,0523343364,160 bd Mohammed V El jadida,El Jadida,
2778,Pharmacie de la Paix,pharmacie,0523353372,bd Mohamed Toufani El jadida,El Jadida,
9375,Pharmacie du Plateau,pharmacie,0523343002,138 Bis bd Abi Chouaib Doukkali El Jadida - Maroc,El Jadida,09H A 21H
5334,Pharmacie l'Hôpital,pharmacie,0523355745,32 rue Fès Plateau El jadida,El Jadida,
4935,Pharmacie la Côte,pharmacie,0523345148,Pharmacie la Côte EL JADIDA,El Jadida,
9111,Pharmacie la Lune,pharmacie,0523393533,25 avenue Ennasr Rte cotière El Jadida - Maroc,El Jadida,
5142,Pharmacie la Victoire,pharmacie,0523390196,1 lotiss. Annasr mouilha El jadida,El Jadida,
5236,Pharmacie le Dauphin,pharmacie,0523393916,"lotiss. Al Manar, (Bencherki), zone 6 n°130 El jadida",El Jadida,
5240,Pharmacie le Grand Parc,pharmacie,0634654049,74 av. Ibn Badis El jadida,El Jadida,
5279,Pharmacie les Parents,pharmacie,0523332187,bd Abdelhamid Bnou Badis ang. rue Brahim Roudani c.com. Acima B 3 El jadida,El Jadida,
9855,Pharmacie ElKebab,pharmacie,0535394066,Centre Elkebab El Kebab - Maroc,El Kebab,
9837,Pharmacie du Centre,pharmacie,0535394814,bd Hassan II - Autre ville El Kebab - Maroc,El Kebab,
8147,Pharmacie Al yosr,pharmacie,0661857535,Pharmacie Al yosr EL KELAA DES M'GOUNA,El Kelaa Des M'Gouna,
6496,Pharmacie AlAmal,pharmacie,0524836133,Pharmacie AlAmal EL KELAA DES M'GOUNA,El Kelaa Des M'Gouna,
6682,Pharmacie Aït Hammou,pharmacie,0524836544,Pharmacie Aït Hammou EL KELAA DES M'GOUNA,El Kelaa Des M'Gouna,
6563,Pharmacie ElKaram,pharmacie,0524836728,Pharmacie ElKaram EL KELAA DES M'GOUNA,El Kelaa Des M'Gouna,
6635,Pharmacie Roses du Dades,pharmacie,0524836123,Pharmacie Roses du Dades EL KELAA DES M'GOUNA,El Kelaa Des M'Gouna,
9654,Pharmacie Al Qods,pharmacie,0535368176,rue Challah Er-Rich - Maroc,Er-Rich,
10184,Pharmacie Bir Anzarane,pharmacie,0535368738,"N, 72 Avenue Bir Anzarane, Rich",Er-Rich,
9628,Pharmacie Centrale,pharmacie,0535589104,1 rue El Guers Er-Rich - Maroc,Er-Rich,
9610,Pharmacie Jib,pharmacie,0535368698,centre Er-Rich Er-Rich - Maroc,Er-Rich,
9629,Pharmacie Nouvelle,pharmacie,0535368401,rue Sidi Ali Er-Rich - Maroc,Er-Rich,
9728,Pharmacie Ziz,pharmacie,0535589792,28 av Allal Ben Abdellah Er-Rich - Maroc,Er-Rich,
7428,Pharmacie Al Aati,pharmacie,0535791918,70 lot Ain Al Aati 2 Errachidia,Errachidia,
7384,Pharmacie Al Amal,pharmacie,0535570568,hay Touchka rue 1 n°3 ERRACHIDIA,Errachidia,
6504,Pharmacie Al Fath,pharmacie,0535572038,91 bd Moulay Ali Cherif ERRACHIDIA,Errachidia,
3078,Pharmacie Al Inara,pharmacie,0535570009,lotiss. Almostakbal n°194 Errachidia,Errachidia,
4666,Pharmacie Al Massira,pharmacie,0535571371,Cité ElMassira rue 1 n°44 Errachidia,Errachidia,
2938,Pharmacie Al Mountazah,pharmacie,0535791705,528 X lotiss. Oued Eddahab Errachidia,Errachidia,
9122,Pharmacie Al Oum Aicha,pharmacie,0535791552,Cité Al Massira rue 21 n°13 Errachidia - Maroc,Errachidia,
4629,Pharmacie Al Waha,pharmacie,0535791914,810 lot Boutalamine Errachidia,Errachidia,00H A 09H
7641,Pharmacie AlMoustakbal,pharmacie,0535570195,1 X lot Municipalité Errachidia,Errachidia,
9349,Pharmacie Arroqay,pharmacie,0707817469,91 Rte Errachidia souk El Had Errachidia - Maroc,Errachidia,
10051,Pharmacie Atlas,pharmacie,0535589967,av. Abou Salim Al Ayachi Errachidia,Errachidia,
7305,Pharmacie Azemmour,pharmacie,0535573269,Azemmour El Jadid rue 2 n°16 ERRACHIDIA,Errachidia,
6868,Pharmacie Boutalamine,pharmacie,0535571368,20 bd Dakhla Boutalamine ERRACHIDIA,Errachidia,
96,Pharmacie Chifae,pharmacie,0535571443,27 rue Knadssa Errachidia,Errachidia,
8242,Pharmacie Eddakhla,pharmacie,0535790719,10 av Dakhla Errachidia,Errachidia,
885,Pharmacie El Mamoun,pharmacie,0535790122,hay Oued Eddahab lot n° 194 Errachidia,Errachidia,09H A 21H
2994,Pharmacie ElMasjid,pharmacie,0535571379,76 rue Moulay Abdellah Ben Ali Errachidia,Errachidia,
3619,Pharmacie Ennakhil,pharmacie,0535571898,95 bd Al Alaouiyine Al Mouhit Errachidia,Errachidia,
9053,Pharmacie Ennour,pharmacie,0535791333,468 lotiss. Ain El Atti Errachidia - Maroc,Errachidia,
804,Pharmacie Errachidia,pharmacie,0535572339,5 av Zerktouni Errachidia,Errachidia,
7476,Pharmacie Errazi,pharmacie,0535790184,54 av My Abdellah boutalamine Errachidia,Errachidia,
6573,Pharmacie Fdail,pharmacie,0535783567,Pharmacie Fdail ERRACHIDIA,Errachidia,
6221,Pharmacie Gourama,pharmacie,0535888214,Pharmacie Gourama ERRACHIDIA,Errachidia,
3227,Pharmacie Hôpital,pharmacie,0535574597,2 rue Ait Khlifa l'Habitat Errachidia,Errachidia,00H A 09H
7302,Pharmacie Ibn Sina,pharmacie,0535571925,32 lotiss. Municipalité Errachidia,Errachidia,
2711,Pharmacie Ifegh,pharmacie,0535794623,1157 rue de la Mosquée - Autre ville Fraternite Errachidia,Errachidia,
4718,Pharmacie L'Aéroport,pharmacie,0535790949,2 oulad Elhaj rte 21 Errachidia,Errachidia,09H A 21H
5117,Pharmacie L'habitat,pharmacie,0535574285,rue Abdelkrim Khattabi N.H Errachidia,Errachidia,
5458,Pharmacie La Nouvelle,pharmacie,0535572075,ouled Elhaj rue 37 n°28 Errachidia,Errachidia,
1383,Pharmacie Lahdeb,pharmacie,0535570479,Cité Al Massira rue 1 n°68 Errachidia,Errachidia,
1045,Pharmacie Masjid Targa Jdida,pharmacie,0535791337,36 Targa Jdida rue 16 Errachidia,Errachidia,
1730,Pharmacie Messaoudia,pharmacie,0535574782,lot Boutalamine bloc 17 n°67 Errachidia,Errachidia,
10122,Pharmacie Naim,pharmacie,0535474407,"lotiss. Al Moustakbal , N°1 Errachidia",Errachidia,
2333,Pharmacie Ouled Lhaj,pharmacie,0535571950,72 oueld Lhaj rue 34 Errachidia,Errachidia,
6537,Pharmacie Saghrou,pharmacie,0535884255,Pharmacie Saghrou ERRACHIDIA,Errachidia,
8803,Pharmacie Targa,pharmacie,0535571416,"Targa Jdida , rue 50 n°5 Errachidia",Errachidia,
10155,Pharmacie Zerktouni,pharmacie,0750281197,Errachidia,Errachidia,
1582,Pharmacie des Vallées,pharmacie,0535572464,Place de la mosquée Errachidia,Errachidia,
4378,Pharmacie l'Université,pharmacie,0535574571,av Principal Targa Jdida Errachidia,Errachidia,
7403,Pharmacie la Santé,pharmacie,0535790214,Ain Al Ati 1 bloc 18 n°1282 ERRACHIDIA,Errachidia,
10040,Pharmacie AL Yasser,pharmacie,0639955195,6 bd Al Moukaouama - Autre ville Essaouira,Essaouira,
9242,Pharmacie Al Haddadah,pharmacie,0524473714,63 bd AlIstiqlal Essaouira - Maroc,Essaouira,
1026,Pharmacie AlYamama,pharmacie,0524472222,341 lotiss. Tafoukte I Essaouira,Essaouira,
8755,Pharmacie Almasjid,pharmacie,0524794504,Pharmacie Almasjid ESSAOUIRA,Essaouira,
10064,Pharmacie Argana,pharmacie,0529899516,lotissement Argana Essaouira,Essaouira,
6332,Pharmacie Azlef,pharmacie,0524474232,626 lot. Azlef ESSAOUIRA,Essaouira,
360,Pharmacie Bab Doukkala,pharmacie,0524475198,av. ElMassira ElKhadra Essaouira,Essaouira,
5898,Pharmacie Bab Marrakech,pharmacie,0524472307,135 rue Med. ElQuorry ESSAOUIRA,Essaouira,
6246,Pharmacie Bouhaira,pharmacie,0524472568,102 rue Allal El Fassi ESSAOUIRA,Essaouira,
6733,Pharmacie Charrouj,pharmacie,0524472788,av Farhat Hachad n°13-52 Sekala ESSAOUIRA,Essaouira,
10065,Pharmacie Chifaa,pharmacie,0524783895,rue Abou Moussa El Achari Essaouira,Essaouira,
3111,Pharmacie El Ghazoua Mogador,pharmacie,0524792947,17 lotiss. Regraga hay El Ghazoua Essaouira,Essaouira,
278,Pharmacie El Massira,pharmacie,0524473030,40 av. Al Massira Al Khadra Essaouira,Essaouira,
6809,Pharmacie ElBorj,pharmacie,0524783438,5 rue 11 Janvier ElBorj I ESSAOUIRA,Essaouira,
6271,Pharmacie ElMostakbal,pharmacie,0524785977,652 lotiss. AlMostakbal borj 1 ESSAOUIRA,Essaouira,
2528,Pharmacie Erraounak,pharmacie,0524473464,164 lotiss. Erraounak Essaouira,Essaouira,
2945,Pharmacie Hamad,pharmacie,0524475163,5 Place Chefchaouni Essaouira,Essaouira,
9229,Pharmacie Hizam Al Akhdar,pharmacie,0808530494,2 Av Attaif lot Azlef Essaouira - Maroc,Essaouira,00H A 09H
6620,Pharmacie Hôpital,pharmacie,0524475307,135 X bd Mohamed ElKery ESSAOUIRA,Essaouira,
6412,Pharmacie Ibn Sina,pharmacie,0524475980,54 av. Akaba q.i. ESSAOUIRA,Essaouira,
8628,Pharmacie Koutoubia,pharmacie,0524474390,365 bd Koutoubia - Autre ville lotiss. 5 ESSAOUIRA,Essaouira,
860,Pharmacie Koutoubia,pharmacie,0701573275,"365 bd koutoubia, lot. 5 Essaouira",Essaouira,
6594,Pharmacie La Sakala,pharmacie,0524783684,28 bd ElAqaba lot. Regraga ESSAOUIRA,Essaouira,
7245,Pharmacie Lalla Amina,pharmacie,0524473443,7 complexe commercial Lalla Amina ESSAOUIRA,Essaouira,
6119,Pharmacie Les Dunes,pharmacie,0524473003,583 bd Al Aqaba lot. n°4 ESSAOUIRA,Essaouira,
6988,Pharmacie Mallah Kdim,pharmacie,0524476022,122 rue Mohamed Ben Abdellah ESSAOUIRA,Essaouira,
922,Pharmacie Massira,pharmacie,0524475996,bd de la marche verte Essaouira,Essaouira,
7791,Pharmacie Mogador,pharmacie,0524472535,42 av. 2 Mars ESSAOUIRA,Essaouira,
6604,Pharmacie Najib,pharmacie,0524474226,5 bd ElAkaba Dar Taleb ESSAOUIRA,Essaouira,
10211,Pharmacie Nour,pharmacie,0524784440,"404 Lotissement, Rue Argana",Essaouira,
6318,Pharmacie Populaire,pharmacie,0524474474,av. El Aqaba ESSAOUIRA,Essaouira,
7071,Pharmacie Principale,pharmacie,0524474794,1 rue Boutouile ESSAOUIRA,Essaouira,
6181,Pharmacie Sidi Magdoul,pharmacie,0524472935,lotiss. La Lagune lot 5 n°1 ESSAOUIRA,Essaouira,
1197,Pharmacie Smimou,pharmacie,0524784421,av Al Massira Smimou ESSAOUIRA,Essaouira,
7125,Pharmacie la Gare,pharmacie,0524472750,av. Mly Driss 1 ESSAOUIRA,Essaouira,
9215,Pharmacie la Kasbah,pharmacie,0524475151,14 rue Allal Ben Abdellah Essaouira - Maroc,Essaouira,
9222,Pharmacie la Mosquée,pharmacie,0524784683,243 av Ibnou Toufail n°1 Essaouira - Maroc,Essaouira,
6728,Pharmacie la Plage,pharmacie,0524785848,1 av Lalla Amina imm. Bounar ESSAOUIRA,Essaouira,
481,Pharmacie Abou Fadl,pharmacie,0523436867,hay Zohour 1 n°11 bloc 40 Fkih ben salah,Fkih Ben Salah,
3495,Pharmacie Abouali,pharmacie,0523434237,"111, bd Allal ben abdellah Fkih ben salah",Fkih Ben Salah,
1959,Pharmacie Al Fath,pharmacie,0623882688,"178, q. Al Fath Fkih ben salah",Fkih Ben Salah,
4756,Pharmacie AlAmal,pharmacie,0523435109,"255, av. Allal Ben Abdellah Fkih ben salah",Fkih Ben Salah,
5188,Pharmacie AlFarabi,pharmacie,0523437046,"1, bd. Allal Ben Abdellah ang. place de la liberté Fkih ben salah",Fkih Ben Salah,
4134,Pharmacie AlMoujahid,pharmacie,0523437426,bd des Far Fkih ben salah,Fkih Ben Salah,
3699,Pharmacie AlQods,pharmacie,0523436424,50 bd Allal Ben Abdellah Fkih ben salah,Fkih Ben Salah,
4480,Pharmacie Alkindi,pharmacie,0523437150,"119, cité Jamila Fkih ben salah",Fkih Ben Salah,
348,Pharmacie Alyosr,pharmacie,0523438044,av. AlMassira Alkhadra Fkih ben salah,Fkih Ben Salah,
3972,Pharmacie Andalous,pharmacie,0523431977,cité Andalous ouled sidi Chennane Fkih ben salah,Fkih Ben Salah,
762,Pharmacie Bab Tlat,pharmacie,0523435238,91 rue Bab Tlat Fkih ben salah,Fkih Ben Salah,
4350,Pharmacie Boukhari,pharmacie,0523439312,139 lot Khaled Fkih ben salah,Fkih Ben Salah,
9086,Pharmacie Béni Oukil,pharmacie,0523420310,centre Béni Oukil Fkih Ben Salah - Maroc,Fkih Ben Salah,
1543,Pharmacie Chifaa,pharmacie,0523439076,"av. Hassan II , cité AlMajd n°46 Fkih ben salah",Fkih Ben Salah,
1575,Pharmacie DHIRAT,pharmacie,0662631612,Ouled aissa ouled ali dhirat Fquih Ben Salah,Fkih Ben Salah,
4487,Pharmacie Doha,pharmacie,0523431046,"hay Farida , rue 6 n°81 Fkih ben salah",Fkih Ben Salah,
5312,Pharmacie ElAmana,pharmacie,0523439431,Oulad Sidi Chennane Fkih ben salah,Fkih Ben Salah,
4206,Pharmacie ElHansali,pharmacie,0523438176,"73, rue ElHansali Fkih ben salah",Fkih Ben Salah,
2585,Pharmacie ElModafar,pharmacie,0523436565,97 bd Houmane Fetouaki Fkih ben salah,Fkih Ben Salah,
5582,Pharmacie ElYassamine,pharmacie,0523433156,"141, bd Allal Ben Abdellah Fkih ben salah",Fkih Ben Salah,
5609,Pharmacie Errahma,pharmacie,0523435733,65 rue Mohamed ElQori Fkih ben salah,Fkih Ben Salah,
5913,Pharmacie Hafir,pharmacie,0523432312,Pharmacie Hafir FKIH BEN SALAH,Fkih Ben Salah,
863,Pharmacie Hay M'ssala,pharmacie,0523438646,hay massala rue 59 n°138 Fkih ben salah,Fkih Ben Salah,
2369,Pharmacie Hôpital,pharmacie,0523433780,quartier M'salla rue 91 n°213 Fkih ben salah,Fkih Ben Salah,
5490,Pharmacie Ibn Rochd,pharmacie,0523432860,Ibtissam 2 bloc 1 n°6 Fkih ben salah,Fkih Ben Salah,
3534,Pharmacie La Victoire,pharmacie,0523439292,"228 Bis, cité Zohour E Fkih ben salah",Fkih Ben Salah,
979,Pharmacie Meskaoui,pharmacie,0523438680,bd Palestine Fkih ben salah,Fkih Ben Salah,
2988,Pharmacie Nahda,pharmacie,0523439383,98 rue Imam Malik hay Nahda Fkih ben salah,Fkih Ben Salah,
4771,Pharmacie Nezha 1,pharmacie,0523434141,"hay Nezha 1 , bloc A n°50 bis Fkih ben salah",Fkih Ben Salah,
993,Pharmacie Oulad Hdiddou,pharmacie,0523437951,rue Oulad Hdiddou Fkih ben salah,Fkih Ben Salah,
3980,Pharmacie Pasteur,pharmacie,0523434793,"98, lot. ElYassmine Fkih ben salah",Fkih Ben Salah,
3343,Pharmacie Raja,pharmacie,0523437557,3 rue Beni Mellal Fkih ben salah,Fkih Ben Salah,
5001,Pharmacie Sabil,pharmacie,0523432180,lot. Nezha II 325 bloc D Fkih ben salah,Fkih Ben Salah,
2280,Pharmacie Souk El Arbeaa,pharmacie,0523435922,bd Allal Ben Abdallah - Autre ville hay Farida Fkih ben salah,Fkih Ben Salah,
3668,Pharmacie Souk Jdid,pharmacie,0523433510,"166, Izza Khouyti Fkih ben salah",Fkih Ben Salah,
8360,Pharmacie Yaqine,pharmacie,0523432222,Pharmacie Yaqine FKIH BEN SALAH,Fkih Ben Salah,
5768,Pharmacie Zerktouni,pharmacie,0523432583,29 bd Zerktouni Fkih ben salah,Fkih Ben Salah,
4673,Pharmacie Zohour,pharmacie,0523439470,cité Zohour Fkih ben salah,Fkih Ben Salah,
5868,Pharmacie de la Gare,pharmacie,0523436564,Pharmacie de la Gare FKIH BEN SALAH,Fkih Ben Salah,
2464,Pharmacie populaire,pharmacie,0523439258,34 av. Hassan II Fkih ben salah,Fkih Ben Salah,
583,Pharmacie Ain Kadouss,pharmacie,0535646094,"av. youssef ben tachfine, ain kadous proche du cinéma mauritanie Fes",Fès,
899,Pharmacie Al Anouar,pharmacie,0535649077,"place lahbabi, bab el khokha lfakharine Fes",Fès,garde 24h/24
1252,Pharmacie Al Ghassani,pharmacie,0535940078,douar al asker. route hopital al ghassani. face de la caserne militaire Fes,Fès,
1288,Pharmacie Al Hanae,pharmacie,0535763516,"jnane tbib hay el m'cela, dehors bab lftouh. en face lot. tajmouati Fes",Fès,
2207,Pharmacie Amine,pharmacie,0535760770,n°32 double route jadida rassif proche de l'hopital route el jadida Fes,Fès,
2267,Pharmacie Annamae,pharmacie,0608186722,"pharmacie annamae, hay annamae lot 354 bensouda, route hay al massira Fes",Fès,
2527,Pharmacie Asmae,pharmacie,0535732193,"122 s narjis , 42 bd rachad , 200 metres du hamam narjis Fes",Fès,
2794,Pharmacie Azzaytoune,pharmacie,0535726898,"pharmacie azzaytoune, lot. azzaytoune km 7 n 8 ras el ma bensouda Fes",Fès,
628,Pharmacie Aïn Smen,pharmacie,0535602419,bloc b 172 hay al wifaq route ain smen Fes,Fès,
2869,Pharmacie Bab Boujloud,pharmacie,0535633222,place bab boujloud fès médina Fes,Fès,
2882,Pharmacie Bab El Hamra,pharmacie,0535648220,"n°6 ras kaleaa, derrière sidi ali boughaleb, a coté dépot municipal Fes",Fès,
3065,Pharmacie Bab Elkhokha,pharmacie,0535649610,5 lotiss. Najah Bab El Khokha Fès,Fès,
3077,Pharmacie Bab Guissa,pharmacie,0535635584,numéro 25 bab guissa a cote du palais jamaai Fes,Fès,
3146,Pharmacie Bab Lghoul,pharmacie,0535626927,n° 85. bab lghoul. dhar lmehraz. a coté de l'hopital al ghassani Fès,Fès,
3155,Pharmacie Bab Siffer,pharmacie,0535646136,Pharmacie Bab Siffer FES,Fès,
3400,Pharmacie Belmhani,pharmacie,0535733993,Pharmacie Belmhani FES,Fès,
3417,Pharmacie Benjelloun,pharmacie,0535610967,"lotiss krikach, n°24 hay tarik a coté de l'école malaika en face du palais FES",Fès,
3469,Pharmacie Benmimoun,pharmacie,0535610848,"pharmacie benmimoun, 60, rue annasr hay riad, route ain smen FES",Fès,
3585,Pharmacie Blad Skallia,pharmacie,0535764271,Pharmacie Blad Skallia FES,Fès,
3623,Pharmacie Bled Tahiriyine,pharmacie,0535630682,bled belmakhlouf n°46 rue1. tahiriyine Fes,Fès,
3650,Pharmacie Blida,pharmacie,0632775720,"n°30 chouwara. hay blida fès medina, entre sidi ahmed tijani et dar dbagh Fes",Fès,
3695,Pharmacie Blida,pharmacie,0667410073,"pharmacie blida, 30 chouwara hay blida, entre sidi ahmed tijani et dar dbagh Fes",Fès,
3853,Pharmacie Boutouil,pharmacie,0535652845,"46 boutouil, derb btatha, fes jdid a cote ecole bab ryafa",Fès,
4101,Pharmacie Complexe Sportif,pharmacie,0535732873,"28, bd arrahma narjis d. hay al qods. près de l'école al bakri et mosquée arrahma FES",Fès,
4126,Pharmacie Dar Dmana,pharmacie,0535630740,hafrat bennis a coté du centre santé ain nokbi FES,Fès,
4362,Pharmacie Derb Lamty,pharmacie,0535761583,"n°1, derb lamty, rue fouah, r'cif Fes",Fès,
4640,Pharmacie Douiet,pharmacie,0535726023,Pharmacie Douiet FES,Fès,
4684,Pharmacie Driss,pharmacie,0532002800,"2 lot. almssala, hay al mssala bab ftouh Fes",Fès,
5005,Pharmacie El Menzeh,pharmacie,0535711096,"sehrij guenaoua, n°46, bab ftouh",Fès,
5367,Pharmacie Fares,pharmacie,0535751912,dhar lkhmis 4. hafrat ben slimane. a coté collège abd el ali benchakroun Fes,Fès,
5394,Pharmacie Fatima Fihria,pharmacie,0535741353,"pharmacie fihria, n°167, derb bouajjara, bab jdid Fes",Fès,
5416,Pharmacie Fatima Zahra,pharmacie,0535604521,"pharmacie fatima zahra, 2 lot. tourya anas 3 a coté clinique arrazi FES",Fès,
5451,Pharmacie Fes Shore,pharmacie,0535619528,"n° 212 lot alhawaa el jamil. 200m de la faculté du médecine, route sidi hrazem Fes",Fès,
5463,Pharmacie Filali,pharmacie,0535622163,boulevard obaida ibn aljarah .proche du consulat de la france Fes,Fès,
5599,Pharmacie Hanane,pharmacie,0535649181,"54a bis, jnane bennis, route bab khokha. (face du mosquée tajmouaati) Fes",Fès,
5608,Pharmacie Haoudi,pharmacie,0535642005,Pharmacie Haoudi FES,Fès,
5812,Pharmacie Hay Laalou,pharmacie,0535751978,"n°30. hay laalou. hay ain haroun agadir, proche du terminus des bus 7-8-49 Fes",Fès,
5885,Pharmacie Ibn Baytar,pharmacie,0535669035,"4, rue Senhaja, Jnane suissi Fès",Fès,
6190,Pharmacie Ilya,pharmacie,0631713183,Pharmacie Ilya FES,Fès,
6178,Pharmacie Ilya,pharmacie,0613917179,"lot. bab elghoul a5 dher elmahraz, proche de l'hopital el ghassani Fes",Fès,
6466,Pharmacie Jbel Tghat,pharmacie,0535750788,hay tghat a cote de préfecture zouagha moulay yacoub route marjane Fes,Fès,
6569,Pharmacie Jnane Drader,pharmacie,0535763849,"pharmacie jnane drader, 34 rue 3 jnane drader sidi boujida Fes",Fès,
6672,Pharmacie Kamal,pharmacie,0535762065,numéro 12 rue blad saadani sehb al ward a cote du terminus 53 Fes,Fès,
6719,Pharmacie Karaouine,pharmacie,0535640749,Pharmacie Karaouine FES,Fès,
6786,Pharmacie La Baraka,pharmacie,0535748766,numéro 15 lot firdaws hay adarissa a cote de mosquée al baraka a cote de ista Fes,Fès,
7102,Pharmacie La Lavande,pharmacie,0535607879,hay Rajae rue 2 n°13 Champ de Cours Fès,Fès,
7149,Pharmacie La Menara,pharmacie,0535615672,635 bd al karaouiyine narjiss c rte de sefrou Fes,Fès,
7307,Pharmacie Laguzira,pharmacie,0535763900,n° 13 fran chrarda laguzira a coté de la mosquée al makhfiya et cinéma al amal FES,Fès,
7375,Pharmacie Lavande,pharmacie,0536607879,Pharmacie Lavande FES,Fès,
7452,Pharmacie Les Merinides,pharmacie,0535645169,"numéro 24, hay ben zakour dher lkhmiss en face préfecture meriniyine Fes",Fès,
7541,Pharmacie Louageryine,pharmacie,0535940033,Pharmacie Louageryine FES,Fès,
7544,Pharmacie Louizate,pharmacie,0535629882,"pharmacie louizate, bled diouri n°44, douar riafa, bab ftouh Fes",Fès,
7587,Pharmacie Mabrouka,pharmacie,0535700377,"27, lotiss. mabrouka 2, belkhayat, terminus 37 Fes",Fès,
7644,Pharmacie Malaika,pharmacie,0535962247,hay badr 1 lot. mehdi n°50 pres ecole malaika Fes,Fès,
7651,Pharmacie Marhaba,pharmacie,0535641381,"hay el mernissi sidi brahim, a coté poste sidi brahim et hotel fès inn FES",Fès,
7856,Pharmacie Mouene,pharmacie,0535711748,hay Msallah lotiss. Andalous Fès,Fès,
7921,Pharmacie Mounad,pharmacie,0535763503,hay Sehb El Ward rue 1 n°17 bis blad Raiss Fès,Fès,
8005,Pharmacie Nationale,pharmacie,0535634313,n°42. rue talaa sghira Fes,Fès,
8047,Pharmacie Nour,pharmacie,0535943513,n° 85. bd les marinides. mellah Fes,Fès,
8067,Pharmacie Nouzha,pharmacie,0535610374,route ain chqef. mosquée mouad ibn jabel. lotissement nouzha. face écoles al falah Fes,Fès,
8106,Pharmacie Oued Zhoun,pharmacie,0535635969,"numéro 47 , arssat betioui oued zhoun Fes",Fès,
8156,Pharmacie Oum El Banine,pharmacie,0535635562,"n°10, boulevard ahmed mekouar, bathaa, près du lycée oum el banine Fes",Fès,
9607,Pharmacie Oxygène,pharmacie,0535657902,2 hay Dhar El Mehraz rue Tarik Al Moqadassa Fès - Maroc,Fès,
8182,Pharmacie Oxygène,pharmacie,0611706272,cité 2 rue tariq al moqadassa dher lmahraz Fes,Fès,
8228,Pharmacie Populaire,pharmacie,0535621929,"92, bab jyaf en face de bab samarine boulkhsisat, fes jdid",Fès,
8264,Pharmacie R'cif,pharmacie,0535633323,"rahbat tben, bab jdid .r'cif Fes",Fès,
8365,Pharmacie Sagha,pharmacie,0535634042,hay sagha Fes,Fès,
8411,Pharmacie Sebti,pharmacie,0535640666,"n°1, bloc c, rue benzakour. en face du lycée ben tachfine - clinique riyad atlas FES",Fès,garde 24h/24
8426,Pharmacie Sehb Elward,pharmacie,0535761484,"5, sehb elward, rue 3 en d'hors du bab ftouh Fes",Fès,
8432,Pharmacie Sehrij Gnaoua,pharmacie,0535630816,"n°201 blad tahri, sahrij gnaoua FES",Fès,
8451,Pharmacie Sidi Ali Boughaleb,pharmacie,0535649500,drouj malakia bab ftouh Fes,Fès,
8452,Pharmacie Sidi Boujida,pharmacie,0535648703,sidi boujida Fes,Fès,
8537,Pharmacie Tadamoune,pharmacie,0535649215,hay Sahrij Gnaoua bloc 30 B n°54 Elmenzeh Fès,Fès,
8681,Pharmacie Youssef Ibn Tachfine,pharmacie,0535753702,lot riad limoune s14 n°3 route meknes Fes,Fès,
8734,Pharmacie Zalagh,pharmacie,0535701025,lot hadika tranche 2. route entre dauaa et oued fès Fes,Fès,
8750,Pharmacie Zemmouri,pharmacie,0535601446,"pharmacie zemmouri, route ain smen a cote istea Fes",Fès,
8756,Pharmacie Ziat,pharmacie,0535634446,12 hay ziat bathaa,Fès,
7232,Pharmacie la Ménara,pharmacie,0535658694,635 bd Al Karaouiyine Narjiss C rtede Sefrou Fès,Fès,
7464,Pharmacie les Trois Sources,pharmacie,0535963300,rte d'imouzzer lotiss. labar n°61 FES,Fès,
9995,pharmacie olha,pharmacie,0677208990,"N° 1 lot A151 lot,bab el ghoul tranche 2 dhar mahraz-fes a cote hôtel saharai",Fès,
1591,La Grande Pharmacie de Guelmim,autre_point_de_vente,0528872015,Avenue Al Massira angle av. Youssef Ben Tachefine Guelmim,Guelmim,09H A 21H
7327,Pharmacie Al Azhar,pharmacie,0528871819,59 av Tayert hay Adarissa II GUELMIM,Guelmim,
7481,Pharmacie Al Fath,pharmacie,0528770170,29 lotiss. Al Fath Guelmim,Guelmim,
182,Pharmacie Al Mokhtar Soussi,pharmacie,0528773319,bd Mokhtar Soussi Guelmim,Guelmim,
5288,Pharmacie AlMassira,pharmacie,0528873422,192 rue AlMassira Guelmim,Guelmim,
1667,Pharmacie Almahatta,pharmacie,0528872394,136 av. Ibn Battouta Guelmim,Guelmim,
7397,Pharmacie Amhirich,pharmacie,0528773284,av 3 Mars rte de Tan Tan GUELMIM,Guelmim,
4002,Pharmacie Arrahma,pharmacie,0528870720,bd Prince Héritier Guelmim,Guelmim,
1821,Pharmacie Assalam,pharmacie,0528772155,189 bd Hassan I Nwader Guelmim,Guelmim,
5086,Pharmacie Bab Sahra,pharmacie,0528872426,22 av des Far Guelmim,Guelmim,
1421,Pharmacie Beddine,pharmacie,0528771760,av Tan Tan Guelmim,Guelmim,
3952,Pharmacie Ben Tahr,pharmacie,0528771314,56 av Allal Ben Abdellah hay Al Massira II Guelmim,Guelmim,
4819,Pharmacie Charia Al Wad,pharmacie,0528772853,bd Moulay Hicham Al Wad Guelmim,Guelmim,
3408,Pharmacie Chifaa,pharmacie,0528770545,382 av Hassan II Guelmim,Guelmim,
9005,Pharmacie Corniche,pharmacie,0528774700,bd Ibn Batouta Guelmim - Maroc,Guelmim,
7779,Pharmacie Dakhla,pharmacie,0528871288,av. Ibn Toumert (jdid) hay Miri Guelmim,Guelmim,
10120,Pharmacie El Hoda,pharmacie,0528770303,bd Amane Ouchen Guelmim,Guelmim,
1642,Pharmacie Gharnata,pharmacie,0808521255,10 hay nouader Zrouila Guelmim,Guelmim,
4297,Pharmacie Guelmim,pharmacie,0528873055,212 place Bir Anzarane Guelmim,Guelmim,
8784,Pharmacie Hôpital Régional,pharmacie,0808560362,hay Arrahma - Autre ville rte Sidi Ifni bloc 3 Guelmim,Guelmim,
7284,Pharmacie Ichraq,pharmacie,0528770543,hay Essaadiyine rue 20 n°20 Guelmim,Guelmim,
6192,Pharmacie Ifrane,pharmacie,0528788950,Pharmacie Ifrane GUELMIM,Guelmim,
7704,Pharmacie Jamal,pharmacie,0528871100,257 av. Al Moukaouama GUELMIM,Guelmim,
2262,Pharmacie Kenza,pharmacie,0528873655,"av. 3 Mars , Rte de Tan Tan Guelmim",Guelmim,
238,Pharmacie Lotfi,pharmacie,0528872216,56 bd. Mehdi Ben Toumert Guelmim,Guelmim,
9135,Pharmacie Meryem,pharmacie,0649941730,32 bd Hassan II Guelmim - Maroc,Guelmim,
8951,Pharmacie Moderne,pharmacie,0528772460,bd Ibn Toumert n°314/316 Guelmim - Maroc,Guelmim,
5656,Pharmacie Mouqaouama,pharmacie,0528770354,30 av. Mouqaouama Guelmim,Guelmim,
6899,Pharmacie Nouvelle,pharmacie,0528770488,162 av. Mehdi Ben Toumert GUELMIM,Guelmim,
2409,Pharmacie Oued Noun,pharmacie,0528873848,av. Hassan II n°40 Guelmim,Guelmim,00H A 09H
254,Pharmacie Oumaima,pharmacie,0528772838,av. Ibn Rochd Guelmim,Guelmim,
8367,Pharmacie Plage Blanche,pharmacie,0528871377,av Hassan II rte d'Ifni hay Rahma Guelmim,Guelmim,
6046,Pharmacie Principale,pharmacie,0528873184,Pharmacie Principale GUELMIM,Guelmim,
4196,Pharmacie Route d'Ifni,pharmacie,0528871110,415 Av. Hassan II Guelmim,Guelmim,
3849,Pharmacie Sabor,pharmacie,0528771888,157 av. Abainou Guelmim,Guelmim,
2052,Pharmacie Sidi El Ghazi,pharmacie,0528772080,293 av. des F.a.r Guelmim,Guelmim,
5124,Pharmacie Tafilalet,pharmacie,0528771832,44 av. Youssef Ibn Tachfine Guelmim,Guelmim,
7516,Pharmacie Tayert,pharmacie,0528873795,av Ibnou Sina hay Tayert Guelmim,Guelmim,
570,Pharmacie centrale,pharmacie,0528872148,37 Boulevard Mohammed V Guelmim,Guelmim,09H A 21H
148,Pharmacie de la Santé,pharmacie,0528771891,130 bd. Agadir Guelmim,Guelmim,09H A 21H
4749,Pharmacie du Palais,pharmacie,0528771030,179 av. ElMassira place 20 Août Guelmim,Guelmim,
8987,Pharmacie du Peuple,pharmacie,0528772816,138 av ElKourchi Guelmim - Maroc,Guelmim,
2129,Pharmacie du Souk,pharmacie,0528872013,"place Hassan II , n°90 Guelmim",Guelmim,
411,Pharmacie du Sud,pharmacie,0528873474,av Med VI route d'Agadir Guelmim,Guelmim,
6440,Pharmacie l'Hopital,pharmacie,0528872278,181 av. Aabouda GUELMIM,Guelmim,
9803,Pharmacie Abdelkarim Khattabi,pharmacie,0535676876,bd Abdelkrim Kattabi - Autre ville Guercif - Maroc,Guercif,garde 24h/24
9371,Pharmacie Al Baladia,pharmacie,0535200909,"Bd Allal Ben Abdellah, Guercif",Guercif,garde 24h/24
9960,Pharmacie Al Farabi,pharmacie,0535676089,rte de Taza - Autre ville Guercif,Guercif,
9700,Pharmacie Al Filali,pharmacie,0535200958,hay Ennajd Guercif - Maroc,Guercif,
9827,Pharmacie Al Hourria,pharmacie,0535675199,lotiss. El Houria - Autre ville Guercif - Maroc,Guercif,
10125,Pharmacie Alfassi Senhaji,pharmacie,0535202022,"lotissement Wiam , n°10 Guercif",Guercif,
9783,Pharmacie Allal Ben Abdellah,pharmacie,0535200771,147 bd Allal Ben Abdallah - Autre ville Guercif - Maroc,Guercif,
9819,Pharmacie Annarjis,pharmacie,0535200459,4 bd Tafilelt - Autre ville Guercif - Maroc,Guercif,
6358,Pharmacie Aïn Zoura,pharmacie,0535675450,104 av Mly Youssef GUERCIF,Guercif,
7077,Pharmacie Centrale,pharmacie,0535675056,bd. Mohammed V ang. av. Al Ittihad GUERCIF,Guercif,
1425,Pharmacie Chifae,pharmacie,0535675478,11 rue Melwiya GUERCIF,Guercif,
6047,Pharmacie Chouiber,pharmacie,0535200961,574 hay Chouiber II GUERCIF,Guercif,
9854,Pharmacie Ennour,pharmacie,0535202133,lotiss. Malouiya Guercif - Maroc,Guercif,
5936,Pharmacie Grande Pharmacie du Rif,pharmacie,0535200441,60 av Abdelmoumen Ben Ali GUERCIF,Guercif,
6463,Pharmacie Guercif,pharmacie,0535676210,11 av Mly Youssef GUERCIF,Guercif,
9961,Pharmacie Harchat Gambir,pharmacie,0535200293,hay Al Arass Guercif,Guercif,
5911,Pharmacie Houara,pharmacie,0535200694,218 bd. My Youssef rte Oujda GUERCIF,Guercif,
9802,Pharmacie Ibn Al Haytam,pharmacie,0535675438,rue Ibn Al Haytam Guercif - Maroc,Guercif,
6829,Pharmacie Ibnou Sina,pharmacie,0535675055,100 Av. Mly Hassan GUERCIF,Guercif,
9836,Pharmacie Idrissi,pharmacie,0535202442,Lotissement Omrane Guercif - Maroc,Guercif,
9812,Pharmacie L'Oriental,pharmacie,0535676194,Rte Saka Guercif - Maroc,Guercif,
8397,Pharmacie La Clinique,pharmacie,0535675144,3 X av. Abdelkrim El Khattabi hay Nougd GUERCIF,Guercif,
9908,Pharmacie Labiad,pharmacie,0538610652,"n° 85, Avenue adbelkrim khattabi, Guercif",Guercif,
9778,Pharmacie Moderne,pharmacie,0535201321,lotissement laaricha Guercif - Maroc,Guercif,
9828,Pharmacie Moulay Ahmed,pharmacie,0535200573,Route Saka Guercif - Maroc,Guercif,
8503,Pharmacie Moulouya,pharmacie,0535675602,av Mohamed V GUERCIF,Guercif,
7344,Pharmacie Nougd,pharmacie,0535200115,36 bd. Abdelkrim El Khattabi hay Nougd GUERCIF,Guercif,
9747,Pharmacie Othmane ben Affane,pharmacie,0538505196,lotiss. Najah - Autre ville Guercif - Maroc,Guercif,
9804,Pharmacie Ouled Hamoussa,pharmacie,0535200954,bd Ibn Haytam rue 2 n?1 Guercif - Maroc,Guercif,
10223,Pharmacie Pôle Ghayta (Qotb),pharmacie,0707159000,"pole urbain ghiata secteur 3 N:5, Guercif",Guercif,
5960,Pharmacie Rochdi,pharmacie,0535675857,av Itihad GUERCIF,Guercif,
9954,Pharmacie Route Saka,pharmacie,0538650302,lotiss. Al Houda rte se Saka Guercif,Guercif,
933,Pharmacie Tarik,pharmacie,0535676160,89 bd Mohammed V Guercif,Guercif,
10049,Pharmacie Val D’or,pharmacie,0537749494,"No 22, Val D'or, Harhoura, Avenue Moulay Abdellah, 12040",Harhoura,
6152,Pharmacie AlFadila,pharmacie,0535567546,146 hay AlAtlas IFRANE,Ifrane,
6625,Pharmacie Alouafae,pharmacie,0535563850,Pharmacie Alouafae IFRANE,Ifrane,
7848,Pharmacie Belyazid,pharmacie,0535566415,hay Essalam bloc Gb n°20 IFRANE,Ifrane,
586,Pharmacie Du Dispensaire,pharmacie,0535566060,369 hay essalam Ifrane,Ifrane,
8799,Pharmacie Essalam,pharmacie,0535566677,186 hay Essalam IFRANE,Ifrane,
6542,Pharmacie Iris,pharmacie,0535567576,Marché Municipale IFRANE,Ifrane,
1964,Pharmacie Michlifen,pharmacie,0535566496,7 rue des Erables Ifrane,Ifrane,
6284,Pharmacie Timahdite,pharmacie,0535560460,Centre Timahdite IFRANE,Ifrane,
7950,Pharmacie du Bouling,pharmacie,0535567784,bd la Marche Verte résid. Ifrane Bowling Center hay Ryad,Ifrane,
9962,Pharmacie AlMasjid,pharmacie,0539806677,rue 2 n° 2 Imzouren,Imzouren,
9917,Pharmacie Dina Santé,pharmacie,0633767975,220 bd Al Wahda - Autre ville Imzouren,Imzouren,
6199,Pharmacie Nekor,pharmacie,0539806904,Pharmacie Nekor IMZOUREN,Imzouren,
9932,Pharmacie Tarik Ibn Ziad,pharmacie,0539806809,bd Casablanca rue Tamassind Imzouren,Imzouren,
3545,Pharmacie 10 Ramadan,pharmacie,0528833866,"rue 569 n°149 , Tarrast Inezgane",Inezgane,
2353,Pharmacie Aabir,pharmacie,0528333728,62 x bd hassan ii - taghzout Inezgane,Inezgane,00H A 09H
2484,Pharmacie Al Firdaouss,pharmacie,0633669516,av de l arrondissement rue 707 Tarrast Inezgane,Inezgane,
2809,Pharmacie Al Moggar,pharmacie,0528834848,45 av mokhtar soussi Inezgane,Inezgane,
2983,Pharmacie AlMassira,pharmacie,0528834420,95 av. mohammed v Inezgane,Inezgane,
547,Pharmacie AlWafa,pharmacie,0528835032,rte. principale tarrast Inezgane,Inezgane,
3493,Pharmacie Argana,pharmacie,0528336830,"193, bd. My Abdellah Inezgane",Inezgane,
6156,Pharmacie Assalam,pharmacie,0528836361,hay Sidi Fadoul zone 1 n°102 Tarrast INEZGANE,Inezgane,
3366,Pharmacie Bouzgar,pharmacie,0528838225,"Bouzgar , rue 640 n°4 Inezgane",Inezgane,
5487,Pharmacie Chahir,pharmacie,0528330101,rue Bouzager squar jorf Inezgane,Inezgane,09H A 21H
982,Pharmacie Des Hopitaux,pharmacie,0528834201,"av. mly ali chrif bounaman, près de l'hopital d'inezgane",Inezgane,
2714,Pharmacie El Hilal,pharmacie,0528335882,"av al amaouiine (chanti jdid), rue 558 n°8 tarrast Inezgane",Inezgane,
1072,Pharmacie El Walidaine,pharmacie,0528330307,"2 bis, timegrad jorf , rue 433 Inezgane",Inezgane,
5792,Pharmacie ElAmine,pharmacie,0528271177,"409, bd Moukhtar Soussi , El Ghiaten, Dcheira Inezgane",Inezgane,
1396,Pharmacie Essaâda,pharmacie,0528832815,"109, bd hassan i Inezgane",Inezgane,
4469,Pharmacie Ezzahra,pharmacie,0528337507,"34 Bis, bd Al Mourabitine , cité des Fonctionnaires Inezgane",Inezgane,
2337,Pharmacie Ezzahra,pharmacie,0668456715,"34 bis, bd al mourabitine, cité des fonctionnaires (tel2: 0528337507) Inezgane",Inezgane,
5130,Pharmacie Hader,pharmacie,0528837650,"lot. Rmel 2 , n° E13, Tarrast Inezgane",Inezgane,
4623,Pharmacie Hagounia,pharmacie,0528832161,"1, av Mokhtar Essoussi imm. Hagounia Inezgane",Inezgane,
5698,Pharmacie Hanane,pharmacie,0528337236,"place du café, jorf Inezgane",Inezgane,
4854,Pharmacie Jamal,pharmacie,0528333718,"35, av des F.a.r. , cité Oued Eddahab Inezgane",Inezgane,
1088,Pharmacie Jorf,pharmacie,0528836313,route pl de Jorf Derb Aliouat Inezgane,Inezgane,
4987,Pharmacie Kourtit,pharmacie,0528270724,"54, rue Faïssal Ben Abd ElAziz , Takarkout, Dcheira Inezgane",Inezgane,
3427,Pharmacie La Grande Pharmacie Jorf,pharmacie,0528833064,"50, entrée arrondissement Jorf Inezgane",Inezgane,
2760,Pharmacie Lot Couscouss,pharmacie,0528272399,lot ElFaiz n°40 rue 2071 Dcheira Inezgane,Inezgane,
4128,Pharmacie Masdoura,pharmacie,0528335044,rue 507 n°5 Bouzgar Mesdoura Inezgane,Inezgane,
7096,Pharmacie Najah Igroumai,pharmacie,0528271800,266 bd Sidi Haj Lahbib Igroumai Dcheira INEZGANE,Inezgane,
852,Pharmacie Nass Jorf,pharmacie,0528337474,"18, jorf inezgane , rue 442, près de la mosquée maou3ida",Inezgane,
5412,Pharmacie Nouvelle,pharmacie,0528837860,"12, bd M'hand Obrahim , Bouzegar hay Jorf Inezgane",Inezgane,
7336,Pharmacie Pasteur,pharmacie,0528272947,201 av. Mokhtar Soussi Dcheira INEZGANE,Inezgane,
1005,Pharmacie Rahal Ben Ahmed,pharmacie,0528836747,103 lot Amlal Inezgane,Inezgane,
5554,Pharmacie Rmel,pharmacie,0528337314,"515, Lot. Rmel 2 , Tarrast Inezgane",Inezgane,09H A 21H
1409,Pharmacie Souk Al Houria,pharmacie,0661378843,777 souk al houria Inezgane,Inezgane,
2826,Pharmacie Souk Al Houria,pharmacie,0771532334,"777 souk al houria, entrée 8 (tél2: 0661378843) Inezgane",Inezgane,
275,Pharmacie Taghzoute,pharmacie,0528335556,avenue mohamed v ang. av 3 mars cité hassani Inezgane,Inezgane,
3645,Pharmacie Taj,pharmacie,0528334242,av. Mly Ali Cherif Mesdoura Inezgane,Inezgane,
1824,Pharmacie Tarraste,pharmacie,0528833033,route principale tarraste Inezgane,Inezgane,
4644,Pharmacie Vittoria,pharmacie,0528271894,"hay Rochdi, rue 1518 n°61 , Dcheira Inezgane",Inezgane,
3464,Pharmacie de la Grande Mosquée,pharmacie,0528330767,"place de la grande mosquée , q. Tarraste Inezgane",Inezgane,
1482,Pharmacie de la place,pharmacie,0528832510,3 rue des écoles imm. Chahrazade Inezgane,Inezgane,
1174,Pharmacie du sud,pharmacie,0528832332,105 rue des écoles (tel 2: 0528 83 23 31) Inezgane,Inezgane,
9279,Pharmacie les Chalets 2,pharmacie,0528331113,100 cit,Inezgane,
6148,Pharmacie Itzer,pharmacie,0535598145,Pharmacie Itzer,Itzer,
6985,Pharmacie AlHamd,pharmacie,0524642670,Pharmacie AlHamd JEMAA SEHAIM,Jemaa Sehaim,
6161,Pharmacie Centrale,pharmacie,0524642045,Pharmacie Centrale JEMAA SEHAIM,Jemaa Sehaim,
8018,Pharmacie Principale,pharmacie,0524642313,Pharmacie Principale JEMAA SEHAIM,Jemaa Sehaim,
7438,Pharmacie Taieb,pharmacie,0524642651,Pharmacie Taieb JEMAA SEHAIM,Jemaa Sehaim,
7122,Pharmacie AlAmal,pharmacie,0537555339,Pharmacie AlAmal KHEMISSET,Khemisset,
6876,Pharmacie AlHouda,pharmacie,0537554466,Amicale Essafa n°116 hay Essada KHEMISSET,Khemisset,
6870,Pharmacie AlMasjid AlKadim,pharmacie,0537556027,Pharmacie AlMasjid AlKadim KHEMISSET,Khemisset,
2431,Pharmacie AlMostakbal,pharmacie,0537551211,Pharmacie AlMostakbal KHEMISSET,Khemisset,
952,Pharmacie Alwafae,pharmacie,0537558526,185 av. Mohammed V Khemisset,Khemisset,
6209,Pharmacie Annasr,pharmacie,0537554125,Pharmacie Annasr KHEMISSET,Khemisset,
6402,Pharmacie Arrahma,pharmacie,0537558816,77 X rue Oued Tensift Zahrra KHEMISSET,Khemisset,
6122,Pharmacie Asmae,pharmacie,0537552285,Pharmacie Asmae KHEMISSET,Khemisset,
2743,Pharmacie Bel Hassan Louazani,pharmacie,0537556662,129 hay Riad Khemisset,Khemisset,
7076,Pharmacie Bouchaara,pharmacie,0537555444,94 av. Allal Ben Abdellah KHEMISSET,Khemisset,
6718,Pharmacie Centrale,pharmacie,0537553226,149 rue Rahmani Allal hay Essalam KHEMISSET,Khemisset,
10156,Pharmacie Diar Al Hamraa,pharmacie,0537559715,"hay Marrakech , Diour Alhomar Khémisset",Khemisset,
6478,Pharmacie ElBassatine,pharmacie,0537555638,110 lot ElBassatine 2 KHEMISSET,Khemisset,
6399,Pharmacie ElWahda,pharmacie,0537552713,Pharmacie ElWahda KHEMISSET,Khemisset,
6077,Pharmacie Essalam,pharmacie,0537553022,147 av. Bir Anzarane hay Salam KHEMISSET,Khemisset,
7132,Pharmacie Firdaous,pharmacie,0537550550,158 X rue Cdt Driss Harti hay Essalam KHEMISSET,Khemisset,
7000,Pharmacie Hakamat,pharmacie,0537552444,28 rue Benzert lot Hakamat KHEMISSET,Khemisset,
6926,Pharmacie Hourri,pharmacie,0537558474,rue Ait Baamrane hay Najah KHEMISSET,Khemisset,
6493,Pharmacie Ibn AlBaytar,pharmacie,0537551110,61 lotiss. El Fath KHEMISSET,Khemisset,
7177,Pharmacie Le Chateau,pharmacie,0537559290,393 av Mohamed Zerktouni hay ElFarah I KHEMISSET,Khemisset,
6928,Pharmacie Maamora,pharmacie,0537556559,14 av. Abderrahmane Zemmouri hay Maâmoura KHEMISSET,Khemisset,
6379,Pharmacie Marmouche,pharmacie,0537516743,Pharmacie Marmouche KHEMISSET,Khemisset,
6621,Pharmacie Najah,pharmacie,0537551345,rue Ait Abbou KHEMISSET,Khemisset,
7194,Pharmacie Naji,pharmacie,0537559453,Pharmacie Naji KHEMISSET,Khemisset,
6572,Pharmacie Sidi Ghandour,pharmacie,0537551629,"510, hay Rettaha KHEMISSET",Khemisset,
6369,Pharmacie Sidi Ghrib,pharmacie,0537559222,Pharmacie Sidi Ghrib KHEMISSET,Khemisset,
5847,Pharmacie Zerktouni,pharmacie,0587558978,Pharmacie Zerktouni KHEMISSET,Khemisset,
6821,Pharmacie Zône Industrielle,pharmacie,0537559758,Pharmacie Zône Industrielle KHEMISSET,Khemisset,
6727,Pharmacie de Ville,pharmacie,0537551146,193 rue Oued Sebou hay Zahra KHEMISSET,Khemisset,
1150,Pharmacie des Cliniques,pharmacie,0537551018,av. Khalid Ibn El Oualid lot Hakamat Khemisset,Khemisset,
1659,Pharmacie des Zemmours,pharmacie,0537552794,274 bd Mohammed V Khemisset,Khemisset,
8212,Pharmacie la Belle Vie,pharmacie,0537550427,av Mohammed V galerie Belle Vie KHEMISSET,Khemisset,
6413,Pharmacie la Fontaine,pharmacie,0537559352,32 rue Hilali Larbi Essalam KHEMISSET,Khemisset,
6195,Pharmacie lirac,pharmacie,0537556234,19 rue Abou Dhabi KHEMISSET,Khemisset,
6305,Pharmacie marhaba,pharmacie,0537558297,Pharmacie marhaba KHEMISSET,Khemisset,
33,Pharmacie 21 Août,pharmacie,0523561012,"rue 21 Août , bloc D n°3 Khouribga",Khouribga,
303,Pharmacie Akhoune,pharmacie,0675192695,16 rue Aarif Mehdi Khouribga,Khouribga,
536,Pharmacie Al Khair,pharmacie,0523495952,bd Moulay Idriss 1er Trik Al Fokara Khouribga,Khouribga,
615,Pharmacie Al Manal,pharmacie,0523494263,rue Zaitouna 3 n° 923 Khouribga,Khouribga,09H A 21H
748,Pharmacie Al Ouafa,pharmacie,0523560253,hay Al Massira Rihane 3 n° 1 Khouribga,Khouribga,
1334,Pharmacie AlMarjane,pharmacie,0523495122,43 X nouveaux logements O.c.p. Khouribga,Khouribga,
1374,Pharmacie AlMasjid,pharmacie,0523492606,6 hay Mohammedi Khouribga,Khouribga,
1529,Pharmacie AlMassira,pharmacie,0523499119,"294, av Ahmed ElHiba , bloc C Khouribga",Khouribga,
1949,Pharmacie Amtoun,pharmacie,0523561700,bd Mohammed VI c.com. Marjane n°8 Khouribga,Khouribga,
1973,Pharmacie Aneflous,pharmacie,0540156912,81 bd Massira El Khadra coopérative Bir Anzaran hay Saâda Khouribga,Khouribga,
2233,Pharmacie Assalam,pharmacie,0523566220,"cité AlMassira , bd Ahmed ElHiba Khouribga",Khouribga,
2350,Pharmacie Azzaitouna,pharmacie,0523490063,"134, nouveaux logements O.c.p. Khouribga",Khouribga,
9119,Pharmacie Belbsir,pharmacie,0523492452,3 mosquée Errahmane hay ElFaraj Khouribga - Maroc,Khouribga,
9299,Pharmacie Benjelloul,pharmacie,0689355222,Douar Benjelloul n° 342 Khouribga - Maroc,Khouribga,
2654,Pharmacie Bnou Haytam,pharmacie,0523563404,179 Yasmina 1 2°tranche Khouribga,Khouribga,
2655,Pharmacie Boujniba,pharmacie,0523570295,Pharmacie Boujniba KHOURIBGA,Khouribga,
2692,Pharmacie Boulanouar,pharmacie,0523577808,Pharmacie Boulanouar KHOURIBGA,Khouribga,
2769,Pharmacie Centrale,pharmacie,0523560980,13 rue Moulay Abderrahmane Khouribga,Khouribga,
3002,Pharmacie Cherkaoui,pharmacie,0523564971,136 rue Moulay Driss Khouribga,Khouribga,
3045,Pharmacie Chifa,pharmacie,0523562653,3 rue de Meknés Khouribga,Khouribga,
3590,Pharmacie Eddakhla,pharmacie,0523565254,96 B rue des Amandiers hay Dakhla Khouribga,Khouribga,
3660,Pharmacie El Ghaz,pharmacie,0671634580,rue Bab Lakbir Khouribga,Khouribga,
4013,Pharmacie Ennour,pharmacie,0523564902,169 av. 16 Novembre hay Nahda Khouribga,Khouribga,
4247,Pharmacie Ghizlaine,pharmacie,0673141886,Khouadria Jdad bloc 1 n° 16 Khouribga,Khouribga,
4312,Pharmacie Gnadiz,pharmacie,0523410152,Pharmacie Gnadiz KHOURIBGA,Khouribga,
4334,Pharmacie Hattane,pharmacie,0523574746,Pharmacie Hattane KHOURIBGA,Khouribga,
4590,Pharmacie Ibn Tofail,pharmacie,0523498242,"19, rue Tinghir , lot. Iqbal Khouribga",Khouribga,
4745,Pharmacie Irfane,pharmacie,0540007324,Rte Al Khatawate lotiss Al Hamraa n°12 Khouribga,Khouribga,
5572,Pharmacie Mly Youssef,pharmacie,0523565111,18 bd Mly Youssef Khouribga,Khouribga,
5626,Pharmacie Mouhcine,pharmacie,0523560086,2 rue Ibn Batouta Khouribga,Khouribga,
5631,Pharmacie Nahda,pharmacie,0523561537,15 rue de la Mosquée Khouribga,Khouribga,
5983,Pharmacie Oum ElQora,pharmacie,0523492385,Pharmacie Oum ElQora KHOURIBGA,Khouribga,
6117,Pharmacie Principale,pharmacie,0523570175,Pharmacie Principale KHOURIBGA,Khouribga,
6239,Pharmacie Rabbah,pharmacie,0603085178,9 rue Mly Hassan Khouribga,Khouribga,
6389,Pharmacie Rochdi,pharmacie,0523567541,50 av. de l'Egypte lot. Errachaid Khouribga,Khouribga,
6438,Pharmacie Roudani,pharmacie,0523562511,214 Rue Brahim Roudani Khouribga,Khouribga,
6986,Pharmacie Tlat Oulad Azzouz,pharmacie,0668446669,Pharmacie Tlat Oulad Azzouz KHOURIBGA,Khouribga,
3344,Pharmacie de Marrakech,pharmacie,0523493730,46 Rue Marrakech Khouribga,Khouribga,
9180,Pharmacie du 2 Mars,pharmacie,0624492896,16 lotiss. Zaitoune 1° tranche Khouribga - Maroc,Khouribga,
3560,Pharmacie du Village,pharmacie,0523492667,bd Farid Bouji ang rue Med El Ayachi n° 1 bis Khouribga,Khouribga,
10213,Pharmacie Filatova,pharmacie,0537556085,"rue El Kayraouane , Izdihar Khémisset",Khémisset,
9109,Pharmacie Laboratoire Atlas,pharmacie,0537552670,142 Avenue Mohammed V Khémisset - Maroc,Khémisset,
9120,Pharmacie de Khémisset,pharmacie,0537552131,4 rue de la Gendarmerie Royale Khémisset - Maroc,Khémisset,
9092,Pharmacie du sahara,pharmacie,0537552164,128 Rue Zerktouni Khémisset - Maroc,Khémisset,
9127,Pharmacie populaire,pharmacie,0537552543,147 Rue Ibnou Sina Khémisset - Maroc,Khémisset,
2717,Pharmacie 8 Mars,pharmacie,0535586395,Cité Pam rue 1 n°20 Khénifra,Khénifra,
7050,Pharmacie Abouchane,pharmacie,0535586858,64 X Rue 20 Aôut KHENIFRA,Khénifra,
8315,Pharmacie Achbaro,pharmacie,0535588867,hay Ennassim bloc 1 n°13 KHENIFRA,Khénifra,
449,Pharmacie Afilal,pharmacie,0535384751,Centre Tighessaline Khénifra,Khénifra,
6745,Pharmacie Afilal,pharmacie,0535596969,Pharmacie Afilal KHENIFRA,Khénifra,
7233,Pharmacie Aguelman Azgza,pharmacie,0535385496,2 bd Zerktouni KHENIFRA,Khénifra,
10215,Pharmacie Al Course,pharmacie,0535588558,"hay Course , rue 2 n°23 Khénifra",Khénifra,
6278,Pharmacie Al Massira,pharmacie,0535385205,313 rue Massira Amalou Ighriben KHENIFRA,Khénifra,
6435,Pharmacie Alfath,pharmacie,0535382552,105 rue 1 Hay Alfath KHENIFRA,Khénifra,
6755,Pharmacie Atlas,pharmacie,0535586506,37 bd Mohammed V KHENIFRA,Khénifra,
7054,Pharmacie Azir,pharmacie,0535587757,11 rue Diour Chioukh ancienne Médina KHENIFRA,Khénifra,garde 24h/24
5974,Pharmacie Centre El Ksab,pharmacie,0535394150,155 bd Hassan II El kbab KHENIFRA,Khénifra,
6914,Pharmacie Centre de Santé,pharmacie,0535399315,Ait Ishak KHENIFRA,Khénifra,
10110,Pharmacie Chaab,pharmacie,0538695890,"quartier Champs de course , rue 2 Khénifra",Khénifra,
6395,Pharmacie Cèdre,pharmacie,0535586582,261 rue Massira Amalou Ighriben KHENIFRA,Khénifra,
5988,Pharmacie El Amal,pharmacie,0535384166,58 rue oued Sebou hay Hamria KHENIFRA,Khénifra,
166,Pharmacie El Habri,pharmacie,0535383003,185 bd El Massira Amalou Ighriben KHENIFRA,Khénifra,
7956,Pharmacie Ennajd,pharmacie,0624820550,Hay Ennajd n°179 KHENIFRA,Khénifra,
5844,Pharmacie Fleurs,pharmacie,0535382242,hay Essalam bloc H n°361 KHENIFRA,Khénifra,
251,Pharmacie Ghrissi,pharmacie,0535587857,66 bd Mohammed V cité Hassan II Khénifra,Khénifra,
10075,Pharmacie Hamria,pharmacie,0535586701,139 lot. Al Arz 2 Khénifra,Khénifra,
10117,Pharmacie Healing Atlas,pharmacie,0535381983,Khénifra,Khénifra,
8470,Pharmacie Ibn Rochd,pharmacie,0535588889,Cité Agricate rue 6 n°26 KHENIFRA,Khénifra,
6243,Pharmacie Ibn Sina,pharmacie,0535588808,34 rue Elmassira cité Oum Rabia KHENIFRA,Khénifra,
7026,Pharmacie Jabbour,pharmacie,0535588847,17 bd Massira Khadra KHENIFRA,Khénifra,
6521,Pharmacie Kaf Nsour,pharmacie,0535382941,Pharmacie Kaf Nsour KHENIFRA,Khénifra,
7151,Pharmacie Karaouia,pharmacie,0535384848,1 bd Abdellah Chefchaouni hay Ismailia KHENIFRA,Khénifra,
5895,Pharmacie Najah,pharmacie,0535384545,hay Najah rue 3 n°2 KHENIFRA,Khénifra,
6063,Pharmacie Nasr,pharmacie,0535383672,68 bd Massira Amalou KHENIFRA,Khénifra,
8447,Pharmacie Noor,pharmacie,0535586643,Pharmacie Noor KHENIFRA,Khénifra,
2771,Pharmacie Oum El Qora,pharmacie,0535384143,Lotissement El Abdellaoui rte. de Meknés n°31 bis KHENIFRA,Khénifra,
6183,Pharmacie Principale,pharmacie,0535384606,69 Casablanca KHENIFRA,Khénifra,
6951,Pharmacie Rahma,pharmacie,0535588468,Route de Béni Mellal KHENIFRA,Khénifra,
6373,Pharmacie Razi,pharmacie,0535587344,Pharmacie Razi KHENIFRA,Khénifra,
6840,Pharmacie Tighessaline,pharmacie,0535596006,bd Mohammed V Tighessaline KHENIFRA,Khénifra,
6062,Pharmacie Touhami,pharmacie,0535587800,33 quartier Ikhamen KHENIFRA,Khénifra,
6134,Pharmacie Tounifit,pharmacie,0535580622,7 place Marche Verte Tounifit KHENIFRA,Khénifra,
3165,Pharmacie Zayan,pharmacie,0535586041,3 bd. Mohamed V Khénifra,Khénifra,
711,Pharmacie des Cliniques,pharmacie,0661649124,54 lotiss. Oum Rabii - Autre ville Amalou Khénifra,Khénifra,
6932,Pharmacie la Gare,pharmacie,0535382038,200 bd Zerktouni cité Michlifen KHENIFRA,Khénifra,
1091,Pharmacie nouvelle,pharmacie,0535586521,237 bd. Mohamed V Khénifra,Khénifra,
5643,Pharmacie Abi AlMahassin,pharmacie,0539905555,hay ElMassira ElKhadra grp.D rue 10 n°65 Ksar el kebir,Ksar El Kebir,
816,Pharmacie Al Balsam,pharmacie,0539919894,260 rte de Larache Ksar el kebir,Ksar El Kebir,
3808,Pharmacie Al Fath,pharmacie,0539905582,Lotissement Hamza Dar Dokan Ksar el kebir,Ksar El Kebir,
4188,Pharmacie Al Madina,pharmacie,0539903744,"84 Bis, hay Lalla Fatima Andaloussia Ksar el kebir",Ksar El Kebir,
8566,Pharmacie Al Yaqtine,pharmacie,0658308651,Pharmacie Al Yaqtine KSAR EL KEBIR,Ksar El Kebir,
1408,Pharmacie Al Yaqtine,pharmacie,0539907734,hay Ouled Hmayde Ksar el kebir,Ksar El Kebir,
5585,Pharmacie AlAmal,pharmacie,0539906246,Hay Ouelad Hmayd Ksar el kebir,Ksar El Kebir,
5016,Pharmacie AlMassira,pharmacie,0539907658,"hay ElMassira , grp. A n°46 Ksar el kebir",Ksar El Kebir,
4107,Pharmacie AlQods,pharmacie,0539918763,42 X av. My Ali Boughaleb Ksar el kebir,Ksar El Kebir,
3020,Pharmacie Almahata,pharmacie,0539919005,77 bd. Med. Zerktouni Ksar el kebir,Ksar El Kebir,
3798,Pharmacie Aloroba,pharmacie,0539906737,"hay Aloroba , grp. B rue 8 n°11 Ksar el kebir",Ksar El Kebir,
857,Pharmacie Alwafae,pharmacie,0539918888,43 Avenue Bir Anzarane Ksar el kebir,Ksar El Kebir,
4865,Pharmacie Andalouss,pharmacie,0539906542,"hay Andalouss , grp. A rue 15 n°58 Ksar el kebir",Ksar El Kebir,
289,Pharmacie Annassime,pharmacie,0539908300,Hay Andalous rue 18 n°7 Ksar el kebir,Ksar El Kebir,
5798,Pharmacie Assalam,pharmacie,0539907022,"7, av Ennasr Jardin Assalam Ksar el kebir",Ksar El Kebir,
2502,Pharmacie Azzaitoun,pharmacie,0539903730,23 X lotiss. Al Fadl Bounouara Azzaitoun Ksar el kebir,Ksar El Kebir,
4557,Pharmacie Bab ElOued,pharmacie,0539904800,25 rte. de Rabat Ksar el kebir,Ksar El Kebir,
837,Pharmacie Badr,pharmacie,0539904804,"25, lotiss. Badr Ksar el kebir",Ksar El Kebir,
3652,Pharmacie Dar Doukhane,pharmacie,0539904264,4 rue Oued ElMakhazine Ksar el kebir,Ksar El Kebir,
4159,Pharmacie ElMoussalah,pharmacie,0539907190,"102, rte. de Larache Ksar el kebir",Ksar El Kebir,
4844,Pharmacie Ibn Khaldoun,pharmacie,0539904690,25 av. de Municipalité Ksar el kebir,Ksar El Kebir,
946,Pharmacie Ibn Rochd,pharmacie,0539918634,20 av. des Briques Ksar el kébir,Ksar El Kebir,
4513,Pharmacie Ibn Sina,pharmacie,0539902525,82 av. 20 Août Ksar el kebir,Ksar El Kebir,
2613,Pharmacie Imane,pharmacie,0539907176,bd Annakhil Chaabi Ksar el kebir,Ksar El Kebir,
9191,Pharmacie Ksar ElKebir,pharmacie,0539906462,7 av. de La Station Ksar El Kébir - Maroc,Ksar El Kebir,
3379,Pharmacie Laboratoire Essaada,pharmacie,0539918477,101 Av. 20 Aout Ksar el kebir,Ksar El Kebir,
1945,Pharmacie Loukkous,pharmacie,0539918679,9 rue Tlemcani Ksar el kebir,Ksar El Kebir,
4720,Pharmacie Mansour Eddahbi,pharmacie,0539906852,hay Sidi Redwan Derb 1 n°3 Ksar el kebir,Ksar El Kebir,
3308,Pharmacie Nouvelle,pharmacie,0539907229,"hay Ourouba , rue 16 n°8 Ksar el kebir",Ksar El Kebir,
2786,Pharmacie Oued Elmakhazine,pharmacie,0539918772,2 Place Chouhada Ksar el kebir,Ksar El Kebir,
3324,Pharmacie Ouelad Hmayd,pharmacie,0539918465,rue de Brique Oulad Hmayd Ksar el kebir,Ksar El Kebir,
4848,Pharmacie Populaire,pharmacie,0539902255,131 Route de Larache Ksar el kebir,Ksar El Kebir,
2728,Pharmacie Rouafa Oulia,pharmacie,0539902163,hay Essalam grp N rue 37 n°26 Ksar el kebir,Ksar El Kebir,
720,Pharmacie Samaa,pharmacie,0642646042,lotiss. Riad 1 El Menzeh Ksar el kebir,Ksar El Kebir,
3638,Pharmacie Sidi AlKamil,pharmacie,0539903850,135 rue de Rabat Sidi AlKamil Ksar el kebir,Ksar El Kebir,
5739,Pharmacie Sidi Biyati,pharmacie,0539905045,"route Sidi El Biyati , grp Z n°75 Ksar el kebir",Ksar El Kebir,
3670,Pharmacie Sidi Makhlouf,pharmacie,0539918412,hay Salam 1-3 Merina Ksar el kebir,Ksar El Kebir,
3846,Pharmacie Taoud,pharmacie,0539903520,303 route de Tatoft Ksar el kebir,Ksar El Kebir,
1963,Pharmacie Tatoft,pharmacie,0539918403,144 route de Tatoft Ksar el kebir,Ksar El Kebir,
4626,Pharmacie Wahrani,pharmacie,0534629568,"hay Assalam , grp. D rue 15 n°16 Ksar el kebir",Ksar El Kebir,
98,Pharmacie Abderrahmane Nacer,pharmacie,0537371712,5 rue Tanger Kenitra,Kénitra,
1095,Pharmacie Arizq,pharmacie,0537387698,Pharmacie Arizq KENITRA,Kénitra,
1214,Pharmacie Arsat Elcadi,pharmacie,0537382309,"bd mohammed v, lot n°4 Kenitra",Kénitra,
1244,Pharmacie Assafae,pharmacie,0537391044,878 lotiss. Assafa T.a. Saknia Kénitra,Kénitra,
1569,Pharmacie Azharoun,pharmacie,0537350020,"363, lotiss. Azharoune Kenitra",Kénitra,
1751,Pharmacie Benlahsen,pharmacie,0537370350,"12, rue Ibn Batouta, ville haute Kenitra",Kénitra,
1818,Pharmacie Centrale,pharmacie,0537378080,Pl. Chouhada rue 33 n°28 bis diour Saniak Kenitra,Kénitra,
1950,Pharmacie Dachra,pharmacie,0537440586,Pharmacie Dachra KENITRA,Kénitra,
2008,Pharmacie Dar Doua,pharmacie,0537360288,rue Idriss Al Akbar résid El Qods imm.G Kenitra,Kénitra,
2046,Pharmacie De La Renaissance (annahda),pharmacie,0537382069,"169, bd bacha abdelhamid el alaoui Kenitra",Kénitra,
2152,Pharmacie Des F.a.r,pharmacie,0537366748,bd des f.a.r. près de la grande gare Kenitra,Kénitra,
2276,Pharmacie Echam,pharmacie,0537351300,"hay sayad, coopératif el amal n°40 KENITRA",Kénitra,
2308,Pharmacie El Bahaa,pharmacie,0611759872,"Z.i Bir Rami, Ouled M'barek n°75 Kenitra",Kénitra,
2939,Pharmacie Firdaous,pharmacie,0537371679,322 bd Mohammed V Kenitra,Kénitra,
2981,Pharmacie Ghani,pharmacie,0537379806,Pharmacie Ghani KENITRA,Kénitra,
3101,Pharmacie Hind,pharmacie,0537361296,81 X rue Oued Sebou Kénitra,Kénitra,
3751,Pharmacie Jemaa,pharmacie,0537440975,Pharmacie Jemaa KENITRA,Kénitra,
3811,Pharmacie Karam,pharmacie,0661877817,lotiss. le Vallon Kenitra,Kénitra,
5065,Pharmacie L'Horizon,pharmacie,0537352569,Pharmacie L'Horizon KENITRA,Kénitra,
4400,Pharmacie La Cigogne,pharmacie,0808374750,quartier la Cigogne rue 330 n°14 Kenitra,Kénitra,
4418,Pharmacie La Cigogne,pharmacie,0537375896,Pharmacie La Cigogne KENITRA,Kénitra,
4546,Pharmacie La Grande Pharmacie,pharmacie,0537371046,62 bd Mohamed Diouri Kenitra,Kénitra,
5424,Pharmacie Masjid Palestine,pharmacie,0537364406,"1, lotiss. el menzeh, bir rami est KENITRA",Kénitra,
5270,Pharmacie Maâmora,pharmacie,0537376447,30 rue Hassan Bnou Tabit Kenitra,Kénitra,
5569,Pharmacie Mohamed,pharmacie,0661906890,Pharmacie Mohamed KENITRA,Kénitra,
5634,Pharmacie Mohammed,pharmacie,0537373573,"2, rue ibn benna, mosquée lalla khadija Kenitra",Kénitra,
5743,Pharmacie Moussa,pharmacie,0537380172,210 lotiss. Andalous lot O Arfa Kenitra,Kénitra,
7163,Pharmacie Rochdi,pharmacie,0537360404,Nouvelle Gare TGV mag. K1 Kenitra,Kénitra,
7255,Pharmacie Route Mehdia,pharmacie,0537355407,"134, lotiss. Azharoune, n°1 Kenitra",Kénitra,
7276,Pharmacie Saknia,pharmacie,0537380034,hay Saknia gpe Tadla n°1 Kenitra,Kénitra,
7512,Pharmacie Sidi Larbi Boujemaâ,pharmacie,0537364898,272 bd Mohammed V Kenitra,Kénitra,
7802,Pharmacie Takaddoum,pharmacie,0537379997,100 rue Sidi Mohammed Kenitra,Kénitra,
8211,Pharmacie Universelle,pharmacie,0537371888,"66 Bis, bd Youssef Ibn Tachfine Kenitra",Kénitra,
1819,Pharmacie centre ville,pharmacie,0537376729,bd Mohamed Diouri ang. rue Med. Amraoui Kenitra,Kénitra,
2012,Pharmacie de la Gare,pharmacie,0537376175,162 bd Mohamed Diouri Kenitra,Kénitra,
2039,Pharmacie de la province,pharmacie,0537375255,"27, bd hassan ii Kenitra",Kénitra,
2141,Pharmacie des F.A.R,pharmacie,0537374200,bd des F.a.r. Kenitra,Kénitra,
2228,Pharmacie du Marché,pharmacie,0537371054,1 bd Prince Moulay Abdallah Kenitra,Kénitra,
2245,Pharmacie du Port,pharmacie,0537370978,Pharmacie du Port KENITRA,Kénitra,
3112,Pharmacie hôtel de ville,pharmacie,0537371398,"412, bd mohammed v Kenitra",Kénitra,
4488,Pharmacie la Fontaine - Ennafoura,pharmacie,0537373281,401 bd Mohammed V Kenitra,Kénitra,
1256,Pharmacie Al Fath,pharmacie,0539522751,lotiss. Maghreb El Jadid Larache,Larache,
8034,Pharmacie Al Marssa,pharmacie,0539500080,"1, av Daraa Larache",Larache,
4047,Pharmacie Al Marssa,pharmacie,0539500039,"1, rue Dora Larache",Larache,
1211,Pharmacie Al Plazza,pharmacie,0539910675,10 bd Essaadiyine Larache,Larache,
7038,Pharmacie AlAndalous,pharmacie,0539911313,165 av. Moulay Ismail LARACHE,Larache,
7279,Pharmacie AlMaghreb ElJadid,pharmacie,0539523874,1871 lot Al Maghreb El Jadid LARACHE,Larache,
9491,Pharmacie AlMahkama,pharmacie,0539913193,20 bd. Ifriquia Larache - Maroc,Larache,
5090,Pharmacie AlMasjid,pharmacie,0539912212,64 bd Sor Ichara Larache,Larache,
5260,Pharmacie Alkawtar,pharmacie,0539916006,56 av. Abderrahman ElGhafiki Larache,Larache,
5426,Pharmacie Arrahma,pharmacie,0539521123,1 bd. Oqba Bnou Nafia loti. Arrahma Larache,Larache,
7027,Pharmacie Assalam,pharmacie,0539911579,54 lotiss. Assalam LARACHE,Larache,
4903,Pharmacie Azouagh,pharmacie,0539911888,30 bd Omar Ben Abdelaziz Larache,Larache,
6252,Pharmacie Boutaina,pharmacie,0539501540,Pharmacie Boutaina LARACHE,Larache,
5203,Pharmacie C.d.g.,pharmacie,0539521355,hay Alwahda Larache,Larache,
9459,Pharmacie Centrale de Larache,pharmacie,0539912346,1 Bis bd Mohamed Ben Abdellah Larache - Maroc,Larache,
5521,Pharmacie Chaabane,pharmacie,0539520331,327 lot Chaabane Larache,Larache,
825,Pharmacie Coliseo,pharmacie,0539913143,"11, rue caid ahmed riffi Larache",Larache,
22,Pharmacie Gharnata,pharmacie,0539912929,19 bd. Hassan II Larache,Larache,
1128,Pharmacie Hay ElJadid,pharmacie,0539916843,207 bd Mehdi Ben Toumert Larache,Larache,
5401,Pharmacie Ibn Khaldoun,pharmacie,0539914531,49 bd Mohamed Ben Abdellah Larache,Larache,
4670,Pharmacie Ibn Rochd,pharmacie,0539915607,"88, bd. Abdelmoumen Ben Ali Larache",Larache,
7582,Pharmacie Jaoui,pharmacie,0539910044,av Ali Abi Taleb résid. AlFath M4/A Larache,Larache,
4829,Pharmacie Jnane Bacha,pharmacie,0539914992,92 bd Oqba Ibn Nafie Larache,Larache,
4886,Pharmacie La farola,pharmacie,0539501017,93 bd. Abdelmoumen Ben Ali Larache,Larache,
636,Pharmacie Lalla Mennana,pharmacie,0539916544,52 bd mohammed v Larache,Larache,
8277,Pharmacie Larache,pharmacie,0539914543,5 bd Omar Ben Abdelaziz Larache,Larache,
3116,Pharmacie Libika Hay Nasr,pharmacie,0661715758,"avenue des far, près du café nasr Larache",Larache,
8418,Pharmacie Lixus,pharmacie,0539914020,112 bd. Hassan II Larache,Larache,
2491,Pharmacie Maghreb El Jadida,pharmacie,0680703131,lot Maghreb El Jadid Larache,Larache,
1361,Pharmacie Masjid AlForkan,pharmacie,0539521121,17 lotiss. des Fonctionnaires hay ElJadid Larache,Larache,
5766,Pharmacie Nahda,pharmacie,0539521020,av Mehdi Ben Toumert Larache,Larache,
8492,Pharmacie Populaire,pharmacie,0539911217,Pharmacie Populaire LARACHE,Larache,
4494,Pharmacie Populaire,pharmacie,0539501345,"27, av. Al Massira Al Khadra Larache",Larache,
3521,Pharmacie Principale,pharmacie,0539501111,3 place des Martyrs Larache,Larache,
7270,Pharmacie Riad,pharmacie,0539911327,124 bd Mly Med Ben Abdellah LARACHE,Larache,
5210,Pharmacie Rihab,pharmacie,0539913091,19 place de la Mecque Larache,Larache,
3154,Pharmacie Salama,pharmacie,0539915786,161 bd Oqba Ibn Nafie Larache,Larache,
9810,Pharmacie Sidi Larbi,pharmacie,0539524909,69 Lotiss. hay El Jadid 2 Larache - Maroc,Larache,
5690,Pharmacie des Far,pharmacie,0539501818,106 bd des Far Larache,Larache,
632,Pharmacie du Stade Municipal,pharmacie,0539501124,64 Lotissement Al Khadra rue des Orangers Larache,Larache,
4656,Pharmacie hay nador,pharmacie,0539916004,rue jakarta jnane bouhssina Larache,Larache,
9480,Pharmacie 25 Mars,pharmacie,0525136777,139 avenue 30 hay 25 Mars Laâyoune - Maroc,Laâyoune,
24,Pharmacie Abadila,pharmacie,0528990073,232 bd skkima LAAYOUNE,Laâyoune,
68,Pharmacie Achraf,pharmacie,0528893975,153 bd skikima chadma 1 LAAYOUNE,Laâyoune,
79,Pharmacie Aicha,pharmacie,0528894864,312 rue Zaouiat Cheikh Khatramla LAAYOUNE,Laâyoune,
316,Pharmacie Al Andalous,pharmacie,0699152704,bd qaid nnajem (près du mosquée lahouhom) Laayoune,Laâyoune,
519,Pharmacie Al Fadl,pharmacie,0528990454,"bd al qods, près du cabinet du dr al khattabi Laayoune",Laâyoune,
540,Pharmacie Al Haramain,pharmacie,0528997799,"boulevard zaid ibn tabit, lotissement al wahda Laayoune",Laâyoune,
10145,Pharmacie Al Qimma,pharmacie,0528984141,hay Moulay Rachid Laâyoune,Laâyoune,
1319,Pharmacie Al Yousr,pharmacie,0528996584,"rue smara, immeuble kharif Laayoune",Laâyoune,
1363,Pharmacie AlFath,pharmacie,0528991488,av alforsane lot n°707 hay qods LAAYOUNE,Laâyoune,
1617,Pharmacie AlQods,pharmacie,0528990010,bd AlQods hay mly Rachid LAAYOUNE,Laâyoune,
1988,Pharmacie Arrahma,pharmacie,0528893833,place jamaa derhem Laayoune,Laâyoune,
9323,Pharmacie Avenue Habouha,pharmacie,0663153319,rue Omar Ibn El Ass hay Al Moustakbal Laâyoune - Maroc,Laâyoune,
2213,Pharmacie Azzahra,pharmacie,0528997998,hay moulay rachid - boulevard maghreb arabe Laayoune,Laâyoune,
2497,Pharmacie Chaabia,pharmacie,0528890402,"bd boukraa, près du rond-point Laayoune",Laâyoune,
2934,Pharmacie ElAndalous,pharmacie,0528994123,av Kayd Najem LAAYOUNE,Laâyoune,
2980,Pharmacie Erraha,pharmacie,0528892126,707 av de la mécque rte de smara Laayoune,Laâyoune,
3007,Pharmacie Farhana,pharmacie,0527652211,354 av Mecque rte. Smara LAAYOUNE,Laâyoune,
3110,Pharmacie Granada,pharmacie,0528990766,170 av. mezouar LAAYOUNE,Laâyoune,
3121,Pharmacie Grande Pharmacie,pharmacie,0528980041,lot 204 bloc F cité Mly Rachid LAAYOUNE,Laâyoune,
3128,Pharmacie Grande Pharmacie Skikima,pharmacie,0528992371,424 av skikima hay wahda i LAAYOUNE,Laâyoune,
3175,Pharmacie Habiba,pharmacie,0528894649,"douirat, près de la mosquée douirat - mobile: 06 63 08 34 91 Laayoune",Laâyoune,
3215,Pharmacie Hagounia,pharmacie,0618688947,"bd boukraa, entre attijari wafa bank et le centre de santé Laayoune",Laâyoune,
5857,Pharmacie Hôpital Universitaire 25 Mars,pharmacie,0663686611,25 mars numéro 258 bloc w en face de dar al hayat Laayoune,Laâyoune,
6017,Pharmacie Ibn Sina,pharmacie,0528890361,252 bd mzouar LAAYOUNE,Laâyoune,
6196,Pharmacie Kalinoss,pharmacie,0528985462,"bd abd moumen mouahid, derrière hotel salwan, tél mobile: 06 23 69 25 55 Laayoune",Laâyoune,garde 24h/24
6398,Pharmacie Laâyoune,pharmacie,0528892357,153 av Jamal Eddine Afghani LAAYOUNE,Laâyoune,
6729,Pharmacie Mekka,pharmacie,0528892028,route ssmara (près du supermarché wenni) LAAYOUNE,Laâyoune,
6791,Pharmacie Meryem,pharmacie,0528984734,31 rue salmane el farissi - autre ville hay erraha Laayoune,Laâyoune,
10164,Pharmacie Mohamed,pharmacie,0528980103,hay Moulay Rachid hay Moulay Rachid Laâyoune,Laâyoune,
6853,Pharmacie Mokhayam,pharmacie,0623274404,"bd la poste mokhayam, hay moulay rachid, près de aswak marhaba Laayoune",Laâyoune,
6909,Pharmacie Moulay Rachid,pharmacie,0528890378,"hay moulay rchid (lirak), bd zerktouni, pres de l'ecole allal bn abdellah Laayoune",Laâyoune,
7134,Pharmacie Najib,pharmacie,0528992662,259 X av Bir Jdid LAAYOUNE,Laâyoune,
7567,Pharmacie Omm Saad,pharmacie,0528994574,"bd boukraa, numéro 140, près de rhiba Laayoune",Laâyoune,
7615,Pharmacie Oued Eddahab,pharmacie,0528891037,av Mekka route Smara LAAYOUNE,Laâyoune,
7846,Pharmacie Principale,pharmacie,0528892227,bd boukrâa LAAYOUNE,Laâyoune,
7889,Pharmacie Rabab,pharmacie,0528992424,av albaat hay elqods n°82 LAAYOUNE,Laâyoune,
7989,Pharmacie Ras AlKhaima,pharmacie,0528996332,boulevard ras alkhaima - 06 76 71 15 31 LAAYOUNE,Laâyoune,
8309,Pharmacie Route Smara,pharmacie,0528980512,bd ssmara (mahajj mohammed 6)-près du banque populaire al wahda et café sonbola LAAYOUNE,Laâyoune,
8409,Pharmacie Samid,pharmacie,0528892735,"hay nahda, en face du petit rond-point dans le bd entre station pitrom sahara et la nouvelle mosquée du quartier nahda bilal ibn rabah dans hay moulay rachid Laayoune",Laâyoune,
8194,Pharmacie M'diq,pharmacie,0539975038,"Avenue Lalla Nouzha, Route de Sebta, 3",M'Dieq,09H A 21H
8610,Pharmacie Al Marsa,pharmacie,0539663666,Pharmacie Al Marsa M'DIQ,M'Diq,
7550,Pharmacie Alami,pharmacie,0539663766,Pharmacie Alami M'DIQ,M'Diq,
8500,Pharmacie Badr,pharmacie,0539975708,Pharmacie Badr M'DIQ,M'Diq,
8216,Pharmacie Chifae,pharmacie,0539663771,Pharmacie Chifae M'DIQ,M'Diq,
7983,Pharmacie El Ouazzani Taibi,pharmacie,0539975706,Pharmacie El Ouazzani Taibi M'DIQ,M'Diq,
6037,Pharmacie Harras,pharmacie,0539975024,Pharmacie Harras M'DIQ,M'Diq,
8052,Pharmacie Hay AlKalaa,pharmacie,0539663017,Pharmacie Hay AlKalaa M'DIQ,M'Diq,
7844,Pharmacie Kharkhour,pharmacie,0539975150,Pharmacie Kharkhour M'DIQ,M'Diq,
8262,Pharmacie La Cassia,pharmacie,0539978978,Pharmacie La Cassia M'DIQ,M'Diq,
6259,Pharmacie Rincon,pharmacie,0539664017,Pharmacie Rincon M'DIQ,M'Diq,
6832,Pharmacie Tamouda Bay,pharmacie,0539663788,Pharmacie Tamouda Bay M'DIQ,M'Diq,
9912,Pharmacie 7ème Art,pharmacie,0524377885,"H2V6+V6V, Av. du 7ème Art, Marrakech",Marrakech,
38,Pharmacie Abihafs,pharmacie,0524017896,"Route d'Essaouira vers Marjane Massira, tournez à droite Addoha Douja 20 n°5 Les Portes de Marrakech",Marrakech,
151,Pharmacie Ain Itti,pharmacie,0524329798,"8, Qt. Ain Itti Jnanat V, prés de la poste et du Centre de Santé Ain Itti MARRAKECH",Marrakech,
216,Pharmacie Al Akhawayne,pharmacie,0524205244,"2531, Lot Azzouzia, à 100m du centre de santé urbaine Azzouzia Marrakech",Marrakech,
248,Pharmacie Al Akwas,pharmacie,0524361486,"372, M’hamid 4, entre Douar Chaouf et l’Ecole Ibn Zaïdoune Marrakech",Marrakech,
391,Pharmacie Al Hamd,pharmacie,0524361040,"251, Lot. Zerktouni Bouakkaz devant nouvelle entrée de l’Aéroport «Rond Point» à côté de Hamam Ali Ben Fellah Marrakech",Marrakech,
406,Pharmacie Al Ihssane,pharmacie,0524302410,"39, Dar Al Bir Wa Al Ihssane à côté de l'Hôpital CHU Mohamed 6 et Merchich Marrakech",Marrakech,
534,Pharmacie Al Kasbah,pharmacie,0524376778,"Ksibt Nhass, 33-34 Trik Sahrij Gnawa Kasbah Marrakech",Marrakech,
552,Pharmacie Al Khalil,pharmacie,0524383662,"251 Bis, Kasba prés de Sidi Mansour rue Mechouar Marrakech",Marrakech,
593,Pharmacie Al Manal,pharmacie,0524372708,"877, Bouakkaz derrière station Afriquia à côté de Boulangerie Ezzarktouni et près de l’Aéroport Marrakech",Marrakech,
662,Pharmacie Al Matar,pharmacie,0524360800,"64, Ighli I M'hamid Imm. ERAC Lakwass Marrakech",Marrakech,
665,Pharmacie Al Mounir,pharmacie,0524360636,"633 A, M'hamid I, en face Hammam douche Douar Chaouf, en face de l’école Al Adarissa Marrakech",Marrakech,
1024,Pharmacie Ariha,pharmacie,0524312173,Pharmacie Ariha MARRAKECH,Marrakech,
1047,Pharmacie Arrahma,pharmacie,0524383038,"8, Diour Saboun, à 300 m de Bab Taghzout vers Sakayat (Ch'reb ou Chouf) Marrakech",Marrakech,
1069,Pharmacie Arset Banni,pharmacie,0524387963,En face de Bab Aghmat à côté de Khiria Bd. Cadi Ayad Marrakech,Marrakech,
1097,Pharmacie Assafwa,pharmacie,0529177676,"Lot. Zerktouni n°139, Bouakkaz Extension Mhamid près de la Mosquée Al Amira (Al Houda) Marrakech",Marrakech,09H A 23H
1143,Pharmacie Assounna,pharmacie,0524361622,"384, M'hamid C, près du café Al Boughaz en face du collège Tarek Ibn Ziad MARRAKECH",Marrakech,
1279,Pharmacie Azzahra,pharmacie,0524443424,"107, Place Rahba Lakdima Marrakech",Marrakech,09H A 23H
1293,Pharmacie Bab Ailen,pharmacie,0524443738,à 100m de Bab Aïlen près de Moulay Ali Cherif et à côté de Derb El Majjat MARRAKECH,Marrakech,
1347,Pharmacie Bab Elkhemis,pharmacie,0524301284,Pharmacie Bab Elkhemis MARRAKECH,Marrakech,
1349,Pharmacie Bab Fteuh,pharmacie,0524442678,"46, Place Bab Fteuh, près de la Place Jamaâ El Fna, à côté du café Argana Marrakech",Marrakech,
1488,Pharmacie Belbekkar,pharmacie,0524314794,"Hay Belbekar fin Av. de Palestine 264 Sakar en face de SPANA, Diour Masakin MARRAKECH",Marrakech,
1562,Pharmacie Bennouna,pharmacie,0524302582,"283, Belbekkar 2 près du Marché Municipal Daoudiate et Jet sakane derrière la Mosquée Belbekkar MARRAKECH",Marrakech,
1639,Pharmacie Binlakchali,pharmacie,0524436082,"142, Bine Lekchali 300 m après Victor Hugo Route de Targa à droite Marrakech",Marrakech,
1653,Pharmacie Borj Ennakhil,pharmacie,0524329789,"Route de Fès "" Nakhla al 3ouja "" Entrée Tamsna en face du Jnane Lkbir MARRAKECH",Marrakech,
1775,Pharmacie C.h.u.,pharmacie,0524313567,En face de Diour L’masakine à côté de l'école Mohamed Abdou entre SPANA et le Marché Municipal Hay Mohammadi Marrakech,Marrakech,
1815,Pharmacie Carrefour,pharmacie,0625545253,"Centre Commercial Al Mazar, route d'Ourika zone touristique Agdal Marrakech",Marrakech,
1817,Pharmacie Carrefour Almazar,pharmacie,0524378061,Pharmacie Carrefour Almazar MARRAKECH,Marrakech,
1851,Pharmacie Chahrazade,pharmacie,0524305757,"212, derrière le Stade de Foot Hay Mohammadi Unité III (Diour L’massakine) Marrakech",Marrakech,
1861,Pharmacie Chair El Hamra,pharmacie,0524302766,"Rue Abou Oubaïda cité Mohammadia Unité 2, daoudiate, à côté de la Salle Couverte et lycée Al Kadissia Marrakech",Marrakech,
1896,Pharmacie Chatebi,pharmacie,0524304396,"535, Bel Bekkar 2 Hay Mohammadi à côte du Collège Chatebi MARRAKECH",Marrakech,
1903,Pharmacie Chater,pharmacie,0524376444,"51, Arset Bardii près de Harat Soura MARRAKECH",Marrakech,
2035,Pharmacie Dar Lahlib,pharmacie,0524458364,"144, Hay Zaytoune Jdid à côté de l'école de la Gendarmerie Royale derrière le pont Dar Lahlib Marrakech",Marrakech,
2070,Pharmacie Dar Tounsi,pharmacie,0524329652,"66, Biout El Boun Rte de Meknès après Aïn Itti et en face de Villas Borj Ennakhil et près de METRO MARRAKECH",Marrakech,
2077,Pharmacie Debagh,pharmacie,0524377097,Pharmacie Debagh MARRAKECH,Marrakech,
2111,Pharmacie Derb Dabachi,pharmacie,0524426834,"54, Derb Dabachi Souika Médina MARRAKECH",Marrakech,
2169,Pharmacie Douar Graoua,pharmacie,0524377650,"43, Douar Graoua à côté de Dar My Driss Kennaria Marrakech",Marrakech,
2201,Pharmacie Du Citoyen,pharmacie,0524373998,"372, Lot. Ibn Sina Maatallah Mhamid, à côté de Douar El Hafra et Ecole Primaire El Ahd El Jadid Marrakech",Marrakech,
2488,Pharmacie El Antaki,pharmacie,0524378928,"Place Bab El khmiss, en face de l’Hôpital El Antaki Marrakech",Marrakech,
2514,Pharmacie El Bahia,pharmacie,0524445476,"99-100, Bd. Houmane El Fatouaki Arset Lamaâch en face Marché Mellah El Kher à côté du Commissariat et Collège Ibn Al Banna Marrakech",Marrakech,
2572,Pharmacie El Hamidi,pharmacie,0524307350,"26, Aïn Itti devant le cimetière de Bab lakhmis Marrakech",Marrakech,
2667,Pharmacie El Imame Ali,pharmacie,0524328868,"631, Zohour I Aïn Itti, à côté de l’Hôtel Tikida et poste de Police Ain Itti Marrakech",Marrakech,
2721,Pharmacie El Machouer,pharmacie,0524376063,"1, Sidi Amara «Squala» d’Agdal entre les portes d’Agdal et Ighli sur la Rte d’Ourika Marrakech",Marrakech,
2772,Pharmacie El Mellah,pharmacie,0524385229,1 et 2 Derb Sekkaya Hay Salam (EL Mellah) près des Herboristes Médina MARRAKECH,Marrakech,
2787,Pharmacie El Moukef,pharmacie,0670371717,"79 Bis, Toualat El Moukef, à côté de l'Hôpital El Antaki Marrakech",Marrakech,
2820,Pharmacie ElGhorfi,pharmacie,0524376262,Pharmacie ElGhorfi MARRAKECH,Marrakech,
2907,Pharmacie Fakhara,pharmacie,0524314672,"130, Hay Fekhara, à côté du Village Touristique Rte Wilaya SYBA (entre Bab Kechich et Bab Dbagh) MARRAKECH",Marrakech,
3003,Pharmacie Guennoun,pharmacie,0524328518,"Rte menant de Wilaya de la Sureté Nationale Ain Itti vers Rte de Casa, nouveau pont Guennoun face Belbekkar MARRAKECH",Marrakech,
3132,Pharmacie Hay El Hassani,pharmacie,0524491553,"268 B, Toualat Massira II, entre terminus n° 8 et Lycée Salaheddine Ayoubi Marrakech",Marrakech,09H A 23H
3682,Pharmacie Houman El Fatouaki,pharmacie,0524405554,"956, Av. Houman El Fatouaki, Sidi Youssef Ben Ali à côté du garage Hmad-Mouh Marrakech",Marrakech,
3550,Pharmacie HÔpital Mohamed Vi,pharmacie,0524290002,"169, Lot. Boumassmar CHU Mohammed VI Cité de L’Hôpital Errazi Amerchich -Sakar- Marrakech",Marrakech,
3529,Pharmacie Hôpital Med VI,pharmacie,0524300002,Pharmacie Hôpital Med VI MARRAKECH,Marrakech,
4348,Pharmacie Ibn Zohr,pharmacie,0524372795,"547, M’hamid 4 (Chaouf), derrière école Annassim Marrakech",Marrakech,
4796,Pharmacie Jardins Hay Chrifia,pharmacie,0524202175,"Rue des Ecoles, à côté de la Mosquée Al Houda (Al Amira) à Bouakkaz, en face de Hammam Walili Jardins Hay Chrifia Marrakech",Marrakech,
5438,Pharmacie Jnane El Afia,pharmacie,0524376476,"4, Rue Jnane El Afia Toualate El Miara Hay Essalam, face du cimetière juif Mellah Marrakech",Marrakech,
5705,Pharmacie Kabbadj,pharmacie,0524372626,"1197, Lot. Zerktouni Bouakkaz M’hamid en face de Masjid El Houda (La Grande Mosquée) Marrakech",Marrakech,
5804,Pharmacie Kawtar,pharmacie,0524328892,Pharmacie Kawtar MARRAKECH,Marrakech,
5793,Pharmacie Kawtar,pharmacie,0524292696,"C9, Lot. Kawtar Ennakhil Sud en face de la porte de Aouda Saadia vers la gauche à côté de Ferran Laaraj Marrakech",Marrakech,09H A 23H
5874,Pharmacie Kennaria,pharmacie,0524427521,Pharmacie Kennaria MARRAKECH,Marrakech,
5919,Pharmacie Khalid Ben Walid,pharmacie,0524309094,"12, Unité 5 à côté du Stade Daoudiate Marrakech",Marrakech,
1588,Pharmacie Koulyate,pharmacie,0524300608,"2, Lot. Razi en face Fac des Lettres et près de la Fac de Droit Amerchich derrière C.H.U Mohamed VI Marrakech",Marrakech,
5973,Pharmacie Ksar ElHamra,pharmacie,0524426154,Pharmacie Ksar ElHamra MARRAKECH,Marrakech,
6431,Pharmacie L'hÔpital Regional,pharmacie,0525093377,"30, Op. Badr 2, Bouakkaz Mhamid Sud Marrakech",Marrakech,
6012,Pharmacie La Famille,pharmacie,0524394920,"Fin Av. Tachfine Qt. Riad Al Menara (nouveau quartier), direction l'Aéroport à côté de la Mosquée Al Ghorfrane MARRAKECH",Marrakech,
6039,Pharmacie La Grande Pharmacie,pharmacie,0524370333,"86, M'hamid Saâda I, Bd. El Boughaz à côté de l'Etablissement Al Inchirah Marrakech",Marrakech,
6111,Pharmacie La Place,pharmacie,0766883557,Place Jemaâ El Fna Marrakech,Marrakech,
6141,Pharmacie La Victoire,pharmacie,0524300331,"798, Unité 4, à côté de Diour Massakine et Boulangerie Ayourli Marrakech",Marrakech,09H A 23H
6193,Pharmacie Lamhamid,pharmacie,0524360159,"241, Saâda IV Lamhamid Laqwas, près du Docteur Haraki MARRAKECH",Marrakech,
6258,Pharmacie Le 11 Janvier,pharmacie,0524447470,"Bd. 11 Janvier, entre la Gare Routière Bab Doukkala et la Wilaya à côté de la Station Ifriquia Marrakech",Marrakech,
6261,Pharmacie Le Caducee,pharmacie,0524361343,"17, Ighly 7, M'hamid près du dispensaire Marrakech",Marrakech,
6416,Pharmacie Les Vergers,pharmacie,0524423378,Lot. Badr 16 près de la Résidence Abir 2 Hay Mabrouka Marrakech,Marrakech,
6484,Pharmacie Lina,pharmacie,0524361117,Mhamid5 près du nouveau centre de santé et lycée Abdellah Ibrahim (centre mhamid5) Marrakech,Marrakech,
6526,Pharmacie Loughribi,pharmacie,0524328055,"244, Dar Tounsi en face de Metro Arrondissement Ennakhil Marrakech",Marrakech,09H A 23H
8977,Pharmacie M Avenue,pharmacie,0524446158,2 bd de la Ménara Marrakech - Maroc,Marrakech,
6636,Pharmacie Mammar An-nakhil,pharmacie,0524307876,"336, Belbekkar 2 Hay El Mohamadi, à 280m de la Mosquée Belbekkar et à côté de Jet Sakane face Douar Guennoun Marrakech",Marrakech,
9911,Pharmacie Masjid Aicha,pharmacie,0524311040,"M294+2XC, Marrakech 40000",Marrakech,
6690,Pharmacie Masjid Daoudiate,pharmacie,0524309782,"597, Unité II Bloc 41, près du cinéma Rif et en face du Masjid Daoudiate Marrakech",Marrakech,
6700,Pharmacie Masjid Nahda,pharmacie,0524361356,Nahda Assoghra à 200m du Café Taiba vers la direction du Lycée Collège Idriss Ben Zikri Marrakech,Marrakech,
6750,Pharmacie Miftah Al Atlas,pharmacie,0526355356,"Lamhamid Bouakkaz, Op. Miftah Al Atlas Imm. n° 13 Magasin n° 3, près de Marché de Poisson et du Terrain de Foot Marrakech",Marrakech,
6779,Pharmacie Mohammadia,pharmacie,0524302878,Av. La Palestine Daoudiate Marrakech,Marrakech,
6794,Pharmacie Morakab Souk Lkhmiss,pharmacie,0660757325,"1, Morakab Bab Lkhmiss ( à côté de Souk Lkhmiss) MARRAKECH",Marrakech,
6805,Pharmacie Mosquée Chrifia,pharmacie,0524384214,Pharmacie Mosquée Chrifia MARRAKECH,Marrakech,
6817,Pharmacie Mouassine,pharmacie,0524441725,Après 100 m de Kouass Laqsour près de Mosquée Mouassine et à côté de Derb Snane MARRAKECH,Marrakech,
6896,Pharmacie Moutadamine,pharmacie,0524307372,"1, Unité III Daoudiate au centre de Diour Al Massakine, près du poste de Police MARRAKECH",Marrakech,
7002,Pharmacie Natura,pharmacie,0524447797,Pharmacie Natura MARRAKECH,Marrakech,
7033,Pharmacie Nour Ennakhil,pharmacie,0524328234,Pharmacie Nour Ennakhil MARRAKECH,Marrakech,
7046,Pharmacie Oualili,pharmacie,0524360780,"546, Lot. Zerktouni (Bouakkaz) M’hamid en face du Lycée Takadoum Marrakech",Marrakech,
9924,Pharmacie Palmeraie Elbahja,pharmacie,0524330009,"N1, Passage palmeraie, porte 20, Marrakech 40000",Marrakech,
9693,Pharmacie Pestana,pharmacie,0524439070,33 bd Moulay Hassan - Autre ville r?sid. Hivernage Garden imm. DM Marrakech - Maroc,Marrakech,23H A 09H
7242,Pharmacie Populaire,pharmacie,0524382293,"336, Place Riad Laarousse Marrakech",Marrakech,
7266,Pharmacie Prestigio,pharmacie,0524391866,Av. Mohamed VI Village Marrakech Prestigia (à côté de Bureau de Vente Prestigia et 6éme Café),Marrakech,09H A 23H
7269,Pharmacie Principale Chrifia,pharmacie,0524204114,Res. Jardins Hay Chrifia (Bouakkaz) derrière Mosquée Al Amira et Boulangerie Gaza Bouakkaz Marrakech,Marrakech,
7320,Pharmacie Qaryia Syahyia,pharmacie,0524306547,"Qaria Syahia, rte Bab khmis, en face porte Kechich entre Fekhara et Zouhour Ain Itti Marrakech",Marrakech,
7353,Pharmacie Qortoba,pharmacie,0524372836,"77, Lot. Zerktouni Bouakkaz M’hamid en face de la piscine municipale et le 20èmes Arrondissement de Marrakech",Marrakech,
7394,Pharmacie Rahimi,pharmacie,0524431005,Pharmacie Rahimi MARRAKECH,Marrakech,
7465,Pharmacie Razi,pharmacie,0524314600,"398, Unité 2 Hay Mohamadi en face Boulangerie Takadoum et près station Taxi de Sidi Youssef (Daoudiate) Marrakech",Marrakech,
7525,Pharmacie Riad Al Atlas,pharmacie,0524018000,"14, Lot. Embarka 3 les Riads de l'Atlas à côté de l'Hôpital privé de Marrakech et en face de HEM (ve",Marrakech,
7594,Pharmacie Saadiens,pharmacie,0524381852,Rue Boutouil Kasbah Marrakech,Marrakech,
7705,Pharmacie Salle Couverte,pharmacie,0524311723,"185, Hay Mohammadi, Unité 2 Daoudiate à côté du Cinéma Al Massira et la Salle Couverte MARRAKECH",Marrakech,
7709,Pharmacie Salma,pharmacie,0524372247,"Lot. Zerktouni Bouâkkaz 1436, à côté de l'Ecole Assabila et l'Academie Taher Lakhlaj M'hamid Marrakech",Marrakech,
7583,Pharmacie SaÂda 5,pharmacie,0524370885,Saada 5 à côté de l'école Al Imam Mouslim et Imm. Ittifak ou bien à 600m de la Mosquée Chkili en dir Marrakech,Marrakech,
7771,Pharmacie Sheraton,pharmacie,0524433083,Av. Mohammed VI residence Meriem à côté de la Banque Populaire et Ménara Mall MARRAKECH,Marrakech,
7777,Pharmacie Sidi Abdelaaziz,pharmacie,0524443576,Pharmacie Sidi Abdelaaziz MARRAKECH,Marrakech,
7797,Pharmacie Sidi Abdelaziz,pharmacie,0696171904,"4 Bis, Riad Laârouss Souk Jeled près du mausolée Sidi Abdelaziz Marrakech",Marrakech,
9190,Pharmacie Sidi Belabbès,pharmacie,0524380583,71 Pl. Bab Taghzout Marrakech - Maroc,Marrakech,
7825,Pharmacie Sidi Boutchich,pharmacie,0525200516,Rue Sidi Boutchich auprès du Hammam et Mosquée Jnane Ben Chagra Marrakech,Marrakech,
7880,Pharmacie Sidi Mimoun,pharmacie,0524384243,"37, Quartier Sidi Mimoun à côté de l'hôpital Mamounia MARRAKECH",Marrakech,
7932,Pharmacie Skalli,pharmacie,0524370294,"M’hamid3 à côté entrée l’Aéroport derrière la RADEEMA et Sailane,en face école Moulik à côté clinique Al Matar MARRAKECH",Marrakech,
8191,Pharmacie Tabhirte,pharmacie,0524380019,"92, El Moukef entre le Marché de Légumes et Bab Debagh Toualat Tabhirt Marrakech",Marrakech,
8250,Pharmacie Tikida,pharmacie,0524328323,"152, Rte de Meknès Aïn Itti en face de la BP et la RADEEMA et près de la Station Ifriquia MARRAKECH",Marrakech,
8441,Pharmacie Unité Quatre,pharmacie,0524302030,"450, au centre de l’Unité Quatre, devant l’école Aicha Oum al Mouminin et à côté de Mosquée l’Unité IV MARRAKECH",Marrakech,
8603,Pharmacie Wilayat Al Amne,pharmacie,0524300305,"N°4 et 5, Complexe commercial Saqar à côté de la préfecture de police et du centre de la visite technique e Marrakech",Marrakech,
8752,Pharmacie Zohour,pharmacie,0524328342,Zohour 2 Aïn Itti derrière cimetière Bab Khmiss près de la nouvelle Station Total Rte Méknès MARRAKECH,Marrakech,23H A 09H
6157,Pharmacie l'Aéroport de Marrakech,pharmacie,0524446038,Pharmacie l'Aéroport de Marrakech,Marrakech,
6136,Pharmacie la Province,pharmacie,0524309431,Pharmacie la Province MARRAKECH,Marrakech,
9154,Pharmacie les Jardins D'Anas,pharmacie,0525550150,5 Av. Guemmassa imm.1 Marrakech - Maroc,Marrakech,
9903,pharmacie El hrichi,pharmacie,0524011175,"9 Tranche 12, Marrakech 40000",Marrakech,
8249,Pharmacie Addiafa,pharmacie,0539688942,2 av. Hassan II imm. Alqods MARTIL,Martil,
7459,Pharmacie Ahrik,pharmacie,0539979465,Place Mohamed Ali q. Ahrik MARTIL,Martil,
9676,Pharmacie Al-Fidae,pharmacie,0808615151,Lotissement Annasr 3-1. Av des facultés. Martil Martil,Martil,
8071,Pharmacie AlAbrar,pharmacie,0539689405,quartier Al Montalaq MARTIL,Martil,
6311,Pharmacie AlAghrass,pharmacie,0539689933,169 av. My ElHassan Hay AlArghrass MARTIL,Martil,
6599,Pharmacie Annour,pharmacie,0539688396,260 rte Cabo Negro MARTIL,Martil,
1631,Pharmacie Dar Dmana,pharmacie,0539688923,av. Mly Rachid Miramar Martil,Martil,
250,Pharmacie Del Lero,pharmacie,0539688907,Rue Mer Meditérranée cplxe. Essafia bloc 36 n°1 Martil,Martil,
2612,Pharmacie Diza,pharmacie,0539689942,av. Diza Martil,Martil,
7021,Pharmacie ElBorj,pharmacie,0539688584,46 av Mly Abdeslam MARTIL,Martil,
6417,Pharmacie ElHadj,pharmacie,0539688392,331 av. My Rachid MARTIL,Martil,
8396,Pharmacie Elharamaine,pharmacie,0539688830,av. Mly Rachid MARTIL,Martil,
8640,Pharmacie La Corniche,pharmacie,0539689635,av. La Corniche lot Karima MARTIL,Martil,
8355,Pharmacie Martil,pharmacie,0539979353,28 av Mly ElHassan MARTIL,Martil,
6082,Pharmacie Miramar,pharmacie,0539688459,av. My Rachid (ex Miramar) MARTIL,Martil,
9163,Pharmacie Nouvelle,pharmacie,0539979547,bd Mly ElHassan Martil - Maroc,Martil,
895,Pharmacie Oumkeltoum,pharmacie,0539979326,Lotiss. Oumkeltoum résid. Bahia rdc n°1 Martil,Martil,
8240,Pharmacie Principale,pharmacie,0539689696,159 bd Mly ElHassan MARTIL,Martil,
7259,Pharmacie Réda,pharmacie,0539688088,119 Prince Héritier MARTIL,Martil,
8299,Pharmacie Souk,pharmacie,0539689256,1 av. Mohammed V MARTIL,Martil,
6032,Pharmacie du Lycée,pharmacie,0539689668,bd Ibn Sina MARTIL,Martil,
6241,Pharmacie la Mosquée,pharmacie,0539979775,109 av. de la résistance MARTIL,Martil,
6987,Pharmacie la playa,pharmacie,0539688008,5 av. la plage MARTIL,Martil,
8104,Pharmacie Agdal,pharmacie,0528260153,Pharmacie Agdal MASSA,Massa,
8875,El Menzah Médical,autre_point_de_vente,0535511320,2 bd des F.a.r. résid. Shahrazad v.n Meknès - Maroc,Meknès,
450,Pharmacie Al Wassila,pharmacie,0535520123,8 rue El kifa av. des F.a.r. Meknes,Meknès,
9189,Pharmacie Allali,pharmacie,0532550033,476 z.i. Mejjat lot Bridiya Meknès - Maroc,Meknès,
596,Pharmacie Ancienne Médina,pharmacie,0535559272,ancienne Médina souikat Jbala n°13 Meknes,Meknès,
900,Pharmacie Ayachi,pharmacie,0535451162,92 X rue El Maarka Meknes,Meknès,
915,Pharmacie Bab Kbich,pharmacie,0535439584,23 rue Zair Sidi M'barek Zitoune Meknes,Meknès,
930,Pharmacie Bab Khemis,pharmacie,0535537868,1 rue Meknès Riad Meknes,Meknès,
9554,Pharmacie Bahri,pharmacie,0535554120,622 à côté du dispensaire ancienne préfecture ismailla Agdal,Meknès,
1116,Pharmacie Boumehdi,pharmacie,0535547511,Pharmacie Boumehdi MEKNES,Meknès,
1117,Pharmacie Bounoua,pharmacie,0535521809,3 rue Bir Anzarane Rte ElHajeb Meknès,Meknès,
1182,Pharmacie Chams,pharmacie,0535500881,"rue Essaadiyine, résid. Mabrouka, imm. B ElBassatine Meknes",Meknès,
1231,Pharmacie Cornette,pharmacie,0535403096,10 Pl. Dr Giguet Cornette Meknes,Meknès,
1832,Pharmacie Fac De Droit,pharmacie,0676240193,hay takaddoum douar jbala derrière fac de droit borj machkouk Meknes,Meknès,
1890,Pharmacie Gare Routière,pharmacie,0535555474,hay Sidi Said cplxe Walili Meknes,Meknès,
2177,Pharmacie Hayati,pharmacie,0535500128,hay Al Bassatine 18 Olm Ext. Sud Meknes,Meknès,
2405,Pharmacie In Yansorkom Allah,pharmacie,0535502246,"35, lotiss. Al Bassatine Meknes",Meknès,
2412,Pharmacie Injad,pharmacie,0535530092,297 lotiss. Dakhla hay Salam Meknes,Meknès,
295,Pharmacie Jennat (Al Inbiâat),pharmacie,0535467740,"hay Kamilia, lot Al Inbiâat 2 n°19 Meknes",Meknès,
2548,Pharmacie Kenza Mountazah,pharmacie,0535585826,2 lotiss. Al Mountazah 1 - Autre ville sect 2 bloc 1 Meknes,Meknès,
2643,Pharmacie Lahlimi,pharmacie,0535535008,"664, hay Agdal Meknes",Meknès,
2673,Pharmacie Larhlimi,pharmacie,0535537123,Pharmacie Larhlimi MEKNES,Meknès,
2893,Pharmacie Lina,pharmacie,0535402751,"10, rue El Mourabitine Meknes",Meknès,
3094,Pharmacie Mausolée,pharmacie,0535555347,5 derb Filala Mly Ismail Meknes,Meknès,
3185,Pharmacie Millenaire,pharmacie,0535402094,"hay borj Moulay Omar, anciens combatants, imm. Zerhoune bloc D n°10 Meknes",Meknès,
3197,Pharmacie Mimousa,pharmacie,0535450824,hay Al Wahda 1 n°6 Sidi Bouzekri Meknes,Meknès,
3622,Pharmacie Nassim,pharmacie,0535554478,"hay Sidi Baba, douar Jdid n°63 Meknes",Meknès,
3807,Pharmacie Oued Jdida,pharmacie,0535546598,Pharmacie Oued Jdida MEKNES,Meknès,
3869,Pharmacie Oujah Arrous,pharmacie,0535532606,4021 bd El Kebir Oujah Arrous Meknes,Meknès,
5986,Pharmacie Route de Fès,pharmacie,0535515966,"bd des F.a.r., lotiss. Al Wifaq Meknes",Meknès,
6576,Pharmacie Safae,pharmacie,0535536056,lotiss. Annasr rue 8 n°190 Rte d'agourai Meknes,Meknès,
6820,Pharmacie Sarameto,pharmacie,0662530605,sarameto 5 diour l'erac 2ème rue après la radem sbata près de 12ème arondisement de police touargua Meknes,Meknès,garde 24h/24
6846,Pharmacie Saramito,pharmacie,0535536581,hay Touarga Saramito 5 n°35 Meknes,Meknès,
6852,Pharmacie Sbai,pharmacie,0535467356,lotiss. Mansour 2 A imm. B1 n°3 et 4 Meknès,Meknès,
7101,Pharmacie Sidi Amer,pharmacie,0535559292,109 derb Souahel sidi Amer Meknes,Meknès,
7609,Pharmacie Sidi Massoud,pharmacie,0535404002,Pharmacie Sidi Massoud MEKNES,Meknès,
7648,Pharmacie Sidi Slimane,pharmacie,0535300148,Pharmacie Sidi Slimane MEKNES,Meknès,
7923,Pharmacie Squalli,pharmacie,0535467722,5 lotiss. Marjana - Autre ville tranche 1 Meknes,Meknès,
8670,Pharmacie Zitouna,pharmacie,0661352429,4 Al Mansouria imm. 1 et 2 Meknes,Meknès,
1335,Pharmacie de la Santé,pharmacie,0535521045,"60, bd Allal Ben Abdallah Meknes",Meknès,
1511,Pharmacie du Borj,pharmacie,0535523535,11 bd Khalid Bnou Loualid secteur 9 Meknes,Meknès,
2863,Pharmacie les Nobles,pharmacie,0535466151,hay Marjane 1 tranche 2 Samouni n°26 Meknes,Meknès,
9383,Pharmacie Ain Tadawt,pharmacie,0535361170,quartier Tadaout Midelt - Maroc,Midelt,
9535,Pharmacie Al Akhawayn,pharmacie,0635566226,13 bd Ali Bnou Abi Taleb Midelt - Maroc,Midelt,
9428,Pharmacie Al Andalous,pharmacie,0535582735,200 lotiss. Mimlal Midelt - Maroc,Midelt,
9374,Pharmacie Al Madina,pharmacie,0662346313,Place Adlinistrative Midelt - Maroc,Midelt,
9406,Pharmacie Annour,pharmacie,0535580170,13 Route Nationale Ait Ayach Midelt - Maroc,Midelt,
9566,Pharmacie Arrahma,pharmacie,0535361021,86 av. de Méknès Midelt - Maroc,Midelt,
9569,Pharmacie Grand Atlas,pharmacie,0535361360,70 lotiss. Al Karam Midelt - Maroc,Midelt,
9511,Pharmacie Hidaya,pharmacie,0697433652,av. la Marche Verte Midelt - Maroc,Midelt,
9560,Pharmacie Ifsane,pharmacie,0535580706,rue Laâyoune Tadaout Midelt - Maroc,Midelt,
9544,Pharmacie Izugaghen,pharmacie,0614114181,1 av. Moulay Idriss Midelt - Maroc,Midelt,
6289,Pharmacie Jabal Ayachi,pharmacie,0535583305,Pharmacie Jabal Ayachi MIDELT,Midelt,
9362,Pharmacie Midelt,pharmacie,0535582421,13 Place Al Ittihad Midelt - Maroc,Midelt,
9414,Pharmacie Moulay Idriss,pharmacie,0535580498,rue Moulay Idriss Midelt - Maroc,Midelt,
6291,Pharmacie Omar,pharmacie,0535583393,Pharmacie Omar MIDELT,Midelt,
9556,Pharmacie Principale,pharmacie,0535582148,av. Hassan II Midelt - Maroc,Midelt,
9517,Pharmacie Roudayna,pharmacie,0691750016,Route de Méknès Midelt - Maroc,Midelt,
9439,Pharmacie Souk Al Ahad,pharmacie,0535361390,256 av. Moulay Rachid Midelt - Maroc,Midelt,
9348,Pharmacie centrale,pharmacie,0535582525,1 Avenue des F.a.r. Midelt - Maroc,Midelt,
9690,Pharmacie de l'Hôpital,pharmacie,0535582290,4 lot Hassan Dakhil Rte Saha Al Khadra Midelt - Maroc,Midelt,
9330,Pharmacie de la Sante,pharmacie,0535580194,87 rue Salé Midelt - Maroc,Midelt,
9548,Pharmacie la Gare,pharmacie,0535580173,bd Hassan II Midelt - Maroc,Midelt,
106,Pharmacie Abderrahim,pharmacie,0523316136,169 lotissement moumen Mohammedia,Mohammedia,
489,Pharmacie Al Akssa,pharmacie,0523281080,"bd palestine, lotiss. ben hamdoun n°5 Mohammedia",Mohammedia,
2684,Pharmacie Al Moqawama,pharmacie,0523314304,"numéro 16, bd de la résistance Mohammedia",Mohammedia,
2737,Pharmacie Al Mouna,pharmacie,0523323687,"340 bis, derb chabab Mohammedia",Mohammedia,
2861,Pharmacie AlFalah,pharmacie,0523283314,"1676, bd Riad Mohammedia",Mohammedia,
3151,Pharmacie AlMajd,pharmacie,0523312992,"34, bd Al Moukaouama, Riad I Mohammedia",Mohammedia,
3713,Pharmacie Ayour,pharmacie,0523310742,"18, bd Fès ang. bd Allal El Fassi Mohammedia",Mohammedia,
3774,Pharmacie Bismillah,pharmacie,0523280717,"hay Errachidia III, Ecran samir n°39 Alia Mohammedia",Mohammedia,
3945,Pharmacie Centrale,pharmacie,0523323231,"5, bd Sebta, résid. Laila ElAlia Mohammedia",Mohammedia,
3949,Pharmacie Chabab,pharmacie,0523324441,"n° 2, bd el houria (liberté) bloc castor 3 Mohammedia",Mohammedia,
3989,Pharmacie Chifa,pharmacie,0523282252,"hay hassania ii, bloc b, n°213 Mohammedia",Mohammedia,
4191,Pharmacie Derb Marrakech,pharmacie,0523322478,"bd al maghrib al arabi, bloc 11 n°50, el alia Mohammedia",Mohammedia,
4332,Pharmacie El Ahl,pharmacie,0523327756,"394, bd la liberté lot. al houria Mohammedia",Mohammedia,09H A 21H
4344,Pharmacie El Hassania,pharmacie,0523287661,"pharmacie elhassania, n° 165 bd la résistance hay hassania Mohammedia",Mohammedia,09H A 21H
4375,Pharmacie El Idrissi,pharmacie,0523280385,"bd Mokhtar Soussi, hay Ennasr n°1 ElAlia Mohammedia",Mohammedia,
4428,Pharmacie ElJoulane,pharmacie,0523283827,"860, bd Palestine Mohammedia",Mohammedia,
4463,Pharmacie ElWahda,pharmacie,0523285840,"427, lotiss. Al Wahda, El Alia Mohammedia",Mohammedia,
4473,Pharmacie Essaâda,pharmacie,0523287127,"pharmacie essaâda, 242 bd oued eddahab hay essaada Mohammedia",Mohammedia,09H A 21H
4532,Pharmacie Fedala,pharmacie,0523302014,"419, bloc 23, hay el falah, el alia Mohammedia",Mohammedia,
4637,Pharmacie Hay Erreda,pharmacie,0523287879,75 b lotissement reda MOHAMMEDIA,Mohammedia,
4699,Pharmacie Ibn Nafis,pharmacie,0523303636,33 bloc 'b' bd monastir Mohammedia,Mohammedia,
4730,Pharmacie Ibn Rochd,pharmacie,0523323129,"501, bd Abdelkrim Khattabi, El Alia Mohammedia",Mohammedia,
4847,Pharmacie Idrissi,pharmacie,0523032885,hay ennasr Mohammedia,Mohammedia,
4857,Pharmacie Imane,pharmacie,0523283218,"628, bd al moukaouama, hassania 1 Mohammedia",Mohammedia,
4866,Pharmacie Jamila,pharmacie,0523315128,"145, bd Tadla, derb Jamila Mohammedia",Mohammedia,
9801,Pharmacie Laayoune,pharmacie,0520677181,"35, lotissement la gare Mohammedia - Maroc",Mohammedia,
5620,Pharmacie Mekka,pharmacie,0523317192,"27, lotiss. Grini 1, ElAlia Mohammedia",Mohammedia,
9118,Pharmacie Mesk Ellil,pharmacie,0523325454,39 lotiss. Mesk Ellil Mohammedia - Maroc,Mohammedia,09H A 21H
5820,Pharmacie Mohammedia,pharmacie,0523284598,"1, bd Chourafa, Saada El Alia Mohammedia",Mohammedia,
6669,Pharmacie Moumen,pharmacie,0523284485,"bd Palestine, Lotiss. Moumen El Alia Mohammedia",Mohammedia,
6864,Pharmacie Nasr,pharmacie,0523281677,"pharmacie nasr, bloc b numéro 2 rachidia 3, complexe zouhour Mohammedia",Mohammedia,
7631,Pharmacie Palestine,pharmacie,0523323073,"111, bd Palestine Mohammedia",Mohammedia,
7898,Pharmacie Riad,pharmacie,0523323605,"162, bd monastir, derb chabab Mohammedia",Mohammedia,
7916,Pharmacie Riad El Ali,pharmacie,0523282815,riad essalam 32 bc Mohammedia,Mohammedia,
8231,Pharmacie Sarah,pharmacie,0523286281,"pharmacie sarah, hay errachidia 3, bloc a n°184 Mohammedia",Mohammedia,
8699,Pharmacie Youssef,pharmacie,0523287757,"138, Hay Hassania II, El Alia Mohammedia",Mohammedia,
4164,Pharmacie de l'Espoir,pharmacie,0523280369,"5, bd Sebta, douar Essafa Mohammedia",Mohammedia,
4290,Pharmacie des Facultés,pharmacie,0523301019,Pharmacie des Facultés MOHAMMEDIA,Mohammedia,
4314,Pharmacie du Port,pharmacie,0523304817,bd Ferhat Hachad ang. rue Ibn Toumart Mohammedia,Mohammedia,
9203,Pharmacie la Liberté,pharmacie,0523320306,336 lotiss. El Houria Lotissement houria Mohammedia - Maroc,Mohammedia,
4056,Pharmacie Ahkim,pharmacie,0536320906,12 rue Tanger Nador,Nador,
8455,Pharmacie Ahlane,pharmacie,0536402372,Pharmacie Ahlane NADOR,Nador,
1505,Pharmacie Al Montazah,pharmacie,0536603377,route Principale de Cimetière Nador,Nador,
2325,Pharmacie Al Mostakbal,pharmacie,0536330332,Rte Berraka hay El Fid Nador,Nador,
2592,Pharmacie Al Omal,pharmacie,0536353788,bd Al Wahda Jaadar Nador,Nador,
2375,Pharmacie AlAndalous,pharmacie,0536602909,39 bd 3 mars Nador,Nador,
7943,Pharmacie AlAssil,pharmacie,0536337255,rue Abass Mohamed Nador,Nador,
5156,Pharmacie AlAzhar,pharmacie,0536603875,quartier Oulad Boutaib sect. A n°145 Nador,Nador,
8939,Pharmacie Alhilal,pharmacie,0536607004,"414, av. AlMassira Nador",Nador,
2916,Pharmacie Arrisala,pharmacie,0530123898,10 hay Al Matar - Autre ville imm. Essaada Nador,Nador,
366,Pharmacie Aviation,pharmacie,0536606641,68 rue Arrid Bloc 2 Nador,Nador,
5611,Pharmacie Babel,pharmacie,0536605544,65 rue Taha Houcein Nador,Nador,
3788,Pharmacie Benchellal,pharmacie,0536607834,"58, rue Mly Ali Charif Nador",Nador,
5002,Pharmacie Blanco,pharmacie,0536337303,Hay Ould Boutayeb rue 3 n°176 Nador,Nador,
1857,Pharmacie Dar Al Olom,pharmacie,0536380959,hay Al Matar résid. Al Ikhlass Nador,Nador,
1623,Pharmacie ElKendy,pharmacie,0536603670,431 av. Mly Hassan 1er Nador,Nador,
2068,Pharmacie Errazi,pharmacie,0536603117,425 Avenue des far Nador,Nador,
5807,Pharmacie Granada,pharmacie,0536606767,39 Rte Principale Taouima Nador,Nador,
888,Pharmacie Hay Chouhadae,pharmacie,0536380933,hay Taouima Nador,Nador,
5915,Pharmacie Ibn Hazm,pharmacie,0536606711,hay Laâroussi rue 4 n°78 NADOR,Nador,
574,Pharmacie Ibn Rochd,pharmacie,0536603239,70 av des far Nador,Nador,
387,Pharmacie Ibn Sina,pharmacie,0536603043,242 bd. Youssef Ben Tachfine Nador,Nador,
3909,Pharmacie Laboratoire Pasteur,pharmacie,0536604272,103 Rte Principale taouima Nador,Nador,
6616,Pharmacie Lamalmi,pharmacie,0536334815,594 bd. AlMassira NADOR,Nador,
5770,Pharmacie Laârassi,pharmacie,0536600380,356 bd Prince Héritier Sidi Mohamed q. Laârassi Nador,Nador,
9534,Pharmacie Le Monde,pharmacie,0536334384,rue 10 n°67 ouled Mimoun Nador - Maroc,Nador,
2973,Pharmacie Lotissement Sara,pharmacie,0536336076,quartier Arrid II rue 104 Nador,Nador,
7781,Pharmacie Marchica,pharmacie,0536334381,5 Hay Chaala NADOR,Nador,
7449,Pharmacie Masjid Badr,pharmacie,0536600832,lotiss. Boulghoudan NADOR,Nador,
8983,Pharmacie Méditérranée,pharmacie,0536604274,av des Far ang. rue Marche verte imm. Rahmouni Nador - Maroc,Nador,
7182,Pharmacie Nador,pharmacie,0536330660,12 quartier Laarassi NADOR,Nador,
4135,Pharmacie Noor,pharmacie,0536337657,213 bd Massira El Khadra Nador,Nador,
861,Pharmacie Ouled Brahim,pharmacie,0536336181,633 av. Hassan 1er NADOR,Nador,
1249,Pharmacie Ouled Mimoun,pharmacie,0536606151,190 quartier Ouled Mimoun Nador,Nador,
5927,Pharmacie Syndicat Régional des Pharmaciens de Nador,pharmacie,0536603752,Syndicat Régional des Pharmaciens de Nador,Nador,
83,Pharmacie Tahiri,pharmacie,0536601731,route principale de Joutia sidi Ahmed Larhrib Nador,Nador,
4894,Pharmacie Tarik,pharmacie,0536606596,"106, bd AlFarabi Nador",Nador,
4739,Pharmacie Terakaa,pharmacie,0536600750,42 Rte Melilia q. Teraquaa 2 Nador,Nador,
6885,Pharmacie Trois Provinces,pharmacie,0536408072,Pharmacie Trois Provinces NADOR,Nador,
4272,Pharmacie la Fontaine,pharmacie,0536336654,167 av. 3 Mars Nador,Nador,
8973,Pharmacie Casadiaa,pharmacie,0522537799,complexe commercial Casadiaa Nouasseur - Maroc,Nouasseur,
9799,Pharmacie Kindil,pharmacie,0522537712,13 lotiss. Ennour - Autre ville zone ?conomique Nouasseur - Maroc,Nouasseur,
1748,Pharmacie Nouaceur,pharmacie,0522538269,22 Marché Municipal Nouasseur,Nouasseur,
7588,Pharmacie de l'Aeroport Mohammed V,pharmacie,0522538675,Aéroport Mohamed V c.com. NOUASSEUR,Nouasseur,
9662,La Grande Pharmacie de Tajda,autre_point_de_vente,0638382882,"Route de Zagora, Tajda, N9, Ouarzazate 45006",Ouarzazate,
7062,Pharmacie Adrar,pharmacie,0524835765,Pharmacie Adrar OUARZAZATE,Ouarzazate,
9015,Pharmacie Ait Kdif,pharmacie,0524885577,Hay Ait Kdif n°1066 Ouarzazate - Maroc,Ouarzazate,
8420,Pharmacie Al Fadilia,pharmacie,0524886886,2 bd Mohammed V lotiss. Ennader Ouarzazate,Ouarzazate,
6869,Pharmacie Al Hizame,pharmacie,0524888081,77 av. My Abdellah OUARZAZATE,Ouarzazate,
1765,Pharmacie Al Maghreb Al Arabi,pharmacie,0524888355,1398 bd Al Maghrib Al Arabi cité Al Wahda Ouarzazate,Ouarzazate,
6263,Pharmacie Al Mansour,pharmacie,0524854534,Pharmacie Al Mansour OUARZAZATE,Ouarzazate,
2876,Pharmacie Al Massira,pharmacie,0524890505,44 hay Al Massira Ouarzazate,Ouarzazate,
1545,Pharmacie Al Moussala,pharmacie,0524885533,550 hay Al Wahda Ouarzazate,Ouarzazate,09H A 21H
1372,Pharmacie Al Wahda,pharmacie,0524887990,311 av. Al Maghreb Al Arabi lotiss. Al Wahda Ouarzazate,Ouarzazate,
6306,Pharmacie AlMasjid,pharmacie,0524890967,cité de la résistance bloc 18 n°18 bis OUARZAZATE,Ouarzazate,
6689,Pharmacie Annour,pharmacie,0524887373,place la Municipalité bd. Med. V OUARZAZATE,Ouarzazate,
3069,Pharmacie Atlas,pharmacie,0524887877,av. Maghreb Al Arabi Lot. El Wahda n°1714 Ouarzazate,Ouarzazate,
9621,Pharmacie Ayour,pharmacie,0524888199,centre Agouime Amerzgane Ouarzazate - Maroc,Ouarzazate,
7197,Pharmacie Chifa,pharmacie,0524883588,bd Moulay Rachid imm. Daoudi OUARZAZATE,Ouarzazate,
589,Pharmacie Dadouch,pharmacie,0524887852,hay Mohammadi n°329 Ouarzazate,Ouarzazate,00H A 09H
7820,Pharmacie El Qods,pharmacie,0524883903,56 hay Al Qods OUARZAZATE,Ouarzazate,
2586,Pharmacie Ibn Al Atik,pharmacie,0524884078,Av Moulay Abdellah Lot chems 2 n° 65 Ouarzazate,Ouarzazate,
2271,Pharmacie Itrane,pharmacie,0669846770,bd Al Maghrib Al Arabi Ouarzazate,Ouarzazate,
9016,Pharmacie La Santé,pharmacie,0524888155,bd. Mohammed V Ouarzazate - Maroc,Ouarzazate,
7614,Pharmacie Noumidia,pharmacie,0524888715,bd My Abdellah OUARZAZATE,Ouarzazate,
10160,Pharmacie Nour El Baraka,pharmacie,0524884060,"hay Mohammadi , rue Al Haouz Ouarzazate",Ouarzazate,
6482,Pharmacie Principale,pharmacie,0524888837,129 lotiss. du centre OUARZAZATE,Ouarzazate,
8806,Pharmacie Qods Al Maghreb,pharmacie,0524885669,67 hay Al Qods Ouarzazate,Ouarzazate,
7798,Pharmacie Rte de Zagora,pharmacie,0524854646,Pharmacie Rte de Zagora OUARZAZATE,Ouarzazate,
7412,Pharmacie Sidi Daoud,pharmacie,0524883380,bd Mohammed V lotiss. Tichka OUARZAZATE,Ouarzazate,
7562,Pharmacie Sidi Hsein,pharmacie,0524882588,1 hay Sidi Hsein Ben Nacer OUARZAZATE,Ouarzazate,
9798,Pharmacie Tamright,pharmacie,0524852372,bd Mohammed V - Autre ville Skoura Ouarzazate - Maroc,Ouarzazate,
7432,Pharmacie Tarmigt,pharmacie,0524854848,Pharmacie Tarmigt OUARZAZATE,Ouarzazate,
6023,Pharmacie Tassoumaate,pharmacie,0524887499,10 bd Mohammed V OUARZAZATE,Ouarzazate,
7730,Pharmacie centrale,pharmacie,0524882601,33 bd Mohammed V OUARZAZATE,Ouarzazate,
305,Pharmacie du Sud,pharmacie,0524884000,rue El Mouahidine lot du centre Ouarzazate,Ouarzazate,
3233,Pharmacie et Laboratoire d'Analyses Médicales du Sud,pharmacie,0524882828,16 av. El Mouahidine Bahja Ouarzazate,Ouarzazate,
9063,Pharmacie l'Aéroport,pharmacie,0524886614,52 lot El Wahda Erac Ouarzazate - Maroc,Ouarzazate,
6285,Pharmacie l'hôpital,pharmacie,0524885500,78 bd Mohammed VI OUARZAZATE,Ouarzazate,
8474,Pharmacie l'oasis,pharmacie,0524854339,Pharmacie l'oasis OUARZAZATE,Ouarzazate,
7373,Pharmacie la Gare Routière,pharmacie,0524886990,100 rue Moulay Tahar Ben Abdelkrim bloc D cité la Résistance Ouarzazate,Ouarzazate,
7271,Pharmacie la Kasbah,pharmacie,0524887900,av. Mohamed V résid. AlWaha OUARZAZATE,Ouarzazate,
7707,Pharmacie la Palmeraie,pharmacie,0524883234,hay Sidi Daoud n°28 OUARZAZATE,Ouarzazate,
1684,Pharmacie la Renaissance,pharmacie,0524882203,Bd Mohammed V ang. place du 3 Mars Ouarzazate,Ouarzazate,
7746,Pharmacie la Résistance,pharmacie,0524884901,256 rue Moulay Tahar Ben Abdelkrim cité la Résistance Ouarzazate,Ouarzazate,
152,Pharmacie Abdelmoumen,pharmacie,0536702819,100 rue Ras Asfour Oujda,Oujda,
9050,Pharmacie Ajdaini,pharmacie,0538376475,18 rte Aouinia rue Bour Said Oujda - Maroc,Oujda,
428,Pharmacie Al Faraj,pharmacie,0536702828,3 hay Annasr rte Marhnia OUJDA,Oujda,
1549,Pharmacie AlMaksam,pharmacie,0536501734,31 bd. Yacoub ElMansour Hay ElMaksam Oujda,Oujda,
1203,Pharmacie Alfarabi,pharmacie,0536686141,66 bd. Lieutenant Belhoucine OUJDA,Oujda,
1953,Pharmacie Asfour,pharmacie,0536686613,174 rue Ras Asfrou Oujda,Oujda,
2579,Pharmacie Benmansour,pharmacie,0536686035,93 rue sidi driss elaounia OUJDA,Oujda,
3056,Pharmacie Chifa,pharmacie,0536688664,26 bd des Far Mosquée My Slimane Oujda,Oujda,
4169,Pharmacie Figuig,pharmacie,0536689419,Pharmacie Figuig OUJDA,Oujda,
4202,Pharmacie Fourkane,pharmacie,0536707325,Pharmacie Fourkane OUJDA,Oujda,
4180,Pharmacie Fourkane,pharmacie,0536690077,derb Mbasso rue 5 n°76 Oujda,Oujda,
4562,Pharmacie Hay Azouhour,pharmacie,0536517829,"lotiss. Azzouhour 2, rte Ain Beni Mathar Oujda",Oujda,
4727,Pharmacie Hay Nasr,pharmacie,0536680015,lot ElBoukhari rte. des Frontieres Oujda,Oujda,
4977,Pharmacie Ibn Tofail,pharmacie,0536705653,216 rte Tairet Oujda,Oujda,
9150,Pharmacie Ihyae Chark,pharmacie,0536542116,195 hay Agdal lot Ihyae Chark Oujda - Maroc,Oujda,
5366,Pharmacie La Grande,pharmacie,0536510817,lotiss. Benkhirane rue 01/29 Oujda,Oujda,
5651,Pharmacie Les Trois Fontaines,pharmacie,0536712122,15 bd Ferrane Ouled Aissa Oujda,Oujda,
5972,Pharmacie Merjane,pharmacie,0536707191,2 bd Ennakhil lot. Belhoucine OUJDA,Oujda,
6189,Pharmacie Moderne,pharmacie,0536682871,35 Rue de Marrakech Oujda,Oujda,
6274,Pharmacie Mostafa,pharmacie,0536748698,334 lotiss. El Farah - Autre ville Oujda,Oujda,
6333,Pharmacie Moulay Tayeb,pharmacie,0536742060,Pharmacie Moulay Tayeb OUJDA,Oujda,
6381,Pharmacie Mouslim,pharmacie,0536706066,25 bd. Mohammed V Oujda,Oujda,
6383,Pharmacie Moustaousef Mbasso,pharmacie,0536703001,"av. Allal El Fassi, lotiss. Sahli-B5.n°1 Oujda",Oujda,
10053,Pharmacie Médina,pharmacie,0536682860,Place Sidi Abdelouahab Oujda,Oujda,
6512,Pharmacie Nasrallah,pharmacie,0536541638,"53, bd Hassan II , hay Moustakbal Oujda",Oujda,
6527,Pharmacie Nasser,pharmacie,0536745741,"Dhar Lamhala , Lotiss. Alj, rue A n°82 Oujda",Oujda,
6650,Pharmacie Nour Marjane Moussaoui,pharmacie,0536680473,hay El Hassani Nour Borj n°3 Oujda,Oujda,
7057,Pharmacie Oujda,pharmacie,0536684103,rue Figuig ang. rue Mly ElHassan Oujda,Oujda,
7382,Pharmacie Riad,pharmacie,0536685102,bd Allal El Fassi Bloc 11 n°1 Oujda,Oujda,
7508,Pharmacie Rjafellah,pharmacie,0536367039,78 lotiss. Taoufik - Autre ville rte d’Algérie Oujda,Oujda,
7805,Pharmacie Sfakes,pharmacie,0536542227,1124 Lotiss Ennajd II route sidi yahya Oujda,Oujda,
8080,Pharmacie Souk Mellilia,pharmacie,0536680404,1 Rte. Bouknadel Oujda,Oujda,
8733,Pharmacie Zohir,pharmacie,0536682725,rue d'Oran ang. rue d'Alger Oujda,Oujda,
3593,Pharmacie d'Urgence de l'Hôpital de l'Universitaire,pharmacie,0536500550,760 X bd Oum Rabii rte Aouint Serrak lot Iris n°1 Oujda,Oujda,
3368,Pharmacie du Conseil,pharmacie,0536512100,lotiss. Jaouhara rue C n°58 Oued Nachef OUJDA,Oujda,
3519,Pharmacie du progrès,pharmacie,0536685510,92 bd. Maghreb Al Arabi Oujda,Oujda,
3576,Pharmacie du stade Municipal,pharmacie,0536696878,rue de Casa place du Stade de Municipal imm. Habous Oujda,Oujda,
5596,Pharmacie l'Avenir,pharmacie,0536697038,479 rue Boudir Oujda,Oujda,
5659,Pharmacie l'Urgence,pharmacie,0536682916,"bd Razi , imm. Benjeloune n°2 Oujda",Oujda,
43,Pharmacie Abdelkrim ElKhattabi,pharmacie,0537203881,"272, avenue Abdelkrim Al Khattabi, Océan Rabat",Rabat,
1614,Pharmacie Al Hikma,pharmacie,0537293392,"1376, quartier Amal 5, Al Massira Rabat",Rabat,
2187,Pharmacie Al Jazaa,pharmacie,0537721002,75 -77 avenue mohammed v al jazaa rabat medina,Rabat,
2264,Pharmacie Al Mamoune,pharmacie,0537560315,"rue al anisse, guich loudaya Rabat",Rabat,
3104,Pharmacie Al Wifak,pharmacie,0537777555,,Rabat,
3240,Pharmacie AlAlfiya,pharmacie,0537673796,"15, avenue de Michlifen Rabat",Rabat,
3251,Pharmacie AlAnbar,pharmacie,0537292770,Pharmacie AlAnbar RABAT,Rabat,
3325,Pharmacie AlIntilak,pharmacie,0537295377,"5, bd Mohamed Triki, résid. Attaisir Rabat",Rabat,
3297,Pharmacie Alfadila,pharmacie,0537690742,"avenue Ennour, bloc K, n°9 c.y.m Rabat",Rabat,
3378,Pharmacie Almaghreb Alarabi,pharmacie,0537732637,"25, avenue Maghrib Al Arabi Rabat",Rabat,
3499,Pharmacie Anasse,pharmacie,0537298899,résidence ifrane av hassan ii mag d3 (a côté de la nouvelle gare rabat agdal),Rabat,
3501,Pharmacie Annour,pharmacie,0537691180,"33, avenue Ennour sect.""H"" Est c.y.m Rabat",Rabat,
3531,Pharmacie Anzi,pharmacie,0537691313,n°4 angle av hassan ii et rue abbas ibn farnas (en face de la gare rabat agdal sur l'avenue hassan ii.),Rabat,
3672,Pharmacie Azhar,pharmacie,0537680817,44.av fal ould oumeir Rabat,Rabat,
3691,Pharmacie Bab Jdid,pharmacie,0537726227,"265, avenue Mohammed V, Legza Rabat",Rabat,
3706,Pharmacie Badr,pharmacie,0537773462,"15, avenue fal ouled oumeir Rabat",Rabat,
3734,Pharmacie Belmahi,pharmacie,0537722650,"1, rue tonkin (av madagascar) prés l'école andre malraux et marché diour jamaa Rabat",Rabat,
3796,Pharmacie Berbich,pharmacie,0537260772,"12 bis, avenue alghazali quartier les orangers (en face du centre commercial les orangers) Rabat",Rabat,
3868,Pharmacie Bon Secours,pharmacie,0537722363,Pharmacie Bon Secours RABAT,Rabat,
3938,Pharmacie Boukroune,pharmacie,0537722468,"12, rue Bouqroun Rabat",Rabat,
3939,Pharmacie C.h.u,pharmacie,0537672532,16.av ibnourochd (en face de l’hôpital d’enfant) Rabat,Rabat,
3959,Pharmacie Centrale,pharmacie,0537724395,,Rabat,
3973,Pharmacie Centre de Transfusion Sanguine,pharmacie,0537692469,résidence aribat n°9 entre av hassan ii et douar rjaf laah c.y.m Rabat,Rabat,
4010,Pharmacie Chellah,pharmacie,0537724723,"2, place de Melilya Rabat",Rabat,
4029,Pharmacie Chem's,pharmacie,0632322026,"19, rue Al Moujahid Al Ayachi, hay Phosphate, Akkari Rabat",Rabat,
4040,Pharmacie Cherqi,pharmacie,0537207474,100-100 bis avenue laalou medina Rabat,Rabat,
4078,Pharmacie Choukro Allah,pharmacie,0537290543,"9 Bis, quartier Al Kouass, bloc DG Rabat",Rabat,
4301,Pharmacie De L'agdal,pharmacie,0537671600,"avenue des nations unies, rue ibn hanbal résidence ibn khaldoun (en face de paul agdal et de la clinique des nations unies) Rabat",Rabat,
4318,Pharmacie De L'ocean,pharmacie,0537202176,54 av abdelkrim al khatabi Rabat,Rabat,
4434,Pharmacie Des Universites,pharmacie,0537670404,79.av ibn sina Rabat,Rabat,
4520,Pharmacie Diour Jamaa,pharmacie,0537261668,rue tahiti sur avenue hassan ii Rabat,Rabat,
4622,Pharmacie Du Minaret,pharmacie,0537726495,252 avenue Hassan II Rabat,Rabat,
4689,Pharmacie El Kamra,pharmacie,0537295141,bloc l n187 el kamra cym (en face immeubles touarga) Rabat,Rabat,
4800,Pharmacie ElAmine,pharmacie,0537726932,"281, avenue Hassan II Rabat",Rabat,
4922,Pharmacie Errahma,pharmacie,0537652930,Pharmacie Errahma RABAT,Rabat,
4877,Pharmacie Errahma,pharmacie,0537638226,hay al maouadda n°63 - route al oulja (prés de l'ancien mini parc) Rabat,Rabat,
10096,Pharmacie Fellat,pharmacie,0537720887,16 place de Russia (Russie) Rabat,Rabat,
5042,Pharmacie Gharbia,pharmacie,0537201650,35 rue karatchi ocean (sania gharbia) prés de la joutia des (motos) et de la cimetiére achouhada Rabat,Rabat,
9506,Pharmacie Guedira,pharmacie,0537730300,"Av. Allal Ben Abdellah, Rabat",Rabat,
5095,Pharmacie Guennoun,pharmacie,0537698002,rés oum keltoum 175 av hassan ii Rabat,Rabat,
5167,Pharmacie Hay Echabab,pharmacie,0537692902,Pharmacie Hay Echabab RABAT,Rabat,
5256,Pharmacie Ibn Nafis,pharmacie,0537720657,"12, rue Jazirat Al Arab Rabat",Rabat,
5282,Pharmacie Ibn Sina,pharmacie,0537672016,angle av fal oueld oumeir et av.atlas Rabat,Rabat,
5309,Pharmacie Ibn Toumerte,pharmacie,0537702095,bd ibn toumerte les orangers près clinique al boustane et l'école badr Rabat,Rabat,
5339,Pharmacie Ibn Zohr,pharmacie,0537695523,"19,bloc c av al kifah al kamra (en face la gare routière kamra) Rabat",Rabat,
5354,Pharmacie Iswane,pharmacie,0537670777,rue jaâfar essadik résidence lakhdar mag n°37 (en face hôpital avicenne) Rabat,Rabat,
5753,Pharmacie L'etoile,pharmacie,0537671414,"rue el amir abde kader, (en face salle allal el fassi) ex salle soumaya - a côté du centre culturel de l'agdal Rabat",Rabat,garde 24h/24
5509,Pharmacie La Grande Pharmacie,pharmacie,0537709148,rue abou fariss al marini Rabat,Rabat,
5710,Pharmacie Les Arcades,pharmacie,0537724222,44 bis av pasteur (angle av pasteur et av la victoire) Rabat,Rabat,
5733,Pharmacie Les Iris,pharmacie,0537776290,33 av. ibn sina (entre clinique agdal et ecole mohammadia des ingénieurs) Rabat,Rabat,
9877,Pharmacie Maghrebine ( Ex Hopital ),pharmacie,0537725368,"18 Place des alliés Océan, Rabat",Rabat,garde 24h/24
6003,Pharmacie Marassa,pharmacie,0537201963,angle avenue misr et rue qobross Rabat,Rabat,
9140,Pharmacie Michlifen,pharmacie,0537672687,2 avenue de Michlifen Rabat - Maroc,Rabat,
6705,Pharmacie Moderne,pharmacie,0537772354,place rabiaa al adaouia (entre marché de l'agdal et résidence kays) Rabat,Rabat,
7268,Pharmacie Nahim,pharmacie,0537691693,"douar El Garaa, n° 309, Cym Rabat",Rabat,
7359,Pharmacie Napoli,pharmacie,0537720859,,Rabat,
7418,Pharmacie Normale,pharmacie,0537707765,"21, av. allal ben abdellah Rabat",Rabat,
7453,Pharmacie Oqba,pharmacie,0537772699,62 avenue oqba Rabat,Rabat,
7629,Pharmacie Rabat Ville,pharmacie,0537706375,4 av moulay youssef (entre gare rabat ville & bab rouahet en face de l'hôtel belere),Rabat,
7759,Pharmacie Rennaissance,pharmacie,0537722422,356 bd mohamed v Rabat,Rabat,
7775,Pharmacie Résidence la Corniche Marjolain,pharmacie,0537294770,"lotissement Mountalak, villa 62 Amal 6 C.y.m. Rabat",Rabat,
8155,Pharmacie Sayarh,pharmacie,0537292876,Pharmacie Sayarh RABAT,Rabat,
8256,Pharmacie Souika,pharmacie,0537703036,"172, rue souika mag n°5 - medina Rabat",Rabat,
8413,Pharmacie Tansift,pharmacie,0537681676,"80, rue Tansift Rabat",Rabat,
8568,Pharmacie Universelle,pharmacie,0808508679,"1, avenue allal ben abdellah Rabat",Rabat,
8621,Pharmacie Zahra,pharmacie,0537708103,"12, av prince my abdellah Rabat",Rabat,
4319,Pharmacie de Rabat,pharmacie,0537707468,Pharmacie de Rabat,Rabat,
4243,Pharmacie de la Résistance,pharmacie,0537724055,,Rabat,
4232,Pharmacie de la médina,pharmacie,0537727062,6 bis rue bab chellah Rabat,Rabat,
4338,Pharmacie des Cités,pharmacie,0537560335,lotissement warda Rabat,Rabat,
4394,Pharmacie des Nations Unies,pharmacie,0537670719,avenue des nations unies rue jabal al ayachi (à côté de station ola energy) s Rabat,Rabat,
9910,Pharmacie des orangers,pharmacie,0537260227,"189 Av. Hassan II, Rabat 10000",Rabat,
4539,Pharmacie du 16 novembre,pharmacie,0537670024,16.av du 16 novembre - haut agdal (prés du kitea) Rabat,Rabat,
4633,Pharmacie du Théâtre,pharmacie,0537702794,11 rue haj abdeslam kabbaj ex rue al marj Rabat,Rabat,
5006,Pharmacie gare Agdal,pharmacie,0537774220,rue abderrahmane ghafiki a l’intérieur de la gare al boraq accÈs porte cÔtÉ agdal - Rabat,Rabat,
5460,Pharmacie la Corniche,pharmacie,0537729744,n°4 rue adis ababa route cotière (prés visite technique d'auto mobiles) Rabat,Rabat,
5735,Pharmacie les Ministères d'Agdal,pharmacie,0537682562,11 cité de la garde agdal Rabat,Rabat,
8158,Pharmacie Rich,pharmacie,0535589299,Pharmacie Rich,Rich,
9046,Pharmacie imam malik,pharmacie,0535589989,Rich - Maroc,Rich,
8999,Grande Pharmacie Française,pharmacie,0524464225,28 Place de l'indépendance Safi - Maroc,Safi,
5132,Pharmacie Abc,pharmacie,0524629831,"161, av Mohammed V Safi",Safi,
5769,Pharmacie Achbar,pharmacie,0524623888,"rue Bel Vue , ang. Mimosa Safi",Safi,
7930,Pharmacie Addouha,pharmacie,0524640057,Pharmacie Addouha SAFI,Safi,
203,Pharmacie Afiya,pharmacie,0525069393,quartier ezzouhour bloc 53 n 123 safi,Safi,
5148,Pharmacie Al Yousr,pharmacie,0524651929,lotiss. Soumiya qt. Matar Safi,Safi,
5450,Pharmacie AlAndalous,pharmacie,0524651577,"160, rue Omar , ElQors Safi",Safi,
4140,Pharmacie AlBouchra,pharmacie,0524622146,1 rue 5 Tancre II ville nouvelle Safi,Safi,
6837,Pharmacie AlMatar,pharmacie,0524652134,Lotiss. de l'Aviation SAFI,Safi,
4389,Pharmacie AlQods,pharmacie,0524630362,"rue Jardin Public , Jnane Fessiane Safi",Safi,
2307,Pharmacie Annassiha,pharmacie,0524653117,hay Kaouki bloc 4 rue 16 n°1 bis Safi,Safi,
1325,Pharmacie Arrazi,pharmacie,0524622379,23 bd Zerktouni imm. Anaville Safi,Safi,
5060,Pharmacie Attae,pharmacie,0524668353,Sidi Abdelkerim 1 lot. 173 Safi,Safi,
914,Pharmacie Benmira,pharmacie,0524622510,59 rue Oualidia - Biada Safi,Safi,
911,Pharmacie Chagar,pharmacie,0626740405,"1, rue Oued Tensift Safi",Safi,
7868,Pharmacie Ejjennane,pharmacie,0524667318,2 rue Doukkala Ejjennene Safi,Safi,09H A 21H
261,Pharmacie El jouri,pharmacie,0617301368,Lot N 129 LOTISSEMENT AMOUNI SECTEUR 3 Safi (M),Safi,
5491,Pharmacie ElHassania,pharmacie,0524650189,"5, rue Kobba , Sidi Ouassel Safi",Safi,
9519,Pharmacie Ezzakani,pharmacie,0529255178,hay Sidi M'barek lot Biyar Oulja Ilane Safi - Maroc,Safi,
1234,Pharmacie Hadirat Al Mohit,pharmacie,0525116957,323 Rte Sidi Abderrahman rue 4 lot Salma Safi,Safi,
3644,Pharmacie Hadmi,pharmacie,0524611066,"1, lotiss. Bouzoubâa , q. Plateau Safi",Safi,
9417,Pharmacie Internationale,pharmacie,0663465897,2 lotiss. Marjana rte souk sebt Safi - Maroc,Safi,
3234,Pharmacie Kodali,pharmacie,0524610417,5 centre commercial Safi,Safi,
7492,Pharmacie Lafraidi,pharmacie,0524668073,330 Lot. Sidi Abdelkerim SAFI,Safi,
7277,Pharmacie Laghiat,pharmacie,0524635203,Pharmacie Laghiat SAFI,Safi,
3720,Pharmacie Lamine,pharmacie,0524652219,"231, rue Manzil , sidi Ouassel Safi",Safi,
4166,Pharmacie Les Jasmins,pharmacie,0524462731,"av. Mohammed V, coin de Paris Safi",Safi,
2125,Pharmacie Miftah Arraha,pharmacie,0524628416,lot Miftah Arraha q. Lamia Safi,Safi,
856,Pharmacie Mirabelle,pharmacie,0524611610,hay Anas rue 38 n°9 Safi,Safi,
3023,Pharmacie Mouslih,pharmacie,0525033989,931 lotiss. Marja q. Chems Safi,Safi,
1316,Pharmacie Nass Lahcen,pharmacie,0524464639,M'rayat El Beid Safi,Safi,
5674,Pharmacie Pasteur,pharmacie,0524630564,"7, rue ElKendi , v.n. Safi",Safi,
1825,Pharmacie Skalli,pharmacie,0524623248,hay Mohammadi n° 2048 Safi,Safi,
4392,Pharmacie de l'Hôpital,pharmacie,0524461555,"102, bd Kennedy Safi",Safi,
3860,Pharmacie du Plateau,pharmacie,0524627281,14 bd Mly Ismail v.n. Safi,Safi,
5088,Pharmacie l'Avenir,pharmacie,0524623559,"115, av Marche Verte Safi",Safi,
3723,Pharmacie la Marine,pharmacie,0524630608,83 bd Chakib Arssalane oued ElBacha Safi,Safi,
5797,Pharmacie la Santé,pharmacie,0524462774,25 bd. Mohammed Ben Abdellah Safi,Safi,
2846,Pharmacie la Vallée,pharmacie,0524621010,7 bd Hassan II - Autre ville ang. dar Si Aissa imm.A4 Safi,Safi,
8836,Ma Petite Para,autre_point_de_vente,0537863990,71 rue Bouchouk hay Karima Salé - Maroc,Salé,
114,Pharmacie 20 Aôut,pharmacie,0537863198,"Hay Tabriquet, résid. 20 Aôut, imm. B 1, mag. 2 Sale",Salé,
188,Pharmacie Abid,pharmacie,0537871525,,Salé,
393,Pharmacie Agoumi,pharmacie,0537845503,lot bachir ii hay chemaou (route de kenitra) Sale,Salé,
783,Pharmacie Al Fadila,pharmacie,0537874595,hay arrahma secteur b n° 9 Sale,Salé,
1842,Pharmacie AlBaraka,pharmacie,0537845959,Pharmacie AlBaraka SALE,Salé,
2716,Pharmacie Amar,pharmacie,0537862094,av mohamed v - Salé,Salé,
9495,Pharmacie Amer Kobra,pharmacie,0537875215,rue Lbrahma Salé - Maroc,Salé,
3516,Pharmacie Belyamani,pharmacie,0537853296,Pharmacie Belyamani SALE,Salé,
3554,Pharmacie Bentaleb Hajar,pharmacie,0537861111,180 bd 6 novembre hay al qods Sale,Salé,
3607,Pharmacie Boubcher,pharmacie,0537871037,"236, bd Al Amal, hay Oued Dahab Sale",Salé,
3610,Pharmacie Carrefour,pharmacie,0537845928,centre commercial carrefour route de kénitra Sale,Salé,
3810,Pharmacie Dahab,pharmacie,0537851291,47 bd Six Novembre hay Hourya Tabriquet Salé,Salé,
4043,Pharmacie Douae,pharmacie,0537800744,"rue Al Arak, hay Cheikh Lamfadel Sale",Salé,
4266,Pharmacie ElBrahma,pharmacie,0537875423,5 rte El Fouarat Douar ElBrahma Salé,Salé,
4309,Pharmacie ElFilali,pharmacie,0537782388,Pharmacie ElFilali SALE,Salé,
4357,Pharmacie ElMamounia,pharmacie,0537864757,11 hay Mamounia Tabriquet Salé,Salé,
4816,Pharmacie Hmimou,pharmacie,0670093108,"ouled Mazouz , n°261 Sale",Salé,
5073,Pharmacie Inaya,pharmacie,0537862787,Pharmacie Inaya SALE,Salé,
5076,Pharmacie Inbiat,pharmacie,0537853724,31 zankate ameur av essalam douar cheikh lamfadel(face à souk assalihine) Sale,Salé,
5493,Pharmacie Maamora,pharmacie,0537833995,Pharmacie Maamora SALE,Salé,
5495,Pharmacie Macha Allah,pharmacie,0533061664,Pharmacie Macha Allah SALE,Salé,
9239,Pharmacie Marzouka,pharmacie,0537843104,34 lotiss. Marzouka hay chmaou Salé - Maroc,Salé,
5502,Pharmacie Marzouka,pharmacie,0665642998,av essalam 34 hay marzouka route de mehdia Sale,Salé,
5586,Pharmacie Mohammed,pharmacie,0537524141,q. Brahma Sale,Salé,
5587,Pharmacie Mohammed V,pharmacie,0537863294,"6, bd Mohammed V, Tabriquet Sale",Salé,
5692,Pharmacie Naciri,pharmacie,0537861818,"bd Al Salwa, sect.4B Tabriquet Sale",Salé,
5781,Pharmacie Oum Al Kora,pharmacie,0537871346,av youssef ibn tachfine n°110 bis hay cheikh lamfadel - Sale,Salé,
9859,Pharmacie Rif,pharmacie,0537866063,"lot mimoza 6, magasin 01- Tabriquet, imm 6 Av. Abderrahim Bouabid, Salé",Salé,
6514,Pharmacie Rima,pharmacie,0537803125,bd boukraa n°64 hay cheikh lamfadel Sale,Salé,
6905,Pharmacie Rizk,pharmacie,0537862027,avenue 6 novembre hay rizk Sale,Salé,
6952,Pharmacie Rostane,pharmacie,0537863186,759 av du sahara sect 8 Sale,Salé,
7324,Pharmacie Salah Eddine El Ayoubi,pharmacie,0537885859,lot dadda n°1 (dérrière centrale laitière) route mehdia Sale,Salé,
7348,Pharmacie Salam,pharmacie,0537801044,"24, bd Abderrahim Bouabid, sect. 7 Hay Essalam Sale",Salé,
7828,Pharmacie Tabriquet,pharmacie,0537863335,"bd Lalla Asmaa, lotiss. Fabi n° 9 Sale",Salé,
8590,Pharmacie Zakaria,pharmacie,0537855537,hay rahma n°1262 (sect c) Sale,Salé,
4111,Pharmacie du quartier industriel,pharmacie,0537871069,"581, bd Ibn El Khatib ang. Ouarkziz dar Hamra Sale",Salé,
4763,Pharmacie hay Karima,pharmacie,0537855058,"46, bd Mohammed V Sale",Salé,
5231,Pharmacie la Mamora,pharmacie,0537854087,angle av my youssef et av soudan (en face de l'école nationale forestiere des ingenieurs) Sale,Salé,
5397,Pharmacie les Orangers,pharmacie,0652801331,Pharmacie les Orangers SALE,Salé,
5396,Pharmacie les Orangers,pharmacie,0537803134,"bd Boukraâ ang. rue les orangers, Cheikh Lamfadel Sale",Salé,
8865,Smart Para,autre_point_de_vente,0662222020,bd Mohammed V c/o Marjane hay Karima Salé - Maroc,Salé,
370,Pharmacie Al Hourria,pharmacie,0523720582,"3, bd mohammed v , lot. ben driss Settat",Settat,
631,Pharmacie Al Massira,pharmacie,0523403172,"49, bd hassan2, près de sidi lghlimi Settat",Settat,
1219,Pharmacie AlWilaya,pharmacie,0523401759,"4, bd Hassan II Settat",Settat,
1017,Pharmacie Albarid,pharmacie,0523403922,place de la liberté Settat,Settat,
1125,Pharmacie Allal Ben Abdellah,pharmacie,0523404635,"29, bd allal ben abdellah Settat",Settat,
1195,Pharmacie Alqods,pharmacie,0523402064,"46, bd Mohammed V Settat",Settat,
1741,Pharmacie Attaouhid,pharmacie,0612136940,Pharmacie Attaouhid SETTAT,Settat,
1742,Pharmacie Azzouzi,pharmacie,0523402008,"95, bd Mohammed V Settat",Settat,
8798,Pharmacie Barradi,pharmacie,0523721965,"276, bd zerktouni , smaala Settat",Settat,
9543,Pharmacie Barradi,pharmacie,0546159276,276 Bd Zerktouni Smaala Settat - Maroc,Settat,
1795,Pharmacie Batoul,pharmacie,0523721095,"20, rue my ahmed derb omar Settat",Settat,
1984,Pharmacie Batoul,pharmacie,0523405080,"20, derb omar, bd moulay ahmed, près du cimetière moulay ahmed Settat",Settat,
2259,Pharmacie Boumahdi,pharmacie,0523402914,"43 Bis, rue Jbel Oukaimden , hay Mabrouka Settat",Settat,
2418,Pharmacie De La Renaissance,pharmacie,0523402669,"86, boulevard général kettani, route ouled said, près de casa prix Settat",Settat,
2430,Pharmacie De Settat,pharmacie,0523403865,"56, bd. allal el fassi, en face kissariat zzahra et snak italie de direction rue dehbiya Settat",Settat,garde 24h/24
2448,Pharmacie Derb Omar,pharmacie,0523404493,Pharmacie Derb Omar SETTAT,Settat,
2947,Pharmacie El Wafaa,pharmacie,0523403333,"34, av des F.a.r. Settat",Settat,
2969,Pharmacie ElAmal,pharmacie,0523403585,"74, bd Bouchaïb Bellabssir Settat",Settat,
3230,Pharmacie ElSettati,pharmacie,0523400730,"235, bd. la Princesse Lalla Aïcha Settat",Settat,
3449,Pharmacie Er-razi,pharmacie,0523723582,"114, av. des Far Settat",Settat,
3461,Pharmacie Essaada,pharmacie,0523722837,"83, rue Aïn Louh , Mabrouka Settat",Settat,
3804,Pharmacie Hanine,pharmacie,0523402507,"51, rue des Martyrs Settat",Settat,
3864,Pharmacie Hôpital Hassan 2,pharmacie,0523406210,bd bir anzarane _ hay mebrouka Settat,Settat,
3911,Pharmacie Ibn Abbad,pharmacie,0523402122,"200, av des F.a.r. Settat",Settat,
3936,Pharmacie Ibn Sina,pharmacie,0523404151,"157, bd lalla a?cha Settat",Settat,
4326,Pharmacie Maarouf,pharmacie,0523402256,"362, bd des f.a.r. Settat",Settat,
4701,Pharmacie Motaouakkil,pharmacie,0523723619,"9, bd. hassan ii , imm. boutaleb, près du cinéma al ahram Settat",Settat,
4893,Pharmacie Nazih,pharmacie,0523400312,"16, bd. Mohamed Zerktouni Settat",Settat,
5085,Pharmacie Pam,pharmacie,0523403558,n°37 rue moulay slimane. hay pam. près des taxis ben hmed- mosquée pam SETTAT,Settat,
5160,Pharmacie Rabha,pharmacie,0523724586,"41, bd Changuit , Smaâla Settat",Settat,
5328,Pharmacie Rayhana Farah,pharmacie,0523726499,"1 Bis, rue Khansaa , hay Farah II Settat",Settat,
5398,Pharmacie Ridouan,pharmacie,0523401340,65. boulevard abdelkrim al khattabi. hay maymouna Settat,Settat,
5593,Pharmacie Rohi,pharmacie,0523401580,"751, bd Changhit Settat",Settat,garde 24h/24
5763,Pharmacie Salman,pharmacie,0523404314,Pharmacie Salman SETTAT,Settat,
5669,Pharmacie Saïd,pharmacie,0523720085,Pharmacie Saïd SETTAT,Settat,
6334,Pharmacie Sidi Abdelkrim,pharmacie,0523722707,"164, bd ourika , bloc pam Settat",Settat,
7339,Pharmacie Sidki,pharmacie,0523724647,"233, bd ElArbi ElOuadi Settat",Settat,
7699,Pharmacie Smaâla,pharmacie,0523405015,"148, bd. Mohamed Zerktouni Settat",Settat,
8000,Pharmacie Tantaoui,pharmacie,0523723118,"13, bd la Résistance Settat",Settat,
2827,Pharmacie du train,pharmacie,0523403477,"8 Bis, rue de la gare , Smaâla Settat",Settat,
8388,Pharmacie Ahlam,pharmacie,0523349916,44 rue Aswane SIDI BENNOUR,Sidi Bennour,
2531,Pharmacie Ain Chifa,pharmacie,0523359104,127 Bd Mohamed V Sidi bennour,Sidi Bennour,
2117,Pharmacie Al Masjid,pharmacie,0523359463,509 Av 20 Aout bloc Pam Sidi bennour,Sidi Bennour,garde 24h/24
2041,Pharmacie Al Qods,pharmacie,0523349292,413 Bd Massira lotiss. Widad Sidi bennour,Sidi Bennour,
6507,Pharmacie AlHassania,pharmacie,0523359035,18 rue Ibrahim Roudani SIDI BENNOUR,Sidi Bennour,
1081,Pharmacie AlMotahida,pharmacie,0523349220,Avenue de l'armée royale Sidi bennour,Sidi Bennour,
1099,Pharmacie AlMoustakbal,pharmacie,0523349421,13 Bd Moulay Abdellah kiss. AlMoustakbal Sidi bennour,Sidi Bennour,
6470,Pharmacie AlWafaa,pharmacie,0523349314,Lotiss. Essaada II n°2 SIDI BENNOUR,Sidi Bennour,
7160,Pharmacie AlWidad,pharmacie,0523349922,132 bd. Amir Sidi Mohamed SIDI BENNOUR,Sidi Bennour,
6903,Pharmacie Alyassine,pharmacie,0523349060,42 lotiss. Alyassine SIDI BENNOUR,Sidi Bennour,
2653,Pharmacie Badr,pharmacie,0523349224,335 Avenue Massira Sidi bennour,Sidi Bennour,
6529,Pharmacie Belcouyed,pharmacie,0523359245,bd. Atoufah Ard ElKhair SIDI BENNOUR,Sidi Bennour,
1385,Pharmacie Bouroud,pharmacie,0523369210,705 Bd Mohamed V hay El Massira Sidi bennour,Sidi Bennour,
2837,Pharmacie Centrale,pharmacie,0523349145,109 bd Dakhla lotiss. Pam SIDI BENNOUR,Sidi Bennour,
6031,Pharmacie Charafi,pharmacie,0523359346,231 bd. ElMokhtar Essoussi Lot. Fath SIDI BENNOUR,Sidi Bennour,
6145,Pharmacie El Ghazali,pharmacie,0523359170,43 bd Al Amir Sidi Mohamed SIDI BENNOUR,Sidi Bennour,
7935,Pharmacie ElGrichet,pharmacie,0523369199,centre ElGrichet Cercle Sidi Bennour,Sidi Bennour,
6138,Pharmacie Errahma,pharmacie,0523369260,bd. My Abdellah 1 rue Imam Malek SIDI BENNOUR,Sidi Bennour,
6580,Pharmacie Errazi,pharmacie,0523369437,hay Pam n°627 SIDI BENNOUR,Sidi Bennour,
9078,Pharmacie Essalam,pharmacie,0523369377,41 Bis bd Houmane ElFetouaki Sidi Bennour - Maroc,Sidi Bennour,
1260,Pharmacie Grar,pharmacie,0523349647,250 Bd Dakhla citée Pam Sidi bennour,Sidi Bennour,
715,Pharmacie Ibn Sina,pharmacie,0523349034,2 Bd Oued Eddahab Pam Sidi bennour,Sidi Bennour,
6171,Pharmacie Ibnou Rochd,pharmacie,0523349518,10 bd. Hassan II SIDI BENNOUR,Sidi Bennour,
5969,Pharmacie Issaad,pharmacie,0523349975,rue Laayoune bd. Allal Ben Abdellah SIDI BENNOUR,Sidi Bennour,
8567,Pharmacie Kridid,pharmacie,0523356793,Sebt ElMaarif n°40 SIDI BENNOUR,Sidi Bennour,
7181,Pharmacie Meftah Elkhair,pharmacie,0523359622,lotiss. Massira n°491 SIDI BENNOUR,Sidi Bennour,
7065,Pharmacie Nadia,pharmacie,0523359068,68 X bd Hassan Ouazzani SIDI BENNOUR,Sidi Bennour,
6769,Pharmacie Noury,pharmacie,0523359130,28 lotiss. Ard Alkhair SIDI BENNOUR,Sidi Bennour,
8695,Pharmacie Ouled Aissa,pharmacie,0523386247,Had Oulad Aissa SIDI BENNOUR,Sidi Bennour,
8358,Pharmacie Ouled Si Bouhya,pharmacie,0523376070,centre ElGrichet SIDI BENNOUR,Sidi Bennour,
7034,Pharmacie Rajaa,pharmacie,0523369842,lotissement Amane n°38 SIDI BENNOUR,Sidi Bennour,
10045,Pharmacie Tarik,pharmacie,0523369275,Lotiss. Ard Lkheir Sidi Bennour,Sidi Bennour,
8680,Pharmacie Zyayna,pharmacie,0661152808,Pharmacie Zyayna SIDI BENNOUR,Sidi Bennour,
9103,Pharmacie de l'hôpital,pharmacie,0523359354,9 lot Ammar Sidi Bennour - Maroc,Sidi Bennour,
7911,Pharmacie du Village,pharmacie,0523349588,centre AlKaria cercle Rural Bouhman SIDI BENNOUR,Sidi Bennour,
10172,Pharmacie la Cité,pharmacie,0529824286,"av la Marche Verte , résid. Asaad, i4, mm. B1, bloc A n°4 Sidi Bennour",Sidi Bennour,
9090,Pharmacie la Famille,pharmacie,0523369392,250 lot Widad Sidi Bennour - Maroc,Sidi Bennour,
1489,Pharmacie la santé,pharmacie,0523359291,479 Pam bloc 5 Sidi bennour,Sidi Bennour,
1321,Pharmacie la victoire,pharmacie,0523349320,Bd des F.a.r Sidi bennour,Sidi Bennour,
7633,Pharmacie Ain Deffali,pharmacie,0537460745,Pharmacie Ain Deffali SIDI KACEM,Sidi Kacem,
7570,Pharmacie Ain Dorrif,pharmacie,0537909473,Pharmacie Ain Dorrif SIDI KACEM,Sidi Kacem,
8293,Pharmacie Aissaoui,pharmacie,0537799311,Pharmacie Aissaoui SIDI KACEM,Sidi Kacem,
314,Pharmacie Al Amal,pharmacie,0537594527,11 q. Miloud n° 16 Sidi kacem,Sidi Kacem,
8949,Pharmacie Al Houda,pharmacie,0668713111,route de Tanger lot. n°241/2 Sidi Kacem - Maroc,Sidi Kacem,
7701,Pharmacie Al Joulane,pharmacie,0537591077,Pharmacie Al Joulane SIDI KACEM,Sidi Kacem,
7729,Pharmacie Al Khawarizmi,pharmacie,0537595584,Pharmacie Al Khawarizmi SIDI KACEM,Sidi Kacem,
1342,Pharmacie Al Missaha (clinique),pharmacie,0537596624,32 hay Al Qods Sidi kacem,Sidi Kacem,
2083,Pharmacie Al Wifak,pharmacie,0537593332,61 rte de Meknès - Autre ville rue 16 hay El Kouch Sidi kacem,Sidi Kacem,
738,Pharmacie AlKhawarizmi,pharmacie,0690875123,Nouveau Quartier rue 20 n°2 Sidi kacem,Sidi Kacem,
7764,Pharmacie AlWahda,pharmacie,0537909663,q. Nouveau Khenichet SIDI KACEM,Sidi Kacem,
9437,Pharmacie AlWahda,pharmacie,0537998405,q. Nouveau Khenichet Sidi Kacem - Maroc,Sidi Kacem,
8165,Pharmacie AlWahda,pharmacie,0537998418,Pharmacie AlWahda SIDI KACEM,Sidi Kacem,
8100,Pharmacie Allaymoune,pharmacie,0537590334,hay Yasmine bloc C n°471 SIDI KACEM,Sidi Kacem,
8246,Pharmacie Azghar,pharmacie,0537591302,q. Azghar ang. rue 1 n°94 SIDI KACEM,Sidi Kacem,
30,Pharmacie Badr,pharmacie,0537592638,Rue 9 n°19 Sidi kacem,Sidi Kacem,
268,Pharmacie Bir Anzarane,pharmacie,0537593598,78 Rue Bir Anzarane Sidi kacem,Sidi Kacem,
7309,Pharmacie Chifa,pharmacie,0537909604,Jorf ElMalha SIDI KACEM,Sidi Kacem,
7483,Pharmacie Chrarda,pharmacie,0537595060,31 av Hassan II SIDI KACEM,Sidi Kacem,
7392,Pharmacie Croissant Rouge,pharmacie,0537593376,Pharmacie Croissant Rouge SIDI KACEM,Sidi Kacem,
9188,Pharmacie El Hekim,pharmacie,0667051774,hay Jawhara n° 1237 Sidi Kacem - Maroc,Sidi Kacem,
7300,Pharmacie ElFath,pharmacie,0537592707,bd de Rabat rue 33 n°91 SIDI KACEM,Sidi Kacem,
7910,Pharmacie ElJoulane,pharmacie,0537591012,hay ElMerse n°39 SIDI KACEM,Sidi Kacem,garde 24h/24
7697,Pharmacie Errazi,pharmacie,0537595193,Mlahla rue 67 n°6 SIDI KACEM,Sidi Kacem,
8247,Pharmacie Esperance,pharmacie,0537909709,Boutrika n°29 Teroaul SIDI KACEM,Sidi Kacem,
3095,Pharmacie Ezzahra,pharmacie,0537593065,rte de Tanger n°376 SIDI KACEM,Sidi Kacem,
8280,Pharmacie Haouafate,pharmacie,0537905504,q. Haouafate souk Jemaa SIDI KACEM,Sidi Kacem,
8184,Pharmacie Ibn Rochd,pharmacie,0672307537,Cité Nouvelle rue 21 n°3 SIDI KACEM,Sidi Kacem,
9253,Pharmacie Jorf,pharmacie,0537909630,bd ElFarran Jorf ElMelha Sidi Kacem - Maroc,Sidi Kacem,
8732,Pharmacie Kebdani,pharmacie,0537990426,lot. Hamid rue 8 Jorf ElMelha SIDI KACEM,Sidi Kacem,
7838,Pharmacie Ksar Aslouj,pharmacie,0537310026,Douar Ouled Moussa SIDI KACEM,Sidi Kacem,
7636,Pharmacie Lemnie,pharmacie,0537593590,hay Lmers rue 46 n°54 bis SIDI KACEM,Sidi Kacem,
8548,Pharmacie Maghreb Arrabe,pharmacie,0537594539,142 bd Mohammed V SIDI KACEM,Sidi Kacem,
7734,Pharmacie Ouargha,pharmacie,0537998133,31 av Hassan II Khnichat SIDI KACEM,Sidi Kacem,
8754,Pharmacie Principale,pharmacie,0537596989,23 bd Mohammed V SIDI KACEM,Sidi Kacem,
2859,Pharmacie Rmila,pharmacie,0537596024,33 rte de Rabat rue N2 Hay Rmila Sidi kacem,Sidi Kacem,
8645,Pharmacie Sahraoua,pharmacie,0537596045,hay Sahraoua rue 80 n°15 SIDI KACEM,Sidi Kacem,
7710,Pharmacie Sidi Bousber,pharmacie,0537597243,Sidi Bousber Cercle de Ouazzane SIDI KACEM,Sidi Kacem,
7740,Pharmacie Zirara,pharmacie,0537594755,Zirara Centre Slatna SIDI KACEM,Sidi Kacem,
2864,Pharmacie nouvelle,pharmacie,0537593346,33 Rue 22 Sidi kacem,Sidi Kacem,
6072,Pharmacie Al Markaz Assehi,pharmacie,0522969387,Pharmacie Al Markaz Assehi SIDI RAHAL,Sidi Rahal,
298,Pharmacie Agdal,pharmacie,0537501033,72 lotiss. Jalil Tazi Sidi slimane,Sidi Slimane,
640,Pharmacie Al Azhar,pharmacie,0537502984,286 bd Mohammed V Sidi slimane,Sidi Slimane,
726,Pharmacie Al Houda,pharmacie,0537505669,av Al Hansali hay Essalam bloc 20 n°9 Sidi slimane,Sidi Slimane,
768,Pharmacie Al Marjane,pharmacie,0530650730,bd Hassan II - Autre ville Sidi slimane,Sidi Slimane,
777,Pharmacie Al Masjid,pharmacie,0537502513,hay Salam bloc 17 n°23 SIDI SLIMANE,Sidi Slimane,
1876,Pharmacie Amine,pharmacie,0537502078,12 Av. Mohammed V rte Dar Belamri Sidi slimane,Sidi Slimane,
2114,Pharmacie Assafaa,pharmacie,0537501046,"Hay Essalam , bloc 40 n°8 Sidi slimane",Sidi Slimane,
2561,Pharmacie Beni Hssen,pharmacie,0537502176,55 av Mohamed Zerktouni Ouled ElGhazi rte de Dar Amri Sidi slimane,Sidi Slimane,garde 24h/24
2693,Pharmacie Bir Anzarane,pharmacie,0537502900,63 bd. Bir Anzarane SIDI SLIMANE,Sidi Slimane,
2697,Pharmacie Bismillah,pharmacie,0537500688,3 lotiss. Agdal SIDI SLIMANE,Sidi Slimane,
3064,Pharmacie Chifaa,pharmacie,0537503034,hay Laymoune bloc 27 n°7 SIDI SLIMANE,Sidi Slimane,
3439,Pharmacie Debbarh,pharmacie,0661491076,lot Agdal n° 3 Sidi slimane,Sidi Slimane,
4244,Pharmacie ElHay ElJadid,pharmacie,0537500650,"av Zerktouni , hay ElJadid Sidi slimane",Sidi Slimane,
4256,Pharmacie ElMerini,pharmacie,0537504925,6 av Hassan II Sidi slimane,Sidi Slimane,
4393,Pharmacie Enassr,pharmacie,0537503029,"hay Essalam , bloc 2 n°32 Sidi slimane",Sidi Slimane,
4525,Pharmacie Essalam,pharmacie,0537501418,hay Essalam bloc 10 n°63 Sidi slimane,Sidi Slimane,
9201,Pharmacie Hôpital,pharmacie,0537500040,18 av Maghreb El Arabi Sidi Slimane - Maroc,Sidi Slimane,
9132,Pharmacie Ibn Khaldoune,pharmacie,0537501968,hay Ibn Khaldoun Sidi Slimane - Maroc,Sidi Slimane,
4641,Pharmacie Ibn Sina,pharmacie,0537500504,hay Essalam bloc B n°6 Sidi slimane,Sidi Slimane,
4803,Pharmacie Jalal,pharmacie,0537500442,hay Essalam bloc G n°9 SIDI SLIMANE,Sidi Slimane,
4834,Pharmacie Jbirat,pharmacie,0537505523,21 bd Hassan II - Autre ville rte de Kenitra SIDI SLIMANE,Sidi Slimane,
4931,Pharmacie Karima,pharmacie,0661254737,141 q. administartif lotiss. Marjane Sidi slimane,Sidi Slimane,
7619,Pharmacie Mansouri,pharmacie,0537502012,321 av Mohammed V q. Khouribga Sidi slimane,Sidi Slimane,
7725,Pharmacie Ouled El Ghazi,pharmacie,0537505871,"10, av Zerktouni , lot. Lemhamed Sidi slimane",Sidi Slimane,
7835,Pharmacie Ouled Malek,pharmacie,0537505321,hay Ouled Zid Sidi slimane,Sidi Slimane,
7894,Pharmacie Populaire,pharmacie,0537502762,av Istiqlal ang. av Nations Unies Sidi slimane,Sidi Slimane,
7991,Pharmacie Saih,pharmacie,0537502626,av Hassan II hay Essalam SIDI SLIMANE,Sidi Slimane,
7996,Pharmacie Sidi Slimane,pharmacie,0537503889,2 av Mohamed Diouri hay Laymoune Sidi slimane,Sidi Slimane,
8417,Pharmacie Slimania,pharmacie,0537505922,"144, Slimania III Sidi slimane",Sidi Slimane,
8554,Pharmacie Yassine,pharmacie,0676306817,av la Resistance ouled Malek Sidi slimane,Sidi Slimane,
3719,Pharmacie du Beht,pharmacie,0537502040,"56, bd Mohammed V Sidi slimane",Sidi Slimane,
10232,Pharmacie du Gharb,pharmacie,0645512140,Sidi Slimane,Sidi Slimane,
3942,Pharmacie du Rharb,pharmacie,0537502254,28 bd Hassan II Sidi slimane,Sidi Slimane,
5022,Pharmacie la Clinique,pharmacie,0537501392,Hay Essalam bloc 5 n°10 SIDI SLIMANE,Sidi Slimane,
5411,Pharmacie la Résistance,pharmacie,0537503558,2 av la Résistance SIDI SLIMANE,Sidi Slimane,
6856,Pharmacie le Jasmin,pharmacie,0537502504,hay Salam bloc 26 n°24 Sidi slimane,Sidi Slimane,
7409,Pharmacie les Orangers,pharmacie,0537501965,12 av Mohammed V Ghoumareyene Sidi slimane,Sidi Slimane,
7426,Pharmacie les Urgences,pharmacie,0537503690,av de la Résistance SIDI SLIMANE,Sidi Slimane,
6782,Pharmacie Oujra,pharmacie,0537301096,433 rue Fatima oum Elbanine hay El Fath SIDI YAHIA DU GHARB,Sidi Yahia Du Gharb,
10146,Pharmacie Sidi Bennour,pharmacie,0523349271,"Av. Mohamed V, Sidi Bennour",Sidi-Bennour,
8526,Pharmacie Abderrahmane,pharmacie,0537742171,Pharmacie Abderrahmane Skhirat,Skhirat,
7220,Pharmacie Ain ELHayat,pharmacie,0533521617,Pharmacie Ain ELHayat Skhirat,Skhirat,
8112,Pharmacie AlMajd,pharmacie,0537620187,Pharmacie AlMajd Skhirat,Skhirat,
6249,Pharmacie Arrachade,pharmacie,0537742574,Pharmacie Arrachade Skhirat,Skhirat,
8581,Pharmacie Bichifa,pharmacie,0537742664,Pharmacie Bichifa Skhirat,Skhirat,
6096,Pharmacie Bouayba,pharmacie,0537620216,Pharmacie Bouayba Skhirat,Skhirat,
2756,Pharmacie Chaouki,pharmacie,0537742301,Pharmacie Chaouki Skhirat,Skhirat,
7251,Pharmacie Hicham,pharmacie,0537620578,Pharmacie Hicham Skhirat,Skhirat,
8657,Pharmacie Jaber,pharmacie,0537742612,Pharmacie Jaber Skhirat,Skhirat,
2965,Pharmacie L'Amphitrite,pharmacie,0537620005,Pharmacie L'Amphitrite Skhirat,Skhirat,
6618,Pharmacie Meriem,pharmacie,0537742577,Pharmacie Meriem Skhirat,Skhirat,
8570,Pharmacie Mosquée ElHouda,pharmacie,0537620637,Pharmacie Mosquée ElHouda Skhirat,Skhirat,
8088,Pharmacie Mounia,pharmacie,0537620030,Pharmacie Mounia Skhirat,Skhirat,
1271,Pharmacie Ouled Ghanem,pharmacie,0537742909,Pharmacie Ouled Ghanem Skhirat,Skhirat,
7912,Pharmacie Palais des Congrés,pharmacie,0537742743,Pharmacie Palais des Congrés Skhirat,Skhirat,
7208,Pharmacie Raji,pharmacie,0537742516,Pharmacie Raji Skhirat,Skhirat,
6314,Pharmacie Salma,pharmacie,0537742257,Pharmacie Salma Skhirat,Skhirat,
8795,Pharmacie Sebbah,pharmacie,0537628481,souk el had lot n°2 commune sebbah Skhirate,Skhirat,
8290,Pharmacie Taoufik,pharmacie,0537742022,Pharmacie Taoufik Skhirat,Skhirat,
8606,Pharmacie Zouhair,pharmacie,0537620166,Pharmacie Zouhair Skhirat,Skhirat,
8588,Pharmacie du Bien Etre,pharmacie,0537620564,Pharmacie du Bien Etre Skhirat,Skhirat,
8174,Pharmacie l'Erac,pharmacie,0537620558,Pharmacie l'Erac Skhirat,Skhirat,
6312,Pharmacie les Palmeraies,pharmacie,0537742232,Pharmacie les Palmeraies Skhirat,Skhirat,
9161,Pharmacie Achokr,pharmacie,0537620376,333 Ain El Hayat 3 Skhirate - Maroc,Skhirate,
9220,Pharmacie Aïn Arroz,pharmacie,0537620062,5 rte Aïn Arroz Skhirate - Maroc,Skhirate,
9172,Pharmacie Fadoua,pharmacie,0673022609,38 lotiss. Al Moustakbal Skhirate - Maroc,Skhirate,
9179,Pharmacie Jnane Skhirat,pharmacie,0537787378,48 lotiss. Al Warda centre Sud Skhirate - Maroc,Skhirate,
9214,Pharmacie Skhirat,pharmacie,0537742170,7 Aïn Rouz Skhirate - Maroc,Skhirate,
6983,Pharmacie Smara,pharmacie,0528899133,Pharmacie Smara,Smara,
7423,Pharmacie Al Amal,pharmacie,0535660265,Rfaif Sefrou,Séfrou,
2773,Pharmacie Assalam,pharmacie,0533740720,887 av. Mohamed Yakhlaf Ben Seffar Sefrou,Séfrou,
221,Pharmacie Avicenne,pharmacie,0535660562,bd Amir Abdelkader Sefrou,Séfrou,
7561,Pharmacie Aïn Karma,pharmacie,0535404271,Pharmacie Aïn Karma SEFROU,Séfrou,
1176,Pharmacie Bab ElMakam,pharmacie,0535661765,4 rue Ibn Tachfine SEFROU,Séfrou,
7769,Pharmacie Ben Seffar,pharmacie,0535969013,"104, lotissement Hind , hay Ennahda lot. n°5 Sefrou",Séfrou,
7896,Pharmacie Bouayad,pharmacie,0534439606,Pharmacie Bouayad SEFROU,Séfrou,
612,Pharmacie Boudarham 2,pharmacie,0535682479,Rte Al Manzel n°558 hay Boudarham Sefrou,Séfrou,
728,Pharmacie Cascades,pharmacie,0535682925,rue Errachad bloc 2 n°°167 Séfrou,Séfrou,
8791,Pharmacie Chabbak,pharmacie,0535969207,"Q. Chabbak 1 , n°117 bis Sefrou",Séfrou,
207,Pharmacie Charifi,pharmacie,0535660689,av ElIdrissi rue 227 n°97 Habouna Séfrou,Séfrou,garde 24h/24
7915,Pharmacie Fadil,pharmacie,0535661818,648 rue Aghaliba Sefrou,Séfrou,
9029,Pharmacie Habitat,pharmacie,0535969242,114 bd Hassan 1ér Sette Massouda Séfrou,Séfrou,
1595,Pharmacie Habouna El Jadida,pharmacie,0535661894,312 av Ibnou Sina Habouna Séfrou,Séfrou,
8169,Pharmacie Hay El Farah,pharmacie,0535683073,"hay El Farah , station Ziz Sefrou",Séfrou,
8972,Pharmacie Hay Elouz,pharmacie,0535661394,q. Elouz Ben Seffar n°44 Séfrou - Maroc,Séfrou,
1370,Pharmacie Hay Sidi Boumediane,pharmacie,0535969448,hay Sidi Boumediane lot. Hind n°130 Séfrou,Séfrou,
7509,Pharmacie Khalil,pharmacie,0535660737,1218 Zalagh Ben Sefar SEFROU,Séfrou,
119,Pharmacie Laaouini,pharmacie,0535683887,102 Lotissement Lalla Moulati rte. El Menzel Sefrou,Séfrou,
8579,Pharmacie Laaouini,pharmacie,0535969429,Pharmacie Laaouini SEFROU,Séfrou,
971,Pharmacie Lmassjid,pharmacie,0661355153,lot Massay n°118 Sefrou,Séfrou,
1678,Pharmacie Mhirez,pharmacie,0535682650,lotiss. Essalam n°32 Mhirez Sefrou,Séfrou,garde 24h/24
7335,Pharmacie Pasteur,pharmacie,0535969580,Pharmacie Pasteur SEFROU,Séfrou,
2226,Pharmacie Rachad,pharmacie,0550116595,rue Errachad Séfrou,Séfrou,
8971,Pharmacie Razi,pharmacie,0535969460,220 av Yaâcoub El Mansour Séfrou - Maroc,Séfrou,
7589,Pharmacie Rhizlane,pharmacie,0535683411,Pharmacie Rhizlane SEFROU,Séfrou,
8488,Pharmacie Route de Boulmane,pharmacie,0611262805,"72, lotiss. Moulay Ismail Sefrou",Séfrou,
8997,Pharmacie Route de Fès,pharmacie,0535969538,route de Fès Séfrou - Maroc,Séfrou,
8207,Pharmacie Setti Massaouda,pharmacie,0535660672,134 bd Moulay Ismail SEFROU,Séfrou,
9014,Pharmacie Sidi Ahmed Tadli,pharmacie,0535660348,318 bd Abdelkrim Khattabi Séfrou - Maroc,Séfrou,
357,Pharmacie Sidi Lahcen Lyoussi,pharmacie,0535660429,281 derb El Miter Sefrou,Séfrou,
7522,Pharmacie Slaoui Al Jadida,pharmacie,0535969200,530 av Yacoub El Mansour SEFROU,Séfrou,
2674,Pharmacie Zghari,pharmacie,0659797970,12 x bd Hassan II lot Karim hay Ennasr Sefrou,Séfrou,
8391,Pharmacie Zine El Abidine,pharmacie,0535969632,"lotiss. Atlas , Ben Seffar Sefrou",Séfrou,
1,Pharmacie centrale,pharmacie,0535660484,1 pl. Bab El Mrabaa Sefrou,Séfrou,
8346,Pharmacie de Garde,pharmacie,0614571759,Pharmacie de Garde SEFROU,Séfrou,
2815,Pharmacie de Sefrou,pharmacie,0535660268,Boulevard Mohammed V Sefrou,Séfrou,
7319,Pharmacie du Stade,pharmacie,0535662572,72 Lotissement Ben Hamza Massy Sefrou,Séfrou,garde 24h/24
3118,Pharmacie la Famille,pharmacie,0535662264,lotissement Bir Anzarane Ben Seffar n°19 Séfrou,Séfrou,
7882,Pharmacie la Province,pharmacie,0535682139,q. chram v.n. Sefrou,Séfrou,
8251,Pharmacie les Cérises,pharmacie,0535683583,140 Ibnou Zaidoun Habouna SEFROU,Séfrou,
9746,Pharmacie Ibn Rochd,pharmacie,0539991026,66 av. Abderrahim Bouabid lotiss. Wilaya T?touan - Maroc,T?Touan,
2660,Pharmacie Al Mahata,pharmacie,0528878066,bd Mohammed V ang rue ouled Tidrarine Tan tan,Tan Tan,
1706,Pharmacie Al Masjid,pharmacie,0528766222,7 av Chahid Mehdi Bouya hay Sahara Tan tan,Tan Tan,
8200,Pharmacie AlFajr,pharmacie,0528878895,Pharmacie AlFajr TAN TAN,Tan Tan,
8787,Pharmacie AlFath,pharmacie,0528765161,"bd AlFath , hay AlJadid Tan tan",Tan Tan,
8050,Pharmacie AlJanoub,pharmacie,0528765454,190 bd Bir Anzarane Tan tan,Tan Tan,
773,Pharmacie Almadina,pharmacie,0528877264,52 rue Tarfaya Tan tan,Tan Tan,garde 24h/24
7785,Pharmacie Andalous,pharmacie,0528765252,hay Sahara bloc C n°7 Tan tan,Tan Tan,
317,Pharmacie Avenue Assalam,pharmacie,0528766333,67 av Assalam hay Jadid Tan tan,Tan Tan,
4610,Pharmacie Bir Anzarane,pharmacie,0528878478,88 av. Bir Anzaran Tan tan,Tan Tan,
9262,Pharmacie Bouanane,pharmacie,0528765774,519 av. Mohamed V Ain Rahma Tan Tan - Maroc,Tan Tan,
805,Pharmacie Centrale,pharmacie,0528877344,276 bd. Mohamed V TAN TAN,Tan Tan,
4471,Pharmacie Chaâb,pharmacie,0528765673,1 av Mokhtar Soussi Tan tan,Tan Tan,
9264,Pharmacie Chifaa,pharmacie,0528766916,hay Ain Rahma rue 18 Tan Tan - Maroc,Tan Tan,
7678,Pharmacie Ennour,pharmacie,0528765799,32 rue Ecole Lalla Meryem TAN TAN,Tan Tan,
565,Pharmacie Hay El Massira,pharmacie,0528765614,hay Al Massira bloc 3 n°2 Tan tan,Tan Tan,
8301,Pharmacie Ibn Sina,pharmacie,0528765118,hay Nahda n°65 Tan tan,Tan Tan,
1295,Pharmacie Ichbilia,pharmacie,0528765859,55 rue Ichbilia - Autre ville bloc Z Tan tan,Tan Tan,
8589,Pharmacie Mekka,pharmacie,0527575127,Pharmacie Mekka TAN TAN,Tan Tan,
1556,Pharmacie Meryame,pharmacie,0528766868,Hay Al Jadid Tan tan,Tan Tan,
5115,Pharmacie Sahara,pharmacie,0528877573,106 bd Hassan II Tan tan,Tan Tan,
8794,Pharmacie Tiguiria,pharmacie,0528765872,hay Tiguiria Tan tan,Tan Tan,garde 24h/24
3179,Pharmacie Zineb,pharmacie,0528879299,Pharmacie Zineb TAN TAN,Tan Tan,
70,Pharmacie de Tantan,pharmacie,0528877073,106 Boulevard Mohamed V Tan tan,Tan Tan,
4050,Pharmacie de l'Hôpital,pharmacie,0528765140,Hay Sahara Bloc D n°5 Tan tan,Tan Tan,
484,Pharmacie la Résistance,pharmacie,0528877777,av la Résistance Tan tan,Tan Tan,
9937,Pharmacie Aazib Abakiwke,pharmacie,0520233191,"Hay Aazib Abakiw RDC Tranche N. 4414B, Tanger 90001",Tanger,
1521,Pharmacie Aazib Abakkiwe,pharmacie,0641029048,reu aazib abakkiwe 90000 tanger - maroc,Tanger,
8509,Pharmacie Abbes,pharmacie,0539317792,"88 bis, azib hadj kadour, quartier el aouina 90000 tanger - maroc",Tanger,garde 24h/24
9252,Pharmacie Abdelmajid El Atia,pharmacie,0550108098,Lhjar Assfar Tanger - Maroc,Tanger,
3380,Pharmacie Adam,pharmacie,0663048488,"880, khandaq el ouard 90000 tanger - maroc",Tanger,
5376,Pharmacie Al Azhar,pharmacie,0539310874,"10, rue hay alaoui, bendibane 90000 tanger - maroc",Tanger,
9592,Pharmacie Al Bochra,pharmacie,0665254864,1 Rte Al Harrarine Tanger - Maroc,Tanger,
2170,Pharmacie Al Firdaous,pharmacie,0539376097,"lot. flandria, boubana 90000 tanger - maroc",Tanger,
4554,Pharmacie Al Hanae,pharmacie,0539351039,"route principale, al aouama 90000 tanger - maroc",Tanger,garde 24h/24
1805,Pharmacie Al Karam,pharmacie,0539958306,"azib abkiou, route de tetouan mghougha 90000 tanger - maroc",Tanger,garde 24h/24
1077,Pharmacie Al Majd,pharmacie,0539951684,"307, lots majd 90000 tanger - maroc",Tanger,
3331,Pharmacie Al Masjid,pharmacie,0539310379,"avenue des far, résidence al khalij, azib haj kadour 90000 tanger - maroc",Tanger,
3353,Pharmacie Al Yasmine,pharmacie,0539318909,rue ezzahraoui mohamed 90100 tanger - maroc,Tanger,
780,Pharmacie AlOuroud Malika,pharmacie,0606035669,"hay Aouama , lotiss.AlOuroud Malika Tanger",Tanger,
2311,Pharmacie Alhambra,pharmacie,0539954166,"30 bd Aicha Moussafir , hay haddad Aouama Tanger",Tanger,
8741,Pharmacie Alhilal,pharmacie,0539313629,Pharmacie Alhilal TANGER,Tanger,
2593,Pharmacie Anas,pharmacie,0531067917,"78, avenue al hoceima, rue 17, annasr 90000 tanger - maroc",Tanger,
5694,Pharmacie Andalucia,pharmacie,0539350197,"houamat soussi,lot. andalous, béni makada 90000 tanger - maroc",Tanger,
501,Pharmacie Annassiha,pharmacie,0539954505,"16, avenue koweit, hay bouhout 90000 tanger - maroc",Tanger,
3536,Pharmacie Annour,pharmacie,0539952910,"15, avenue mauritanie, dhar ejjaidi 90000 tanger - maroc",Tanger,
4871,Pharmacie Aouama Charkia,pharmacie,0539955633,"rue al kods, hay loudaya zaouia, aouama charkia 90000 tanger - maroc",Tanger,
3426,Pharmacie Aouama Gharbia,pharmacie,0539956236,"700, avenue kods, aouama gharbia 90000 tanger - maroc",Tanger,
3082,Pharmacie Arrahman,pharmacie,0531026178,"227, hay boubana rahrah 90000 tanger - maroc",Tanger,
7837,Pharmacie Asanawbar,pharmacie,0534638804,Pharmacie Asanawbar TANGER,Tanger,
9200,Pharmacie Assabr,pharmacie,0531189272,76 lotiss. Méditerranée Tanger - Maroc,Tanger,
5157,Pharmacie Atlas,pharmacie,0539311840,"16, rue ibn ardoun, nouveau quartier casabarata 90000 tanger - maroc",Tanger,
3778,Pharmacie Azhar Chifae,pharmacie,0539958321,route principale aouama charkia 90090 tanger - maroc,Tanger,
9026,Pharmacie Badri,pharmacie,0531313234,9 q. M'rabet Aouama Tanger,Tanger,
3470,Pharmacie Bait Al Makdiss,pharmacie,0539314011,"route sidi driss, hay el mers 90000 tanger - maroc",Tanger,
1509,Pharmacie Bd Moulay Rachid,pharmacie,0539302874,"oued chatt, rés duodet, tanja balia 90000 tanger - maroc",Tanger,
1151,Pharmacie Bouhout Al Aouama,pharmacie,0539957079,"70, lotissement farah, al aouama 90080 tanger - maroc",Tanger,
9409,Pharmacie Boutaour,pharmacie,0661640754,Cplexe Boutaour imm.1 n°3 Tanger - Maroc,Tanger,
3052,Pharmacie Branes,pharmacie,0539311971,"21, avenue fayçal ibn abdelaziz, casabarata 90000 tanger - maroc",Tanger,
2408,Pharmacie Branes 2,pharmacie,0539316344,"avenue, ibn abi zare, branes ii 90000 tanger - maroc",Tanger,
259,Pharmacie Chair,pharmacie,0539302652,sania kedima 90000 tanger - maroc,Tanger,
9768,Pharmacie Chairi,pharmacie,0694286535,3 Hay Mrabet El Aouama Tanger - Maroc,Tanger,
2659,Pharmacie Dar D'bagh,pharmacie,0539949292,"34, rue dar d'bagh, port medina 90000 tanger - maroc",Tanger,
3428,Pharmacie Doha Louama,pharmacie,0539951170,route al aouama 90000 tanger - maroc,Tanger,
5484,Pharmacie Du Nord,pharmacie,0539310580,"3, lot. sanae ii lot 90000 tanger - maroc",Tanger,
4408,Pharmacie El Aouama,pharmacie,0539959808,"31, avenue royaume arabie saoudite 90000 tanger - maroc",Tanger,
9312,Pharmacie Europharm,pharmacie,0531001323,hay bir Ghazi q. Al qods n° 520 Al aouama Tanger - Maroc,Tanger,
9234,Pharmacie Fahmi,pharmacie,0634341563,4 q. beausejour Tanger - Maroc,Tanger,
3932,Pharmacie Fayna,pharmacie,0539311859,"31, avenue forêt maamoura, branes ii 90000 tanger - maroc",Tanger,
5052,Pharmacie Grand Maghrib,pharmacie,0539352246,"route al aouama, lotissement andalouss, nr. 57 90080 tanger - maroc",Tanger,
9482,Pharmacie Haoumat Fatima,pharmacie,0531047270,Hay Haoumat Fatima Al Aouama Tanger - Maroc,Tanger,
4973,Pharmacie Hay Mrabett Ii,pharmacie,0539356967,"86, aouama, mrabett 2 90080 tanger - maroc",Tanger,
8954,Pharmacie Hjar Sfar,pharmacie,0531122466,Hjar Sfar Aouama Charkiya Tanger - Maroc,Tanger,
692,Pharmacie Ibn Batouta,pharmacie,0539314252,"134a , rue ibn ardounn, branes i 90000 tanger - maroc",Tanger,
4450,Pharmacie Ibn Khaldoun,pharmacie,0539360290,"lot. al majd, à côté rés. al fajr 90000 tanger - maroc",Tanger,
2407,Pharmacie Jamila,pharmacie,0539949676,"128 bis, rue de fés 90000 tanger - maroc",Tanger,
3392,Pharmacie Jihane,pharmacie,0539950198,"32 route de tétouan, hay tabchicha, mghogha kbira 90000 tanger - maroc",Tanger,
1990,Pharmacie Khadak Dir,pharmacie,0643207406,"khadak dir , aouama 90070 tanger - maroc",Tanger,
2853,Pharmacie L'amitie,pharmacie,0539398151,"14, rue rabat, complexe 1, al irfane 3 90100 tanger - maroc",Tanger,
5501,Pharmacie La Source,pharmacie,0539958247,"rue al kadissia, en face complexe al majd 90000 tanger - maroc",Tanger,
9734,Pharmacie Louay,pharmacie,0531105732,hay Al Assil Haoumat Rouafa Tanger - Maroc,Tanger,
4924,Pharmacie M'ghogha,pharmacie,0539363094,"route de tétouan, mghogha kdima 90000 tanger - maroc",Tanger,
4448,Pharmacie Madchar Aouama,pharmacie,0530120828,"madchar aouama, aouama charkia 90080 tanger - maroc",Tanger,
1776,Pharmacie Miko,pharmacie,0539954478,houmat lmrabet 90000 tanger - maroc,Tanger,
3714,Pharmacie Mister-khouch,pharmacie,0539937282,"36, avenue anfa, mister khouch 90000 tanger - maroc",Tanger,
9694,Pharmacie Moucharraf,pharmacie,0808557732,Rte Tétouan q. Azib Tanger - Maroc,Tanger,
4193,Pharmacie Mountassir,pharmacie,0539952311,"centre complexe al majd, al aouama 90000 tanger - maroc",Tanger,
3733,Pharmacie Narjis,pharmacie,0539315769,"route des far, branes ii 90000 tanger - maroc",Tanger,
4804,Pharmacie Nouvelle,pharmacie,0539313196,"4, hay al hassania nr. 2, bendibane 90000 tanger - maroc",Tanger,
9490,Pharmacie Oudaya,pharmacie,0531039109,hay Aouama Charkia Souk Khandaq Lward Tanger - Maroc,Tanger,
9306,Pharmacie Oudaya,pharmacie,0645950851,q. Oudaya Tanger - Maroc,Tanger,
956,Pharmacie Principale,pharmacie,0539316236,"rue hammadi ameziane, immeuble les roses de tanger, azib haj kaddour 90100 tanger - maroc",Tanger,
4215,Pharmacie Rabea Al Adaouia,pharmacie,0539310896,"rue 9, nr.1, casabarata, hay el jadid Tanger",Tanger,
3669,Pharmacie Salima,pharmacie,0539355813,"route principale aouama charkia, près de l'annexe administrative 19 bis 90080 - maroc Tanger",Tanger,
4648,Pharmacie Sanawbar,pharmacie,0656411787,"79, rue sanawbar lot. narjiss, branes ii 90000 tanger - maroc",Tanger,
569,Pharmacie Souk M'Sallah,pharmacie,0539933694,"127 bis, rue m'sallah 90000 tanger - maroc",Tanger,
8359,Pharmacie Taj-eddine,pharmacie,0550113906,"côté doha, val fleuri, (ex. fabrique chkayar) 90000 tanger - maroc",Tanger,
8133,Pharmacie Tajeddine,pharmacie,0539311827,Pharmacie Tajeddine TANGER,Tanger,
9292,Pharmacie Ward Aouama Alliyene,pharmacie,0624447086,hay Aouama 2 Khandak Al Ward lot 9305 Tanger - Maroc,Tanger,
1137,Pharmacie Ward Louama,pharmacie,0624447080,"lotissement 9305, khandaq al ward Tanger",Tanger,
6847,Pharmacie Zineb,pharmacie,0539362534,"45, avenue aicha al moussafir, al aouama 90000 tanger - maroc",Tanger,
8598,Pharmacie Zone Industrielle Tanger,pharmacie,0539953063,"route de tétouan, mghogha kebira 90000 tanger - maroc",Tanger,
125,Pharmacie Zouitina,pharmacie,0539352551,"quartier farah nr.52, béni makada 90000 tanger - maroc",Tanger,
9913,Pharmacie Zoutina,pharmacie,0531060042,"12309, Tangier 12309",Tanger,
4,Pharmacie et Parapharmacie SatFilage,pharmacie,0539315460,avenue moulay rachid 90000 tanger - maroc,Tanger,
5250,Pharmacie 20 Août,pharmacie,0536679255,52 lotiss. 20 Août hay Takaddoum Taourirt,Taourirt,
5759,Pharmacie ALHouria,pharmacie,0536695660,71 rue Midelt hay ElHouria Taourirt,Taourirt,
785,Pharmacie Achour,pharmacie,0536698461,108 lotiss. Nassim - Autre ville Taourirt,Taourirt,
5374,Pharmacie Al Fath,pharmacie,0534556744,203 lotiss. My Ali Chrif Taourirt,Taourirt,
4508,Pharmacie Al Khalil,pharmacie,0536699640,1076 rue Boudnib hay Takaddoum Taourirt,Taourirt,
7745,Pharmacie Al Maghrib,pharmacie,0536698575,334 lot Mly Ali Cherif TAOURIRT,Taourirt,
1812,Pharmacie Al Mariniyine,pharmacie,0536695723,19 lotis wahda Taourirt,Taourirt,
3477,Pharmacie Al Qods,pharmacie,0536694510,"83, bd Mly Abdellah , hay Al Massira Taourirt",Taourirt,
4478,Pharmacie AlHikma,pharmacie,0536695681,9 hay Chouhada Taourirt,Taourirt,
986,Pharmacie AlMahatta,pharmacie,0536698507,187 bd. Allal AlFassi hay El Massira Taourirt,Taourirt,
8468,Pharmacie Alaoui,pharmacie,0536679342,Pharmacie Alaoui TAOURIRT,Taourirt,
1012,Pharmacie Amal,pharmacie,0536694082,bd. ElMaghreb ElArabi Taourirt,Taourirt,
2972,Pharmacie Andalouss,pharmacie,0536694130,bd Imam Al Ghazali hay Mokhtar Soussi Taourirt,Taourirt,
9102,Pharmacie Annassim,pharmacie,0536695693,lotiss. Nassim Taourirt - Maroc,Taourirt,
3994,Pharmacie Assad,pharmacie,0536699114,hay El Louissi Taourirt,Taourirt,
1059,Pharmacie Baghdadi,pharmacie,0536698252,1399 place la Marche Verte hay Ennahda Taourirt,Taourirt,
5258,Pharmacie Belkaddar,pharmacie,0536679540,218 av. Mly ElHassan ang. rue Derfoufi Mohamed Taourirt,Taourirt,
2459,Pharmacie Boubkeur,pharmacie,0536679504,223 rue Fkih Ben Salah Taourirt,Taourirt,
7143,Pharmacie Boulevard Med. V,pharmacie,0536679512,1141 bd. Med. V TAOURIRT,Taourirt,
7571,Pharmacie Chifa,pharmacie,0536679233,av. Mly Elhassan ang. bd de France hay Lakdim Taourirt,Taourirt,
923,Pharmacie El Jabri,pharmacie,0536695593,77 bd Mly Abdellah hay Jdid Taourirt,Taourirt,
5143,Pharmacie El Malhi,pharmacie,0536694610,987 hay Takaddoum Taourirt,Taourirt,
3847,Pharmacie Ennahda,pharmacie,0536698424,195 rue ElHoceima hay Ennahda Taourirt,Taourirt,
8970,Pharmacie Ennour,pharmacie,0536679261,968 rue Ifrane hay Nahda Taourirt - Maroc,Taourirt,garde 24h/24
8131,Pharmacie Guemmi,pharmacie,0536679207,Pharmacie Guemmi TAOURIRT,Taourirt,
9158,Pharmacie Karama,pharmacie,0536679278,1644 rue Tendrara hay Takaddoum Taourirt - Maroc,Taourirt,
1844,Pharmacie La Grande Pharmacie,pharmacie,0536694208,11 av de la Résistance hay Jdid Taourirt,Taourirt,
5823,Pharmacie Lafdil,pharmacie,0536698485,521 rue Taounat hay Salam Taourirt,Taourirt,
7967,Pharmacie Masjid Al Khalil,pharmacie,0536695417,"6, bd Mly Abdellah , hay Takaddoum Taourirt",Taourirt,
1135,Pharmacie Mokhtar Soussi,pharmacie,0536694213,1968 Mokhtar Soussi hay Takaddoum TAOURIRT,Taourirt,
4805,Pharmacie Moulay Ali Cherif,pharmacie,0536679733,70 lotiss.My Ali Cherif Taourirt,Taourirt,
5175,Pharmacie Moustaoussaf Al Halfa,pharmacie,0536679242,1376 rue Al Fallah cité Attakaddoum Taourirt,Taourirt,
2344,Pharmacie N°1,pharmacie,0536698715,420 hay Takadoum rue Guenfouda lotiss 20 Août Taourirt,Taourirt,
5788,Pharmacie Oued Za,pharmacie,0536694659,244 X av My Abdellah Taourirt,Taourirt,
3880,Pharmacie Route Dabdou,pharmacie,0536695982,153 X hay Chouhada Taourirt,Taourirt,
7611,Pharmacie Saada,pharmacie,0536698781,"420, rue sidi Ifni , hay Takaddoum Taourirt",Taourirt,
9076,Pharmacie Said,pharmacie,0536694548,237 lot El Massira Taourirt - Maroc,Taourirt,
5747,Pharmacie Takaddoum,pharmacie,0536695300,534 X rue Sidi Chafi hay Takaddoum Taourirt,Taourirt,
244,Pharmacie Taourirt,pharmacie,0536698018,578 rue Smara hay Jdid Taourirt,Taourirt,
4855,Pharmacie la Rocade,pharmacie,0536679083,"105, quartier ElMassira Taourirt",Taourirt,
3310,Pharmacie la Santé,pharmacie,0536679426,"2, av Lycée Al Fath , lotiss. El Massira Taourirt",Taourirt,
158,Pharmacie Aikhlass,pharmacie,0528536084,Centre Aît Laaza TAROUDANT,Taroudant,
1779,Pharmacie Al Masjid,pharmacie,0528551233,Local des Habouss M'Haita TAROUDANT,Taroudant,
2009,Pharmacie AlBaladia,pharmacie,0528551038,48 rue Belkachach TAROUDANT,Taroudant,
2148,Pharmacie AlFadila,pharmacie,0528551186,centre Mechraa ElAin annexe Ouled Mhala n°1 TAROUDANT,Taroudant,
2651,Pharmacie AlKasba,pharmacie,0528850222,Pharmacie AlKasba TAROUDANT,Taroudant,
2795,Pharmacie AlKods,pharmacie,0528551642,bd 20 Août Akniss TAROUDANT,Taroudant,
2910,Pharmacie AlNour,pharmacie,0528850700,228 av. Dakhla hay El Hassani Bouzamarne TAROUDANT,Taroudant,
3182,Pharmacie Aslami,pharmacie,0528216393,Targal Mlalt imm. Khay Taroudant,Taroudant,
323,Pharmacie Aït Iaaza,pharmacie,0528536188,Pharmacie Aït Iaaza TAROUDANT,Taroudant,
6848,Pharmacie Bab Elkhmiss,pharmacie,0528854599,210 av. Brahim Roudani bab ElKhemiss TAROUDANT,Taroudant,
7388,Pharmacie Bab Targhount,pharmacie,0528550050,214 Bd. Mohamed V Bab Targhount Taroudant,Taroudant,
9036,Pharmacie Bab Zorgane,pharmacie,0528850498,300 avenue El Mansour Addahbi Taroudant - Maroc,Taroudant,
7461,Pharmacie El Maadyate,pharmacie,0528551952,5 av Hassan II Hors Bab Zorgane TAROUDANT,Taroudant,
7480,Pharmacie Grande Pharmacie Igherm,pharmacie,0528859311,Igherm Centre TAROUDANT,Taroudant,
7581,Pharmacie Hay ElHassani,pharmacie,0528550123,405 rue Dakhla hay El Hassani Bouzamarne Taroudant,Taroudant,
7642,Pharmacie Hay ElHassani,pharmacie,0525550123,Pharmacie Hay ElHassani TAROUDANT,Taroudant,
7661,Pharmacie Ibn Sina,pharmacie,0528850791,49 av. Mly Rchid Frek Lahbab Taroudant,Taroudant,
7753,Pharmacie Jamaâ Lkbir,pharmacie,0528850252,quartier Benyard TAROUDANT,Taroudant,
7812,Pharmacie Jawad,pharmacie,0528550011,Pharmacie Jawad TAROUDANT,Taroudant,
7833,Pharmacie Jnane Jamaâ,pharmacie,0528850713,hay Alkods imm. Lakhsassi n°12 TAROUDANT,Taroudant,
7875,Pharmacie Jnane Tasrif,pharmacie,0528852885,27 lotiss. Bouhdoud Jnane Tasrif M'Haita Taroudant,Taroudant,
7992,Pharmacie Lahbab,pharmacie,0528550185,16 av. Brahim Roudani TAROUDANT,Taroudant,
8012,Pharmacie Lastah,pharmacie,0528851685,399 hay Mohammadi Taroudant,Taroudant,
8026,Pharmacie Lemhadi,pharmacie,0528216690,Douar Kasbah Lemhadi rte d'agadir TAROUDANT,Taroudant,
8046,Pharmacie Mentaga,pharmacie,0528550037,Pharmacie Mentaga TAROUDANT,Taroudant,
8048,Pharmacie Mhaita,pharmacie,0528550166,Ait Azizou Jnane Tessrif imm. 5 Mhaya TAROUDANT,Taroudant,
10028,Pharmacie Nadim,pharmacie,0660066466,1 rte Sidi Bourja Taroudant,Taroudant,
9587,Pharmacie Nadir,pharmacie,0528521916,15 douar Labaarir cr Zt Sidi Tahar Taroudant - Maroc,Taroudant,
8142,Pharmacie Naoufi,pharmacie,0528852653,557 bd Mohammed V TAROUDANT,Taroudant,
8234,Pharmacie Ouled Bounouna,pharmacie,0528850654,71 av AlMoukaouama TAROUDANT,Taroudant,
8364,Pharmacie Sidi Ou Sidi,pharmacie,0528854033,rue Sidi O Sidi TAROUDANT,Taroudant,
8533,Pharmacie Soussi,pharmacie,0528536262,lot. Essalam bloc E n° 150 Ait Laaza TAROUDANT,Taroudant,
8587,Pharmacie Tafelaget,pharmacie,0528854626,rue Tafelaget TAROUDANT,Taroudant,
9047,Pharmacie Taroudant,pharmacie,0528853194,73 Place Alouine Assarag Taroudant - Maroc,Taroudant,
8773,Pharmacie Zraib,pharmacie,0528550999,87 bd Al Wahda Zraib Old Bounouna TAROUDANT,Taroudant,
7398,Pharmacie des Saadiens,pharmacie,0528551274,235 bd Bir Anzarane Taroudant,Taroudant,
7410,Pharmacie du 20 Août,pharmacie,0528850363,98 X av. du 20 Août Taroudant,Taroudant,
7448,Pharmacie du Sud,pharmacie,0528852259,188 Place Ennasr Taroudant,Taroudant,
8288,Pharmacie principale,pharmacie,0528851342,364 av. 20 août TAROUDANT,Taroudant,
8292,Pharmacie sidi belkass,pharmacie,0528550623,1 rue sidi belkass TAROUDANT,Taroudant,
9685,Pharmacie Foum Zguid,pharmacie,0528806595,Centre Foum Zguid Tata - Maroc,Tata,
208,Nouvelle Pharmacie Taza,autre_point_de_vente,0676892633,36 rte de Fès - Autre ville Taza,Taza,
2556,Pharmacie Aharrach,pharmacie,0535270008,Place Mly ElHassan Taza haut,Taza,
342,Pharmacie Al Gaada,pharmacie,0535284848,rue Sebta Taza,Taza,
1355,Pharmacie Al Massbah,pharmacie,0535283384,24 Hay Jiarine B Taza,Taza,
584,Pharmacie Al Mountazah,pharmacie,0601622727,311 lotiss. Seddik 1 - Autre ville Rte Oujda hay Al Mountazah,Taza,
6186,Pharmacie Anouar La Sophal,pharmacie,0535285190,26 hay Anouar TAZA,Taza,
1187,Pharmacie Assalam,pharmacie,0535672848,49 lotiss. Ourida - Autre ville Gh B Taza,Taza,
9327,Pharmacie Bab Rih,pharmacie,0535270188,50 rue Riad Aznak Taza - Maroc,Taza,
6506,Pharmacie Bab Zitouna,pharmacie,0535270268,bd. My Ismaïl TAZA,Taza,garde 24h/24
7654,Pharmacie Bni Fath,pharmacie,0535285061,Pharmacie Bni Fath TAZA,Taza,
839,Pharmacie Centrale,pharmacie,0535673585,Place de l'Indépendance Taza,Taza,
7617,Pharmacie Centre,pharmacie,0535275231,Pharmacie Centre TAZA,Taza,
6647,Pharmacie El Fath,pharmacie,0535672364,3 av. 11 Janvier hay Tennis TAZA,Taza,
1304,Pharmacie El Koucha,pharmacie,0535270178,hay El Koucha Takaddoum I bloc 4 n°1 Taza,Taza,
9413,Pharmacie ElAlaouiyine,pharmacie,0535282973,hay ElAlaouiyine n°45 Taza - Maroc,Taza,
6299,Pharmacie ElAmal,pharmacie,0535674804,quartier Aviation bloc 3 n°75 TAZA,Taza,
5953,Pharmacie Friouato,pharmacie,0535285766,hay ElMassoudia villa n°3 mosquée Badr TAZA,Taza,
7399,Pharmacie Had Msillah,pharmacie,0535283535,Pharmacie Had Msillah TAZA,Taza,
828,Pharmacie Hay ElHassani Hajra,pharmacie,0535282222,hay ElHassani Jiyarine bloc E n°232 Taza,Taza,
9060,Pharmacie Ibn Rochd,pharmacie,0535672133,85 rue Sultan Abou Elhassan Taza - Maroc,Taza,
6586,Pharmacie Ibnou Baja,pharmacie,0535673075,25 Av. Hassan II imm. Couscous TAZA,Taza,
6946,Pharmacie Imam Malek,pharmacie,0535673609,9 X bd 11 Janvier TAZA,Taza,
9426,Pharmacie Jammaa Lakbir,pharmacie,0535270358,5 bd. Abdelkhalek Torrès Taza - Maroc,Taza,
6423,Pharmacie Jiyarine,pharmacie,0535283703,hay Jiyarine TAZA,Taza,
6518,Pharmacie Lbaladiya,pharmacie,0535285356,110 rue Sfax TAZA,Taza,
8725,Pharmacie Maarid,pharmacie,0535284189,cité Massoudia Taza ElJadida n°253,Taza,
9289,Pharmacie Mabrouka,pharmacie,0538980624,66 lotiss. Mabrouka propreté Dar Safou Taza - Maroc,Taza,
788,Pharmacie Mly Youssef,pharmacie,0535285801,bd. My Youssef résid. Sara n°6 Taza,Taza,
5837,Pharmacie Mouatamir,pharmacie,0535211805,Pharmacie Mouatamir TAZA,Taza,
2625,Pharmacie Omar Khayam,pharmacie,0703050712,17 rte Oujda lotiss. Konouz Taza,Taza,
776,Pharmacie Oued Dahab,pharmacie,0656851775,91 hay Oued Eddahab - Autre ville douar Jdid Taza,Taza,
1747,Pharmacie Ourida,pharmacie,0535673819,111 Avenue Allal Ben Abdallah Taza,Taza,
9025,Pharmacie Principale,pharmacie,0535672582,av. de la gare Taza,Taza,
8995,Pharmacie Rachad,pharmacie,0535285298,hay Rachad bloc 2 n°75 Taza - Maroc,Taza,
7343,Pharmacie Syndicat des Pharmaciens de Taza,pharmacie,0535281813,Syndicat des Pharmaciens de Taza,Taza,
6778,Pharmacie Taza,pharmacie,0535270051,266 lotiss. Koucha TAZA,Taza,
8593,Pharmacie Tizi Ouzli,pharmacie,0535214125,Pharmacie Tizi Ouzli TAZA,Taza,
5942,Pharmacie Victoria,pharmacie,0535281146,Cité Ourida C n°87 TAZA,Taza,
1656,Pharmacie de l'Hôpital,pharmacie,0535673363,15 rue Amssoune hay Ibn Baja Taza,Taza,
7231,Pharmacie de la victoire,pharmacie,0535673459,place Zerktouni TAZA,Taza,
9766,La Grande Pharmacie,autre_point_de_vente,0528862583,38 bd. Mohamed V ville nouvelle Tiznit - Maroc,Tiznit,
850,La Pharmacie Centrale de Tiznit,pharmacie,0528861731,La Pharmacie Centrale de Tiznit,Tiznit,
3218,Pharmacie Abouzaid,pharmacie,0528864590,Pharmacie Abouzaid TIZNIT,Tiznit,
4737,Pharmacie Afrag,pharmacie,0528600788,Pharmacie Afrag TIZNIT,Tiznit,
5889,Pharmacie Al Bahia,pharmacie,0528600070,Pharmacie Al Bahia TIZNIT,Tiznit,
6270,Pharmacie AlKairaouane,pharmacie,0528865984,Pharmacie AlKairaouane TIZNIT,Tiznit,
6651,Pharmacie AlMassira,pharmacie,0528600228,Pharmacie AlMassira TIZNIT,Tiznit,
6865,Pharmacie Atlas,pharmacie,0528601534,Pharmacie Atlas TIZNIT,Tiznit,
6902,Pharmacie Bab Targa,pharmacie,0528601061,Pharmacie Bab Targa TIZNIT,Tiznit,
7007,Pharmacie Bel Haj,pharmacie,0528601782,Pharmacie Bel Haj TIZNIT,Tiznit,
7228,Pharmacie Ben Omar,pharmacie,0528600814,"30, lotiss. Tasskoult , av Mly Hassan Ben Youssef, Afrag Tiznit",Tiznit,
7243,Pharmacie Charif Idrissi,pharmacie,0528602525,Pharmacie Charif Idrissi TIZNIT,Tiznit,
9763,Pharmacie Des Amicales,pharmacie,0528861550,Amicale des fonctionnaires Bloc C n?142 Tiznit - Maroc,Tiznit,
7590,Pharmacie ElMarjane,pharmacie,0528600063,Pharmacie ElMarjane TIZNIT,Tiznit,
10142,Pharmacie ElMers,pharmacie,0528865278,507 rue El Mers Edalha Tiznit,Tiznit,
7663,Pharmacie ElMers,pharmacie,0626417041,Pharmacie ElMers TIZNIT,Tiznit,
7842,Pharmacie Erac,pharmacie,0528300346,Pharmacie Erac TIZNIT,Tiznit,
7945,Pharmacie Essaidia,pharmacie,0528602813,Pharmacie Essaidia TIZNIT,Tiznit,
7987,Pharmacie Europe,pharmacie,0528863545,Pharmacie Europe TIZNIT,Tiznit,
8120,Pharmacie Ibn Sina,pharmacie,0528860285,Pharmacie Ibn Sina TIZNIT,Tiznit,09H A 21H
8230,Pharmacie Idzekri,pharmacie,0528601717,Pharmacie Idzekri TIZNIT,Tiznit,
8298,Pharmacie Ikram,pharmacie,0528602185,Pharmacie Ikram TIZNIT,Tiznit,
8337,Pharmacie La Santé,pharmacie,0528602526,Pharmacie La Santé TIZNIT,Tiznit,00H A 09H
8369,Pharmacie Lakhssass,pharmacie,0528670351,Pharmacie Lakhssass TIZNIT,Tiznit,
8549,Pharmacie Mokhtar Soussi,pharmacie,0528863565,Pharmacie Mokhtar Soussi TIZNIT,Tiznit,
8632,Pharmacie Narjou Chifa,pharmacie,0663578937,Pharmacie Narjou Chifa TIZNIT,Tiznit,
8636,Pharmacie Nassiri,pharmacie,0528600721,Pharmacie Nassiri TIZNIT,Tiznit,
9703,Pharmacie Nouvelle,pharmacie,0528862742,70 av. Sidi Abderrahmane Tiznit - Maroc,Tiznit,
8644,Pharmacie Ouled Jerrar,pharmacie,0528619393,Pharmacie Ouled Jerrar TIZNIT,Tiznit,
8646,Pharmacie Provinciale,pharmacie,0528600775,Pharmacie Provinciale TIZNIT,Tiznit,
8669,Pharmacie Route Goulmim,pharmacie,0528866778,Pharmacie Route Goulmim TIZNIT,Tiznit,
8751,Pharmacie Tighmi,pharmacie,0528616028,Pharmacie Tighmi TIZNIT,Tiznit,
9710,Pharmacie de Tiznit,pharmacie,0528862302,126 rue Hamam Tiznit - Maroc,Tiznit,
7515,Pharmacie du Sud,pharmacie,0528601400,Pharmacie du Sud TIZNIT,Tiznit,
7479,Pharmacie du peuple,pharmacie,0528601755,Pharmacie du peuple TIZNIT,Tiznit,
7501,Pharmacie du souk,pharmacie,0528860200,Pharmacie du souk TIZNIT,Tiznit,
9722,Pharmacie la Plaine du Souss,pharmacie,0528861741,65 Pl. Mechouar Tiznit - Maroc,Tiznit,
8332,Pharmacie la plaine du Souss,pharmacie,0528863823,Pharmacie la plaine du Souss TIZNIT,Tiznit,
8758,Pharmacie Al Kodss,pharmacie,0524780619,Pharmacie Al Kodss TLATA HANCHANE,Tlata Hanchane,
8248,Pharmacie El Hanchane,pharmacie,0612036012,Pharmacie El Hanchane TLATA HANCHANE,Tlata Hanchane,
4263,Pharmacie 11 Janvier,pharmacie,0537640919,"9, lotiss. El Ghazali Temara",Témara,
5652,Pharmacie 2000,pharmacie,0537602312,"245, av. Mly Ali Cherif, Massira I Temara",Témara,
8039,Pharmacie Al Fajr,pharmacie,0537601592,av my ali cherif Temara,Témara,
7166,Pharmacie Al Hiba,pharmacie,0537609970,lot 24h sect 5 n°126 massira 1 - TEMARA,Témara,
1663,Pharmacie Al Khiam,pharmacie,0537740198,"bd,moulay rachid,khiam6 n°6 - Témara",Témara,
3055,Pharmacie AlFarabi,pharmacie,0537605603,3 Lotiss. AlMostakbal Massira 1 Témara,Témara,
4818,Pharmacie AlFirdaous,pharmacie,0537605047,"369, hay El Firdaouss , Massira I Temara",Témara,
7520,Pharmacie AlMaghreb AlArabi,pharmacie,0537600765,Pharmacie AlMaghreb AlArabi TEMARA,Témara,
9579,Pharmacie Amagour,pharmacie,0663612850,Secteur 1 Numéro 1066 Mers El Kheir Témara,Témara,
4503,Pharmacie Bahia,pharmacie,0537605210,170 av my idriss 1 massira 1 Temara,Témara,
8059,Pharmacie Bakali,pharmacie,0537609117,Pharmacie Bakali TEMARA,Témara,
4265,Pharmacie Bouarous,pharmacie,0537602082,"187, rue laayoun Temara",Témara,
2896,Pharmacie Camelia,pharmacie,0537640769,"rue Lybie , lotiss. Alaoui, n° 76 Témara",Témara,
7203,Pharmacie El Fethouni,pharmacie,0534437288,Pharmacie El Fethouni TEMARA,Témara,
9284,Pharmacie El Haq,pharmacie,0537643715,Témara Centre Témara - Maroc,Témara,
5635,Pharmacie El Massira,pharmacie,0537606057,sect3 n°336 (prés de l'institut najah) Temara,Témara,
3255,Pharmacie El Moumen,pharmacie,0537604411,n°28 hay nahda 1 bd zerktouni ( a côté de l'école al irfane ) - Temara,Témara,
8268,Pharmacie ElAmal,pharmacie,0537619933,Pharmacie ElAmal TEMARA,Témara,
1753,Pharmacie ElQods,pharmacie,0537600043,"288, lotiss. Ouled Bennacer 1 Témara",Témara,
8252,Pharmacie Essalama,pharmacie,0537747662,Pharmacie Essalama TEMARA,Témara,
8190,Pharmacie Fidaa,pharmacie,0537610163,Pharmacie Fidaa TEMARA,Témara,
5213,Pharmacie Houdaya,pharmacie,0537643536,,Témara,
3568,Pharmacie Ibn Nafiss,pharmacie,0537609439,"268, av. Mly Ali Cherif , Douar Oulad Naser Temara",Témara,
6874,Pharmacie Ibnou Ziad,pharmacie,0537611089,Pharmacie Ibnou Ziad TEMARA,Témara,
4770,Pharmacie Leila,pharmacie,0537608606,168 hay al firdaous massira 1 temara proche de la poste,Témara,
1790,Pharmacie MachaAllah,pharmacie,0537607506,"5, av. My Ali Cherif , lotiss. 24 H.a., hay Massira 1 Temara",Témara,
3326,Pharmacie Masjid Annour,pharmacie,0537619778,39 gr.6 résidence annour 1 - tamesna Temara,Témara,
3507,Pharmacie Masrour,pharmacie,0537741990,"224, Hay Masrour II Temara",Témara,
5679,Pharmacie Mly Ali Chrif,pharmacie,0537600525,"468, av Moulay Ali Cherif , Massira I Temara",Témara,
5144,Pharmacie Moulay Idriss,pharmacie,0537602270,"lot 103 sect.1 , Massira I Temara",Témara,
2810,Pharmacie Nahda Ex-Soumaya,pharmacie,0537608008,"lot. Ennassim 4 , Ennahda 2 Témara",Témara,
4928,Pharmacie Nouvelle,pharmacie,0537610301,"197, rue Ben Hanifa , hay Al Inbiat Temara",Témara,garde 24h/24
5619,Pharmacie Riad Fes (temara),pharmacie,0537606038,"n°10, résidence riad fes, av tarik ibn ziad - Temara",Témara,
209,Pharmacie Sables D'or,pharmacie,0530050728,complexe commercial sid el abed n°4 harhoura Temara,Témara,
3941,Pharmacie Témara,pharmacie,0537741334,av. Mly Rchid Temara,Témara,
587,Pharmacie Vital,pharmacie,0808561232,résidence as-shams im b magasin 1 harhoura – Temara,Témara,
3204,Pharmacie croissant vert,pharmacie,0537601951,"832,avenue moulay idriss 1er massira 1 Témara",Témara,
3558,Pharmacie de la famille,pharmacie,0537600690,"16, av. Tarik Ibn Ziyad , Massira II Temara",Témara,
8717,Pharmacie des Jardins,pharmacie,0537011040,Pharmacie des Jardins TEMARA,Témara,
3914,Pharmacie du Centre,pharmacie,0537741211,av. Hassan II - Temara centre,Témara,
5432,Pharmacie du marché,pharmacie,0537606221,avenue mohamed v hay nahda i imm n°1 - Temara,Témara,
8675,Pharmacie du quartier,pharmacie,0537600779,"1457 Av. Tarik Ibn Ziad, Témara",Témara,
7540,Pharmacie la Ceinture Verte,pharmacie,0537643584,av alla ben abdellah n°21 hay al andalous - Temara,Témara,
97,Grande Pharmacie Nouvelle,pharmacie,0539966255,10 rue 10 Mai Tétouan,Tétouan,
235,Pharmacie Abou Bakr Seddek,pharmacie,0539964466,363 bd Abou Bakr Essedik Dersa Tétouan,Tétouan,
462,Pharmacie Achifaa,pharmacie,0539965511,17 av. Mohamed Torres Tetouan,Tétouan,
505,Pharmacie Ahali Coelma,pharmacie,0539971713,485 hay Boujdad Tetouan,Tétouan,
10030,Pharmacie Ajiad,pharmacie,0808658120,"N842, LOT BAISSA ROUTE MALALIYENE, Tétouan 93000",Tétouan,
806,Pharmacie Akbat ElHallouf,pharmacie,0539999316,55 av. Khénifra Mhanech II Tetouan,Tétouan,
9590,Pharmacie Al Amine,pharmacie,0808579756,173 av Kallaline lotiss. Baissa Tétouan - Maroc,Tétouan,
822,Pharmacie Al Aqsa,pharmacie,0539990952,71 av Casablanca résid. Al Amal M'Hannech II n°3 TETOUAN,Tétouan,
855,Pharmacie Al Qods,pharmacie,0539700309,1 rue Moritania Tétouan,Tétouan,
916,Pharmacie AlAbawaine,pharmacie,0539970162,av. Chikh Ben Arbi Alaoui Boujarrah Alia TETOUAN,Tétouan,
938,Pharmacie AlAmal,pharmacie,0539998646,343 av. Hadj Med. Bennouna TETOUAN,Tétouan,
1078,Pharmacie AlMatar,pharmacie,0539993229,32 rue AlFarah av. Mehdi Benbarka TETOUAN,Tétouan,
1115,Pharmacie Almou,pharmacie,0539723838,173 hay kalalien lotiss. baissa Tetouan,Tétouan,
1365,Pharmacie Avenue des F.a.r.,pharmacie,0539996611,av. des Far rue G n°29 imm Rzini Tétouan,Tétouan,
797,Pharmacie Aïn Sidi Talha,pharmacie,0637993835,"11, rue Zoubeir Bnou El Aouam, Sidi Talha Tetouan",Tétouan,
1447,Pharmacie Bab El Okla,pharmacie,0539972738,av. M'fadel Afailal ang. av. Med Ameziane Bab Okla Tetouan,Tétouan,
1497,Pharmacie Bab Nouader,pharmacie,0539700195,13 av. laayoune Tetouan,Tétouan,
1643,Pharmacie Bab Saïda,pharmacie,0539997151,24 rue Sloukia Sidi Saïdi Tetouan,Tétouan,
9131,Pharmacie Babtout,pharmacie,0539967458,6 rue Prince Héritier Tétouan - Maroc,Tétouan,
1729,Pharmacie Ben Abduluahab,pharmacie,0539992884,209 Bd Jabal hayane Tetouan,Tétouan,
1839,Pharmacie BenTahar,pharmacie,0539998140,105 rue Ben Yedder Coelma Tetouan,Tétouan,
1750,Pharmacie Benchekroun,pharmacie,0615452889,71 bd Al Azhar lotiss al wikaya Tetouan,Tétouan,
2051,Pharmacie Bouanane,pharmacie,0808565614,Saf ElHamam rte. Torreta n°6 TETOUAN,Tétouan,
2191,Pharmacie Boujarah,pharmacie,0539995010,47 av. Hadj Med. Bennouna Boujarrah TETOUAN,Tétouan,
2289,Pharmacie Carthaje,pharmacie,0539990131,7 bd Bni Maaden n°7 hay Qwilma rte Oued Laou Tétouan,Tétouan,
2599,Pharmacie Chaachoo,pharmacie,0539995147,30 bd Egypte hay Matar lotiss. Souani Tetouan,Tétouan,
2895,Pharmacie Chams,pharmacie,0531071768,6 lotis. Kasbat Azahra bloc 3 imm.A Tetouan,Tétouan,
2919,Pharmacie Chikri,pharmacie,0539993128,105 av. M'fadel Afailal Tetouan,Tétouan,
6961,Pharmacie Coelma,pharmacie,0539996500,63 av. Sidi Abdellah Alfakhar Tétouan,Tétouan,
9257,Pharmacie Dairiya,pharmacie,0531085308,1 bd Méknes résid. La Perla Tétouan - Maroc,Tétouan,
3184,Pharmacie Dar Mourssia,pharmacie,0539968910,Bd Ahmed al bakal Tetouan,Tétouan,
3247,Pharmacie Derdabi,pharmacie,0539991109,7 Sakia Elfoukia Fendak TETOUAN,Tétouan,
3268,Pharmacie Dersa principale,pharmacie,0539710585,606 av. Otman Ibn Affane Jbel Dersa TETOUAN,Tétouan,
3525,Pharmacie El Amraoui,pharmacie,0539715561,84 rue Walili lotis. Mounia Tetouan,Tétouan,
3765,Pharmacie El Feddane,pharmacie,0539967461,"2, bd. Mohammed V Tetouan",Tétouan,
3662,Pharmacie El Gharnati,pharmacie,0539717943,bd abderrahmane Dakhil Tetouan,Tétouan,
3731,Pharmacie El Haddad,pharmacie,0539996719,av des Far rte de Marjane Tetouan,Tétouan,
3895,Pharmacie Faculté des Sciences,pharmacie,0539970020,227 av. Hajeb Mhanech II Tétouan,Tétouan,
3934,Pharmacie Fadil,pharmacie,0539994311,K050 rue de Sebta km 5 n°13 Mallalienne Hajrat Laâroussa Tetouan,Tétouan,
4224,Pharmacie Haoumat Issaoua,pharmacie,0539713355,84 av. Otman Ibn Affan Tetouan,Tétouan,
4308,Pharmacie Hjar Laaroussa,pharmacie,0539991273,"q. Hjar Laaroussa , resid. Amina Tetouan",Tétouan,
4634,Pharmacie Houmat Tanjaoua,pharmacie,0539992971,"156, Jabal Atlas, Tanjaoua Tetouan",Tétouan,
4535,Pharmacie Hôpital des Spécialités,pharmacie,0669812415,14 bd Abdelkhalek Torres Résid Chems Tetouan,Tétouan,
4908,Pharmacie Ichara Dersa,pharmacie,0539703214,5 hay Ichara ElKhandak-Jbel Dersa Tetouan,Tétouan,
4923,Pharmacie Imane,pharmacie,0539717106,Hay kouilma route azarkaa Tetouan,Tétouan,
5139,Pharmacie Jamaa Afailal,pharmacie,0539973704,"107, av sidi mohamed elkharraz Tetouan",Tétouan,
6153,Pharmacie Lukach,pharmacie,0539998666,K030 bd Abdellah El Fakhar km 3 rte Azla hay Kouilma oued Law Tetouan,Tétouan,
6866,Pharmacie M'salah Kdima,pharmacie,0531099221,58 bd M'salah Kdima bab Rmouze Tétouan,Tétouan,
6215,Pharmacie Mall Tétouan,pharmacie,0660959297,13 bd Joulane - Autre ville hay Al Matar Tétouan,Tétouan,
6295,Pharmacie Marjane,pharmacie,0539991861,"rte de Sebta, c/com. Marjane Tetouan",Tétouan,
6570,Pharmacie Mellah,pharmacie,0539703995,"17, rue Al Ankari , hay Al Qods Tetouan",Tétouan,
6628,Pharmacie Mestassi,pharmacie,0539999149,128 av. Sebta M'hannech II TETOUAN,Tétouan,
9346,Pharmacie Oued Coelma,pharmacie,0539717509,7 rue Sidi Abdallah El Fakhar Tétouan,Tétouan,
7047,Pharmacie Palestine,pharmacie,0539973845,25 av. des F.a.r. Tétouan,Tétouan,
869,Pharmacie Pharmacie Sumud Ex Al Walidayne,pharmacie,0539993135,hay Touibla Marjane n°26 Tetouan,Tétouan,
7105,Pharmacie Polvorin Dersa,pharmacie,0539712930,131 av Med Bakkal Jbel Dersa TETOUAN,Tétouan,
9618,Pharmacie River,pharmacie,0539725560,29 bd Neuf Avril Tétouan - Maroc,Tétouan,00H A 09H
7272,Pharmacie Rkaina,pharmacie,0539992734,66 av. Al Amanaa Kourat Sbâa TETOUAN,Tétouan,
7287,Pharmacie Rommana,pharmacie,0539714272,"344, rue du rif , khandak zerbouh, rommana TETOUAN",Tétouan,
7337,Pharmacie Ryad,pharmacie,0539991539,Pharmacie Ryad TETOUAN,Tétouan,
9296,Pharmacie Sidi Abdellah ElFakhar,pharmacie,0539996585,M'hannech II 2ème Tranche n°79 Tétouan - Maroc,Tétouan,
10057,Pharmacie Souk Dar Mourssia,pharmacie,0539964435,Bd Ahmed al bakal Tétouan,Tétouan,
7517,Pharmacie Souk ElFouki,pharmacie,0539704488,15 X Sok ElFoki Tetouan,Tétouan,
7750,Pharmacie Thami Ouazzani,pharmacie,0539970884,61 av. Massira Khadra Tetouan,Tétouan,
7862,Pharmacie Touabel,pharmacie,0539972557,"263 Bis, av Sidi Mohamed ElKharraz , Touabel Haute II. Tetouan",Tétouan,
8051,Pharmacie Touria,pharmacie,0539711605,bd Oued Martil rue 7 n°2 Tetouan,Tétouan,
9586,Pharmacie Yacoutat Al Andalus,pharmacie,0539972782,av. Kallaline Boussafou Tétouan - Maroc,Tétouan,
8267,Pharmacie Zaitoune,pharmacie,0539990185,Pharmacie Zaitoune TETOUAN,Tétouan,
8504,Pharmacie Ziana,pharmacie,0539990190,254 rue Mohamed Ameziane Tetouan,Tétouan,
3364,Pharmacie destin,pharmacie,0539710288,56 av. AlMoatassim lot. Mribtou hôpital Espagnol Tetouan,Tétouan,
4051,Pharmacie du Nord,pharmacie,0539962207,11 bd. Mohammed V Tetouan,Tétouan,
5623,Pharmacie la Santé Coelma,pharmacie,0539726752,2 Rte Bouira lot Bennouna La Rocade Tetouan,Tétouan,
2478,Pharmacie sordo,pharmacie,0539960336,"2, rue mohammed torres Tetouan",Tétouan,
9974,Pharmacie Afaq,pharmacie,0524649818,131 hay Agendis Youssoufia,Youssoufia,
8749,Pharmacie Agendis,pharmacie,0524646491,34 lotiss. Agendis YOUSSOUFIA,Youssoufia,
611,Pharmacie Ahmar,pharmacie,0524649112,24 Rue Oued Eddahab Youssoufia,Youssoufia,
8648,Pharmacie AlQods,pharmacie,0524647546,hay ElWahda 3 n°23 YOUSSOUFIA,Youssoufia,
7832,Pharmacie Annour,pharmacie,0524649312,hay Laghdir n°314 YOUSSOUFIA,Youssoufia,
8319,Pharmacie Baghdad,pharmacie,0524649474,22 cité Laghdir YOUSSOUFIA,Youssoufia,
7454,Pharmacie Chefchaouni,pharmacie,0524649508,Pharmacie Chefchaouni YOUSSOUFIA,Youssoufia,
7469,Pharmacie Dakhla,pharmacie,0524648206,180 bd du Nil q. Dakhla YOUSSOUFIA,Youssoufia,
7727,Pharmacie Eddoukali,pharmacie,0524645922,15 rue Mouatamid Ben Abbad YOUSSOUFIA,Youssoufia,
9139,Pharmacie El Khiria,pharmacie,0524648216,25 rue Meknés cité Hassani Youssoufia - Maroc,Youssoufia,
8090,Pharmacie Errahma,pharmacie,0524647752,66 rue Hamid ElKhatib YOUSSOUFIA,Youssoufia,garde 24h/24
10161,Pharmacie Erreteb,pharmacie,0617564964,"hay Nahda , rue 7 n°3 Youssoufia",Youssoufia,
2261,Pharmacie Essaada,pharmacie,0524646707,6 av AlAhram Youssoufia,Youssoufia,
10181,Pharmacie Ibn Sina,pharmacie,0524648294,"1 rue Abda , hay Zallaka Youssoufia",Youssoufia,
10101,Pharmacie Iksir,pharmacie,0524646350,"lotiss. Smara , rue 18 n°9 Youssoufia",Youssoufia,
9157,Pharmacie Inas,pharmacie,0524645524,11 bd Damas q. Salam Youssoufia Youssoufia - Maroc,Youssoufia,
3067,Pharmacie Kachkat,pharmacie,0524649270,9 Rue Imam Malik Youssoufia,Youssoufia,
9959,Pharmacie Louis Gentil,pharmacie,0524660950,14 Bis bd Sebta - Autre ville hay Mohammadi Youssoufia,Youssoufia,
7489,Pharmacie Moderne,pharmacie,0524649669,9 rue Laâyoune q. Hassani YOUSSOUFIA,Youssoufia,
2231,Pharmacie Nejmi,pharmacie,0524649089,Rue Walili quart.Takadoum Youssoufia,Youssoufia,
8137,Pharmacie Sidi Ahmed,pharmacie,0524649719,41 hay Mohamadi Kariat Sidi Ahmed YOUSSOUFIA,Youssoufia,
9421,Pharmacie Sidi Ahmed,pharmacie,0524649718,41 hay Mohamadi Kariat Sidi Ahmed Youssoufia - Maroc,Youssoufia,
1470,Pharmacie Zaid,pharmacie,0524645212,13 rue Melilia - Autre ville hay Mohammadie Youssoufia,Youssoufia,garde 24h/24
9542,Pharmacie Zineb,pharmacie,0524645909,342 lotiss. Agendis Youssoufia - Maroc,Youssoufia,
2002,Pharmacie Zytouna,pharmacie,0524660704,65 hay Smara Al Arsa Youssoufia,Youssoufia,
9170,Pharmacie de l'Hôpital,pharmacie,0524646108,25 q. Manar rue n°9 Youssoufia - Maroc,Youssoufia,
7369,Pharmacie du Souk,pharmacie,0524645060,cité Erac q. com. n°31 YOUSSOUFIA,Youssoufia,
7944,Pharmacie la Municipalité,pharmacie,0524645265,1 rue Abou Bakr Essadik q. Hassani YOUSSOUFIA,Youssoufia,
10083,pharmacie al fath,pharmacie,0524646060,"331 Hay El Fath, Youssoufia 46300",Youssoufia,
8006,Pharmacie Al Firdaous,pharmacie,0524846493,21 av. Allal Ben Abdellah ZAGORA,Zagora,09H A 21H
8778,Pharmacie Al Mahata,pharmacie,0524838587,bd Mohamed V hay Asrir ZAGORA,Zagora,00H A 09H
9603,Pharmacie Amzrou,pharmacie,0524847490,hay Amezrou Zagora - Maroc,Zagora,
8475,Pharmacie Assafar,pharmacie,0524846271,av Mohammed V ZAGORA,Zagora,
9843,Pharmacie Attakafa,pharmacie,0524848175,hay Attadamoune Ouidadiyate Zagora - Maroc,Zagora,
8260,Pharmacie ElBaraka,pharmacie,0524847687,17 bd Hassan II ZAGORA,Zagora,
9575,Pharmacie Ibn Sina (Avicenne),pharmacie,0524838469,bd Mohammed V hay Assrir Zagora - Maroc,Zagora,
1039,Pharmacie Israe,pharmacie,0524848819,hay El Qods Zagora,Zagora,
9023,Pharmacie Manssour Dahbi,pharmacie,0524838116,hay Mansour Dahbi station Ahmed Benasser Zagora,Zagora,
2946,Pharmacie Mgouna,pharmacie,0524839813,bd Mohammed VI centre Tazarine Zagora,Zagora,
8323,Pharmacie Rihane,pharmacie,0524846142,bd Mohammed V hay ElMassira ZAGORA,Zagora,
8994,Pharmacie Salim,pharmacie,0524847299,bd Mohamed V hay Zaouit El Majdoub Zagora - Maroc,Zagora,
8401,Pharmacie Yassine,pharmacie,0524848719,278 bd Mohammed V ZAGORA,Zagora,
8534,Pharmacie Zagora,pharmacie,0524847195,bd Mohammed V ZAGORA,Zagora,
