id,title,phone,address,address_2,ville,garde,query_point
8813,Comanet,0676460131,22  rue Ibn Habib  Maarif Casablanca - Maroc   ,Parapharmacie Comanet Casablanca,Casablanca,,Casablanca-Centre
8868,Mahasbeautyshop,0612925027,39  rue Omar Slaoui   3°ét.  n°7  Casablanca - Maroc   ,Parapharmacie Mahasbeautyshop Casablanca,Casablanca,,Casablanca-Centre
5087,Pharmacie du Dispensaire,0522384050,"110, rue Bachir Belhoucine, Jamila 4 Casablanca",Pharmacie du Dispensaire Casablanca,Casablanca,,Casablanca-Centre
8054,Pharmacie Innovation Sante,0522232251,Innovation Sante CASABLANCA,Pharmacie Innovation Sante Casablanca,Casablanca,,Casablanca-Centre
7859,Pharmacie les Galeries,0522796693,Pharmacie les Galeries CASABLANCA,Pharmacie les Galeries Casablanca,Casablanca,,Casablanca-Centre
8888,Laboratoires Technipharm,0522599876,1075  bd Mohammed VI   Resid. Fath Zhar  Mag N°84  Casablanca - Maroc   ,Parapharmacie Laboratoires Technipharm Casablanca,Casablanca,,Casablanca-Centre
8879,Jina Care,0522555554,hay Jamila V (cité Djemaa)   rue 135 n°11 Sbata Casablanca - Maroc   ,Parapharmacie Jina Care Casablanca,Casablanca,,Casablanca-Centre
6519,Pharmacie AlMaârouf,0522650837,Pharmacie AlMaârouf CASABLANCA,Pharmacie AlMaârouf Casablanca,Casablanca,,Casablanca-Centre
8874,Etape Beauté,0546217950,99 X bd d' Alsace (Mers Sultan)   Casablanca - Maroc   ,Parapharmacie Etape Beauté Casablanca,Casablanca,,Casablanca-Centre
2640,Pharmacie AlAntaria,0520308541,hay Antaria III   rue 8 n°46 Hay Mohammadi Casablanca,Pharmacie AlAntaria Casablanca,Casablanca,,Casablanca-Centre
8871,Global Ops,0808550218,avenue Mehdi Ben Berka -ex Cimetière - Casablanca   angle rue Abdellah Haddaoui  Quartier bourgogne Casablanca - Maroc   ,Parapharmacie Global Ops Casablanca,Casablanca,,Casablanca-Centre
7712,Pharmacie Abdou,0522385714,Pharmacie Abdou CASABLANCA,Pharmacie Abdou Casablanca,Casablanca,,Casablanca-Centre
8869,Distrisis,0522542361,19  avenue Haj Amar Riffi   1°ét.  Casablanca - Maroc   ,Parapharmacie Distrisis Casablanca,Casablanca,,Casablanca-Centre
8859,Fite Para,0522473384,17  rue Abbas Mahmoud El Akkad -ex Favre   Résid. Alcazar  Oasis Oasis Casablanca - Maroc   ,Parapharmacie Fite Para Casablanca,Casablanca,,Casablanca-Centre
8908,Maryland,0522540701,141  avenue Lalla Yacout  Derb omar Casablanca - Maroc   ,Parapharmacie Maryland Casablanca,Casablanca,,Casablanca-Centre
8852,Exovert Vital,0522938999,453  lotiss. Haj Fateh   mag. n°4  Casablanca - Maroc   ,Parapharmacie Exovert Vital Casablanca,Casablanca,,Casablanca-Centre
3369,Pharmacie du Carrefour,0522618365,"271, bd Ibn Tachfine  Casablanca",Pharmacie du Carrefour Casablanca,Casablanca,,Casablanca-Centre
3362,Pharmacie l'Epoque,0522743948,"lot. Anassi, résid. Ennahda Fb1 mag. n°7 Casablanca",Pharmacie l'Epoque Casablanca,Casablanca,,Casablanca-Centre
8851,Jannate Care,0666148380,2  rue Essanaoubar -ex Saint Dié - Casablanca   4°ét. appt. 12 c/o Fidutraco Consulting Quartier mers sultan 1 Casablanca - Maroc   ,Parapharmacie Jannate Care Casablanca,Casablanca,,Casablanca-Centre
8927,Iphabiotics,0522253607,6  rue Ibn Khalikane  Palmier Casablanca - Maroc   ,Parapharmacie Iphabiotics Casablanca,Casablanca,,Casablanca-Centre
8814,Mediclair,0522259846,1  rue Imam El Boukhari   ang. Ibrahim Anakhai Maarif Casablanca - Maroc   ,Parapharmacie Mediclair Casablanca,Casablanca,,Casablanca-Centre
8843,Mabrouka Négoce Et Distribution,0522550691,lotiss. Ennour   lot 85 2A  mag.3 Hay sidi othmane Casablanca - Maroc   ,Parapharmacie Mabrouka Négoce Et Distribution Casablanca,Casablanca,,Casablanca-Centre
8816,Coté Zen,0522527457,hay Moulay Abdallah   rue 20 n°62 Hay moulay abdellah Casablanca - Maroc   ,Parapharmacie Coté Zen Casablanca,Casablanca,,Casablanca-Centre
8829,D Pm Pharma,0522780930,71 X lotiss. El Fath 2   Casablanca - Maroc   ,Parapharmacie D Pm Pharma Casablanca,Casablanca,,Casablanca-Centre
8821,Kalilia,0602807083,51  lotiss. Zhira   Casablanca - Maroc   ,Parapharmacie Kalilia Casablanca,Casablanca,,Casablanca-Centre
4668,Pharmacie les Orangers,0522343888,"11, allée des Orangers  Casablanca",Pharmacie les Orangers Casablanca,Casablanca,,Casablanca-Centre
8896,Fya Medic,0522259354,45  rue Georges Sand   imm. E Val fleuri Casablanca - Maroc   ,Parapharmacie Fya Medic Casablanca,Casablanca,,Casablanca-Centre
8822,Medisto Maroc,0600474255,hay El Qods   lotiss. El Bahia n°38 Sidi bernoussi Casablanca - Maroc   ,Parapharmacie Medisto Maroc Casablanca,Casablanca,,Casablanca-Centre
8933,Citymall,0522242489,bd Emile Zola   résid. Palace Emile Zola Belvedere Casablanca - Maroc   ,Parapharmacie Citymall Casablanca,Casablanca,,Casablanca-Centre
7285,Pharmacie AlImam Ali,0522343628,Pharmacie AlImam Ali CASABLANCA,Pharmacie AlImam Ali Casablanca,Casablanca,,Casablanca-Centre
7304,Pharmacie Ben Omar,0522709559,Pharmacie Ben Omar CASABLANCA,Pharmacie Ben Omar Casablanca,Casablanca,,Casablanca-Centre
8916,Annucci Maroc,0522208380,12  rue Boulmane -ex Duquesne  Quartier bourgogne Casablanca - Maroc   ,Parapharmacie Annucci Maroc Casablanca,Casablanca,,Casablanca-Centre
506,Pharmacie de la Renaissance (haj Tazi),0522305385,101  rue de l' Imam El Castalani  Nouvelle Médina Casablanca,Pharmacie de la Renaissance (haj Tazi) Casablanca,Casablanca,,Casablanca-Centre
1251,Pharmacie de Casablanca,0522800970,160  bd de Croix  Hay El Farah Casablanca,Pharmacie de Casablanca Casablanca,Casablanca,,Casablanca-Centre
192,Pharmacie Azrour,0522811636,792  bd El Fida Prolongé  Hay El Farah Casablanca,Pharmacie Azrour Casablanca,Casablanca,,Casablanca-Centre
5106,Pharmacie Gare Routière Ouled Ziane,0522820755,route Oulad Ziane   Gare routière Ouled Ziane Hay El Farah Casablanca,Pharmacie Gare Routière Ouled Ziane Casablanca,Casablanca,09H A 00H,Casablanca-Centre
802,Pharmacie Assia,0522854271,hay Amal II (Ben M'Sik) rue 42  n°76 Hay El Farah Casablanca,Pharmacie Assia Casablanca,Casablanca,,Casablanca-Centre
782,Pharmacie Laâfou,0522813583,derb Laafou   rue 34 n°43/45 Derb El Kabir Casablanca,Pharmacie Laâfou Casablanca,Casablanca,,Casablanca-Centre
4235,Pharmacie Bilal,0522806497,hay El Farah   rue 61 n°160 bis Hay El Farah Casablanca,Pharmacie Bilal Casablanca,Casablanca,,Casablanca-Centre
2092,Pharmacie de l'Union,0522288677,6  bd Abdellah Senhaji - ex C   lotiss. Amal Hay El Farah Casablanca,Pharmacie de l'Union Casablanca,Casablanca,,Casablanca-Centre
3649,Pharmacie Val fleuri,0522232480,87  avenue Stendahl   Casablanca,Pharmacie Val fleuri Casablanca,Casablanca,,Casablanca-Maarif
4055,Pharmacie Aymane,0522996921,"3 Bis, rue Henri Murget, résid. Talbi III Casablanca",Pharmacie Aymane Casablanca,Casablanca,,Casablanca-Maarif
1802,Pharmacie El Hilal,0522984987,19  rue François Ponsard  Val Fleuri Casablanca,Pharmacie El Hilal Casablanca,Casablanca,,Casablanca-Maarif
8907,Innovation Santé,0540104402,332  avenue Oued Daoura   Haj Fateh  Casablanca - Maroc   ,Parapharmacie Innovation Santé Casablanca,Casablanca,,Casablanca-Maarif
465,Pharmacie Addoha,0522259669,avenue Stendahl  Val Fleuri Casablanca,Pharmacie Addoha Casablanca,Casablanca,,Casablanca-Maarif
2351,Pharmacie Achraf,0522989763,bd Anoual -ex Felix Faure   résid. Annajd  imm.20 Derb Ghalef Casablanca,Pharmacie Achraf Casablanca,Casablanca,,Casablanca-Maarif
1179,Pharmacie Bab Lahraouine,0522372192,"1003, avenue du cdt driss lharti - ex a, lot. n°7, hay ssalam3 Casablanca",Pharmacie Bab Lahraouine Casablanca,Casablanca,,Casablanca-Maarif
5007,Pharmacie Askia,0522259320,"4, cité Plateau, résid. Andaloussia E 74 Casablanca",Pharmacie Askia Casablanca,Casablanca,,Casablanca-Maarif
5480,Pharmacie du Tac,0522987361,bd Bir Anzarane - ex Danton   marché derb Ghallef  Casablanca,Pharmacie du Tac Casablanca,Casablanca,,Casablanca-Maarif
8850,Feetoibelle,0522251620,43  rue Ahmed Kadmiri -ex Albert Samain   mag n°5 Quartier val fleuri Casablanca - Maroc   ,Parapharmacie Feetoibelle Casablanca,Casablanca,,Casablanca-Maarif
1853,Pharmacie Mehdi,0522258289,2  rue Georges Sand  Val Fleuri Casablanca,Pharmacie Mehdi Casablanca,Casablanca,,Casablanca-Maarif
1883,Pharmacie Vita,0522984363,463  bd Brahim Roudani -ex route El Jadida   résid. Saâda Val Fleurie Al Batha Casablanca,Pharmacie Vita Casablanca,Casablanca,,Casablanca-Maarif
1632,Pharmacie Wato Ex Mbirkou,0522251607,153  bd El Habacha - ex Watteau  Derb Ghalef Casablanca,Pharmacie Wato Ex Mbirkou Casablanca,Casablanca,,Casablanca-Maarif
5764,Pharmacie Résidence Nadia,0522237269,"bd Brahim Roudani -ex route El Jadida, c.com. Nadia, cité plateau Casablanca",Pharmacie Résidence Nadia Casablanca,Casablanca,,Casablanca-Maarif
4884,Pharmacie Attissir,0522259363,"lot. Famille Française   rue 93 n°57 Derb Ghalef Casablanca
(en face joutia derb ghalef, prolongement bd bir anzarane vers bd abdelmoumen) ",Pharmacie Attissir Casablanca,Casablanca,,Casablanca-Maarif
1412,Pharmacie Route d'Eljadida,0522995746,240  route d' El Jadida  Maarif Casablanca,Pharmacie Route d'Eljadida Casablanca,Casablanca,garde 24h/24,Casablanca-Maarif
1938,Pharmacie Ghallef,0522252851,"121, rue Jabir Ansari - ex Corot  Casablanca",Pharmacie Ghallef Casablanca,Casablanca,,Casablanca-Maarif
8893,Ghandi Para,0522951137,108  bd Ghandi   résid. Ghandi Maarif Casablanca - Maroc   ,Parapharmacie Ghandi Para Casablanca,Casablanca,,Casablanca-Maarif
8901,Ghandi Med,0522994300,rue Abdessalam Amer ex José Maria de Hérédia   villa Selsabile France ville Casablanca - Maroc   ,Parapharmacie Ghandi Med Casablanca,Casablanca,,Casablanca-Maarif
3977,Pharmacie Zyma,0522994395,"27, rue Ahmed Kadmiri -ex Albert Samain  Casablanca",Pharmacie Zyma Casablanca,Casablanca,,Casablanca-Maarif
1258,Pharmacie Najd,0522256064,1 X rue Ibn Chahid - ex Rigaud  Palmiers Casablanca,Pharmacie Najd Casablanca,Casablanca,,Casablanca-Maarif
5219,Pharmacie El Hachemi,0522996439,"bd Anoual -ex Felix Faure, résid. Andaloussia imm.34 n°1 Casablanca",Pharmacie El Hachemi Casablanca,Casablanca,,Casablanca-Maarif
2696,Pharmacie Yacoub ElMansour,0522255204,63  bd Yacoub El Mansour (Maarif)  Maarif Casablanca,Pharmacie Yacoub ElMansour Casablanca,Casablanca,,Casablanca-Maarif
7389,Pharmacie Bio Bio Products,0522353636,Bio Bio Products CASABLANCA,Pharmacie Bio Bio Products Casablanca,Casablanca,,Casablanca-Maarif
1194,Pharmacie derb Ghallef,0522232402,25  derb Ghalef - Casablanca   imm. Al Omrane,Pharmacie derb Ghallef Casablanca,Casablanca,,Casablanca-Maarif
4269,Pharmacie Aloum,0522252929,bd Anoual -ex Felix Faure  Casablanca,Pharmacie Aloum Casablanca,Casablanca,,Casablanca-Maarif
4702,Pharmacie des Prêles,0522234033,18  rue Brahim Nakhai - ex Mont Cinto   Casablanca,Pharmacie des Prêles Casablanca,Casablanca,,Casablanca-Maarif
4420,Pharmacie Cité Plateau,0522250571,"24 Bis, avenue Stendhal  Casablanca",Pharmacie Cité Plateau Casablanca,Casablanca,,Casablanca-Maarif
5164,Pharmacie Zaouia,0522237951,121  rue El Maaden -ex Fragonard   Casablanca,Pharmacie Zaouia Casablanca,Casablanca,,Casablanca-Maarif
1152,Pharmacie Bouzoubaâ,0522984414,285  bd Ghandi  Al Batha Casablanca,Pharmacie Bouzoubaâ Casablanca,Casablanca,,Casablanca-Maarif
5072,Pharmacie AlAndaloussia,0522980693,"126, rue Dom Pérignon  Casablanca",Pharmacie AlAndaloussia Casablanca,Casablanca,,Casablanca-Maarif
4527,Pharmacie de L'Opéra,0522231172,82  rue Mohamed Bahi -ex Meissonnier   Casablanca,Pharmacie de L'Opéra Casablanca,Casablanca,,Casablanca-Maarif
415,Pharmacie Danton,0522250978,"47, bd bir anzarane Casablanca",Pharmacie Danton Casablanca,Casablanca,,Casablanca-Maarif
757,Pharmacie Universelle,0522253142,398  bd Brahim Roudani  Maarif Casablanca,Pharmacie Universelle Casablanca,Casablanca,,Casablanca-Maarif
2986,Pharmacie Rihab,0522254685,5  rue Cadi Bakkar - ex Serpolet  Maarif Casablanca,Pharmacie Rihab Casablanca,Casablanca,,Casablanca-Maarif
10183,Pharmacie Quartier des Hôpitaux,0522860654,"279 Bd Abdelmoumen, Casablanca 20340",Pharmacie Quartier des Hôpitaux casablanca,casablanca,,Casablanca-Maarif
2978,Pharmacie Abdelmoumen,0522255897,116  bd Abdelmoumen  Derb Ghalef Casablanca,Pharmacie Abdelmoumen Casablanca,Casablanca,,Casablanca-Maarif
2297,Pharmacie des Stades,0522254925,50  rue El Fourat-ex Roncevaux (Maarif)  Maarif Casablanca,Pharmacie des Stades Casablanca,Casablanca,,Casablanca-Maarif
8887,Deva Pharmaceutique,0522331432,445 A bd Abdelmoumen   résid. Riad  1°ét. n°5 Hay hermitage Casablanca - Maroc   ,Parapharmacie Deva Pharmaceutique Casablanca,Casablanca,,Casablanca-Maarif
5799,Pharmacie Charles Nicolle,0522475644,"19, place Louis Pasteur -ex Charles Nicolle  quartier des hôpitaux Casablanca",Pharmacie Charles Nicolle Casablanca,Casablanca,,Casablanca-Maarif
969,Pharmacie Rita,0522731087,"hay Katafa, rue 7, lotis.178 Casablanca",Pharmacie Rita Casablanca,Casablanca,,Casablanca-SidiBernoussi
5238,Pharmacie l'Olivier,0522731606,hay Tarik (Sidi Bernoussi I)   rue 61 n°62  Casablanca,Pharmacie l'Olivier Casablanca,Casablanca,,Casablanca-SidiBernoussi
48,Pharmacie Prefecture Bernoussi,0522730555,cité Sidi Bernoussi   derb Maaguiz bloc 20 n°23 Sidi Bernoussi Casablanca,Pharmacie Prefecture Bernoussi Casablanca,Casablanca,,Casablanca-SidiBernoussi
2390,Pharmacie Ennour,0522731525,219  bd Abou Dar Ghafari-ex E Bernousi   lot. Tarik Sidi Bernoussi Casablanca,Pharmacie Ennour Casablanca,Casablanca,,Casablanca-SidiBernoussi
2447,Pharmacie Maghreb Arabe,0522731548,bloc 8 n°19 Sidi Bernoussi (Terminus bus 33 - Derb maaguiz) Casablanca,Pharmacie Maghreb Arabe Casablanca,Casablanca,,Casablanca-SidiBernoussi
3953,Pharmacie Kounouz,0522674703,bd Chefchaouni   km. 9 5 n°42 / G i  Casablanca,Pharmacie Kounouz Casablanca,Casablanca,,Casablanca-SidiBernoussi
4462,Pharmacie Tarik AlWahda,0522359163,"1, bd Tarik El Ouahda - ex Unité  Casablanca",Pharmacie Tarik AlWahda Casablanca,Casablanca,,Casablanca-SidiBernoussi
9684,Pharmacie Tarik,0522732148,"67 , AVENUE ABI DAR AL GHAFARI.  SIDI BERNOUSSI. CASABLANCA",Pharmacie Tarik Casablanca,Casablanca,,Casablanca-SidiBernoussi
2163,Pharmacie Grande Pharmacie Sidi Bernoussi,0522731637,bd Mohamed B. Ahmed El Abdi -ex B.   cité Bernoussi Sidi Bernoussi Casablanca,Pharmacie Grande Pharmacie Sidi Bernoussi Casablanca,Casablanca,,Casablanca-SidiBernoussi
7783,Pharmacie Sabrine,0522741812,hay Amal I (Sidi Bernoussi)   rue 11 n°165 Sidi Bernoussi CASABLANCA,Pharmacie Sabrine Casablanca,Casablanca,,Casablanca-SidiBernoussi
1473,Pharmacie Ibn Baytar,0522733248,bloc Farid (Sidi Bernoussi)   av Abess El Ghadaoui n°4 Sidi Bernoussi Casablanca,Pharmacie Ibn Baytar Casablanca,Casablanca,,Casablanca-SidiBernoussi
3564,Pharmacie Bargach,0522740621,hay Tarik rue 6 n°21 Casablanca,Pharmacie Bargach Casablanca,Casablanca,,Casablanca-SidiBernoussi
4184,Pharmacie El Boussairi,0522758099,cité Sidi Bernoussi   bloc 33  n°18 bis  Casablanca,Pharmacie El Boussairi Casablanca,Casablanca,,Casablanca-SidiBernoussi
3338,Pharmacie Ghofrane,0522732631,hay El Qods (Sidi Bernoussi)   bloc c  rue 2  n°116 Sidi Bernoussi Casablanca,Pharmacie Ghofrane Casablanca,Casablanca,,Casablanca-SidiBernoussi
3836,Pharmacie Feddan Elkheir,0522735260,K130  route de Rabat (r.p. 1)   n°1  km 13  GH. Feddan Elkheir  Sidi Bernoussi  Casablanca,Pharmacie Feddan Elkheir Casablanca,Casablanca,,Casablanca-SidiBernoussi
4064,Pharmacie Moubaraka,0522767641,cité Sidi Bernoussi   6  bloc 1  hay Moubaraka Sidi Bernoussi Casablanca,Pharmacie Moubaraka Casablanca,Casablanca,garde 24h/24,Casablanca-SidiBernoussi
240,Pharmacie l'entente,0522731113,147  bd Ahmed Benbassou-ex K-s.Bernoussi   Amal 2 Sidi Bernoussi Casablanca,Pharmacie l'entente Casablanca,Casablanca,,Casablanca-SidiBernoussi
2135,Pharmacie Souad,0522739394,cité Sidi Bernoussi   bloc 106  n°7 bis Sidi Bernoussi Casablanca,Pharmacie Souad Casablanca,Casablanca,,Casablanca-SidiBernoussi
3062,Pharmacie Halabi,0522737763,248  bd Elmoutanna Benharita ex D   hay Amal 1 Sidi Bernoussi Casablanca,Pharmacie Halabi Casablanca,Casablanca,,Casablanca-SidiBernoussi
7680,Pharmacie Chefchaouni,0522357879,Pharmacie Chefchaouni CASABLANCA,Pharmacie Chefchaouni Casablanca,Casablanca,,Casablanca-SidiBernoussi
512,Pharmacie du Rond Point,0522731516,"210, bd Moulay Mohamed El Baamrani -ex M, Amal 3 Casablanca",Pharmacie du Rond Point Casablanca,Casablanca,,Casablanca-SidiBernoussi
1487,Pharmacie du Quartier,0522732258,avenue Souhaib Erroumi exH (s.Bernoussi   bloc 50 n°48 Mansour 1 Sidi Bernoussi Casablanca,Pharmacie du Quartier Casablanca,Casablanca,,Casablanca-SidiBernoussi
2446,Pharmacie de l'Esperance,0522666199,bd Chefchaouni   résid. Palmier imm. A mag. 5 Aïn Sebaâ Casablanca,Pharmacie de l'Esperance Casablanca,Casablanca,,Casablanca-SidiBernoussi
6833,Pharmacie Dounia Erraha,0522915134,Pharmacie Dounia Erraha CASABLANCA,Pharmacie Dounia Erraha Casablanca,Casablanca,,Casablanca-SidiBernoussi
2329,Pharmacie Fatihat Elkheir,0522733256,411  avenue Souhaib Erroumi exH (s.Bernoussi   lot.El Mansour Sidi Bernoussi Casablanca,Pharmacie Fatihat Elkheir Casablanca,Casablanca,,Casablanca-SidiBernoussi
5520,Pharmacie Bensaid,0522741463,hay Amal III (Sidi Bernoussi)   rue 13 n°34  Casablanca,Pharmacie Bensaid Casablanca,Casablanca,,Casablanca-SidiBernoussi
2768,Pharmacie De La Gare Ain Sebaa,0522737908,route de Rabat (r.p. 1)   Daris Km 9 Aïn Sebaâ Casablanca,Pharmacie De La Gare Ain Sebaa Casablanca,Casablanca,,Casablanca-SidiBernoussi
934,Pharmacie Rachad,0522737257,32  avenue Souhaib Erroumi exH (s.Bernoussi   Amal II Sidi Bernoussi Casablanca,Pharmacie Rachad Casablanca,Casablanca,,Casablanca-SidiBernoussi
451,Pharmacie Diwane,0522661480,8 X allée des Lilas (Aïn Sebâa)   hay castor Aïn Sebaâ CASABLANCA,Pharmacie Diwane Casablanca,Casablanca,,Casablanca-SidiBernoussi
8894,Para Ain Sebaa,0522351212,3 Bis  bd Chefchaouni  Beaussite Casablanca - Maroc   ,Parapharmacie Para Ain Sebaa Casablanca,Casablanca,,Casablanca-SidiBernoussi
5113,Pharmacie Benali,0522754050,"hay Mansour extension rue 2 bloc 70, n°152 Casablanca",Pharmacie Benali Casablanca,Casablanca,,Casablanca-SidiBernoussi
499,Pharmacie Saadallah,0522706734,hay Sadri (Bournazel)   grp. 2  rue 35 n°85 Hay Moulay Rachid Casablanca,Pharmacie Saadallah Casablanca,Casablanca,,Casablanca-SidiBernoussi
4299,Pharmacie Athina,0522737473,"cité Chabab, grp. C 2 n°7 Ain Sebaa Casablanca",Pharmacie Athina Casablanca,Casablanca,garde 24h/24,Casablanca-SidiBernoussi
4686,Pharmacie Daha,0522355290,cité Sidi Bernoussi   lotiss. Daha rue 7 n°48 bis  Casablanca,Pharmacie Daha Casablanca,Casablanca,,Casablanca-SidiBernoussi
5633,Pharmacie Borj ElBernoussi,0522740685,612  avenue Souhaib Erroumi exH (s.Bernoussi   Mansour III Sidi Bernoussi Casablanca,Pharmacie Borj ElBernoussi Casablanca,Casablanca,,Casablanca-SidiBernoussi
3532,Pharmacie hay Amal 4,0522753010,hay Amal IV (Sidi Bernoussi) rue 62  n°86  Casablanca,Pharmacie hay Amal 4 Casablanca,Casablanca,,Casablanca-SidiBernoussi
5246,Pharmacie la Rosa,0522343300,"7, bd Chefchaouni, rte 110 km 11 Casablanca",Pharmacie la Rosa Casablanca,Casablanca,,Casablanca-SidiBernoussi
3374,Pharmacie Ibtissama,0522730798,"hay Mansour III, bloc 67 n°43 Casablanca",Pharmacie Ibtissama Casablanca,Casablanca,,Casablanca-SidiBernoussi
10199,Pharmacie Lavande,0520064911,"N5. Près de Masquée Izdihar. Boulevard al Bina 20250 Casablanca
",Pharmacie Lavande Casablanca,Casablanca,,Casablanca-SidiBernoussi
1434,Pharmacie Yafa,0522739444,hay Moubaraka   q. Moubaraka imm.52  Casablanca,Pharmacie Yafa Casablanca,Casablanca,,Casablanca-SidiBernoussi
5744,Pharmacie des Troenes,0522665471,38  allée des Troènes   Lajiri III Oukacha Casablanca,Pharmacie des Troenes Casablanca,Casablanca,,Casablanca-AinSebaa
4045,Pharmacie la Perle Bleue,0522673368,"68, av de la Plage (Aïn Sebâa)  Casablanca",Pharmacie la Perle Bleue Casablanca,Casablanca,,Casablanca-AinSebaa
4638,Pharmacie des Parcs,0522664327,"2, allée des Parcs (Aïn Sebâa)  Casablanca",Pharmacie des Parcs Casablanca,Casablanca,,Casablanca-AinSebaa
4708,Pharmacie le Repère,0522355011,395  bd Moulay Ismaïl (Roches Noires)   rte. de rabat Oukacha Casablanca,Pharmacie le Repère Casablanca,Casablanca,,Casablanca-AinSebaa
3759,Pharmacie Espoir Santé,0522673600,28 X avenue de Tizi Ousli  Aïn Sebaâ Casablanca,Pharmacie Espoir Santé Casablanca,Casablanca,garde 24h/24,Casablanca-AinSebaa
3821,Pharmacie Adam,0522340312,"lotiss. Basbassa (Ain Sebaâ), rue 3 n°72 Ain Sebâa Casablanca",Pharmacie Adam Casablanca,Casablanca,,Casablanca-AinSebaa
2313,Pharmacie El Mokhtar,0522664949,19  bd de la Grande Ceinture (A.Sebaa)  Aïn Sebaâ Casablanca,Pharmacie El Mokhtar Casablanca,Casablanca,,Casablanca-AinSebaa
4091,Pharmacie Rizk,0522358520,5  place Haj Ahmed Mekouar-ex Soucarre  Aïn Sebaâ Casablanca,Pharmacie Rizk Casablanca,Casablanca,,Casablanca-AinSebaa
3485,Pharmacie Arraefa,0522352740,66 X allée des Casuarinas   Casablanca,Pharmacie Arraefa Casablanca,Casablanca,,Casablanca-AinSebaa
4549,Pharmacie ElFaiz,0522355939,avenue Khalid Bnou Loualid   lotiss. Halioua mag.n°5  Casablanca,Pharmacie ElFaiz Casablanca,Casablanca,,Casablanca-AinSebaa
4895,Pharmacie AlHadika,0522666551,résid. Alhadika (rte de Rabat)   imm.2 n° B28 El Gantour Casablanca,Pharmacie AlHadika Casablanca,Casablanca,,Casablanca-AinSebaa
4216,Pharmacie ElBachir,0522344127,62 X bd Haj Ahmed Mekouar -ex C.Caillat  El Gantour Casablanca,Pharmacie ElBachir Casablanca,Casablanca,,Casablanca-AinSebaa
4320,Pharmacie Hsibou,0522672420,"2 Bis, allée des Pritchardias  Casablanca",Pharmacie Hsibou Casablanca,Casablanca,,Casablanca-AinSebaa
4926,Pharmacie Place Ahmed Mekwar,0522354795,"1, bd de la Gare (Aïn Sebâa)  Casablanca",Pharmacie Place Ahmed Mekwar Casablanca,Casablanca,,Casablanca-AinSebaa
4576,Pharmacie Samane,0522662285,"hay Saloma II (Aïn Sebâa), n° 10 et 12 Casablanca",Pharmacie Samane Casablanca,Casablanca,,Casablanca-AinSebaa
5592,Pharmacie 2M,0522343155,"128, allée des Orangers  Casablanca",Pharmacie 2M Casablanca,Casablanca,,Casablanca-AinSebaa
2103,Pharmacie Fathallah,0522341979,Pharmacie Fathallah CASABLANCA,Pharmacie Fathallah Casablanca,Casablanca,,Casablanca-AinSebaa
1198,Pharmacie d'Aïn Sebâa,0522350362,15  place Tizi Ousli - ex République  Oukacha Casablanca,Pharmacie d'Aïn Sebâa Casablanca,Casablanca,,Casablanca-AinSebaa
5542,Pharmacie Assim,0522358626,quartier Beausite   57  lot. Essalam Aïn Sebaâ Casablanca,Pharmacie Assim Casablanca,Casablanca,,Casablanca-AinSebaa
947,Pharmacie Youness,0522357527,18  avenue Ali Yata -ex Foum Lahsan   résid. Alhadika Beausite Casablanca,Pharmacie Youness Casablanca,Casablanca,,Casablanca-AinSebaa
4680,Pharmacie Ghouziel,0522674667,"253, allée des Mimosas (Aïn Sebâa)  Casablanca",Pharmacie Ghouziel Casablanca,Casablanca,,Casablanca-AinSebaa
1043,Pharmacie du Zoo,0522660292,ancienne route de Rabat   n°7 Aïn Sebaâ Casablanca,Pharmacie du Zoo Casablanca,Casablanca,,Casablanca-AinSebaa
5686,Pharmacie Arrimal Addahabia,0522340074,41  allée des Mûriers (Aïn Sebâa)  El Gantour Casablanca,Pharmacie Arrimal Addahabia Casablanca,Casablanca,,Casablanca-AinSebaa
1986,Pharmacie de la Plage,0522351393,46  bd Haj Ahmed Mekouar -ex C.Caillat  Aïn Sebaâ Casablanca,Pharmacie de la Plage Casablanca,Casablanca,,Casablanca-AinSebaa
3879,Pharmacie des Citronniers,0522344670,29 X allée des Citronniers   Casablanca,Pharmacie des Citronniers Casablanca,Casablanca,,Casablanca-AinSebaa
1807,Pharmacie Al Basmala,0522356651,bd Chefchaouni   résid. Atlantique Aïn Sebaâ Casablanca,Pharmacie Al Basmala Casablanca,Casablanca,,Casablanca-AinSebaa
8265,Pharmacie Fadle Allah,0522672534,Pharmacie Fadle Allah CASABLANCA,Pharmacie Fadle Allah Casablanca,Casablanca,,Casablanca-AinSebaa
1011,Pharmacie Zénata,0522351172,178  route des Zenatas - r.s. 111 (côtière)  Aïn Sebaâ Casablanca,Pharmacie Zénata Casablanca,Casablanca,,Casablanca-AinSebaa
4502,Pharmacie Attakwa,0522561935,"derb Friha (cité Djemaa), rue n°20 Casablanca",Pharmacie Attakwa Casablanca,Casablanca,,Casablanca-AinSebaa
2542,Pharmacie Lekbira,0522343740,13  allée des Mimosas (Aïn Sebâa)  Aïn Sebaâ Casablanca,Pharmacie Lekbira Casablanca,Casablanca,,Casablanca-AinSebaa
5263,Pharmacie Fourkane,0522352928,lot El Oulja II (Ain Sebaa)   bd C  n°209 Aïn Sebaâ Casablanca,Pharmacie Fourkane Casablanca,Casablanca,garde 24h/24,Casablanca-AinSebaa
5276,Pharmacie Moulay Slimane,0522343402,118  bd Moulay Slimane Aïn Sebaâ  Casablanca,Pharmacie Moulay Slimane Casablanca,Casablanca,09H A 00H,Casablanca-AinSebaa
3769,Pharmacie Ahl Albadr,0522341339,"83, lotiss. Al Badr, GH 09, n° 8 Casablanca",Pharmacie Ahl Albadr Casablanca,Casablanca,,Casablanca-AinSebaa
4118,Pharmacie ElMaaroufi,0522356596,"lot Espérance II (Ain Sebaâ), rue 1 n°3 Casablanca",Pharmacie ElMaaroufi Casablanca,Casablanca,,Casablanca-AinSebaa
4519,Pharmacie Al Madina,0522352774,27  lotiss. Al Badr   G3B  n°4  Aïn Sébaâ El Gantour Casablanca,Pharmacie Al Madina Casablanca,Casablanca,,Casablanca-AinSebaa
5506,Pharmacie Vidal,0522343218,404  bd de la Grande Ceinture (A.Sebaa)  Aïn Sebaâ Casablanca,Pharmacie Vidal Casablanca,Casablanca,,Casablanca-AinSebaa
7968,Pharmacie Stade Zaouli,0522673067,Pharmacie Stade Zaouli CASABLANCA,Pharmacie Stade Zaouli Casablanca,Casablanca,,Casablanca-AinSebaa
617,Pharmacie Chabab,0522755916,hay Chabab   n°38 imm. 4A  Aïn Sébaa Aïn Sebaâ CASABLANCA,Pharmacie Chabab Casablanca,Casablanca,,Casablanca-AinSebaa
241,Pharmacie de l'Aéroport d'Anfa,0522390636,"72 Bis, bd Sidi Abderrahman  Casablanca",Pharmacie de l'Aéroport d'Anfa Casablanca,Casablanca,,Casablanca-HayHassani
5591,Pharmacie Rochdi,0522893286,bd Oued Oum Rabie   résid. AlFirdaous GH4 imm.A 117 n°03 Oulfa Casablanca,Pharmacie Rochdi Casablanca,Casablanca,,Casablanca-HayHassani
3930,Pharmacie Hôpital Cheikh Khalifa,0522931773,"hay El Oulfa, Opération Al Firdaous Gh 26, imm. 249 n°1 Casablanca",Pharmacie Hôpital Cheikh Khalifa Casablanca,Casablanca,,Casablanca-HayHassani
1018,Pharmacie Avenue Naciri,0522692042,253  bd Mohamed Taieb Naciri  Oulfa Casablanca,Pharmacie Avenue Naciri Casablanca,Casablanca,,Casablanca-HayHassani
1884,Pharmacie AlMouwaten,0522909734,192  hay Nassim (Lissasfa)  Oulfa Casablanca,Pharmacie AlMouwaten Casablanca,Casablanca,,Casablanca-HayHassani
3018,Pharmacie Jamai,0522933025,ENSEMBLE IMMOBILIER AL FIRDAOUS GH15 - IMMEUBLE A 80 N° 1 - EL OULFA,Pharmacie Jamai Casablanca,Casablanca,,Casablanca-HayHassani
4148,Pharmacie Laya,0522254439,"9, rue El Abtal  Casablanca",Pharmacie Laya Casablanca,Casablanca,,Casablanca-HayHassani
4581,Pharmacie Oum Errabii,0522908872,49  bd Oued Oum Rabie   Casablanca,Pharmacie Oum Errabii Casablanca,Casablanca,,Casablanca-HayHassani
4454,Pharmacie des Sciences,0522994814,"route d' El jadida, c. com. Alaimoune II Casablanca",Pharmacie des Sciences Casablanca,Casablanca,,Casablanca-HayHassani
4642,Pharmacie Fatma,0522931029,"hay El Oulfa, rue 191 n°48. bd Oued Sebou Casablanca",Pharmacie Fatma Casablanca,Casablanca,,Casablanca-HayHassani
5454,Pharmacie Hay ElWiam,0522911731,hay El Oulfa   bd. H n°252  Casablanca,Pharmacie Hay ElWiam Casablanca,Casablanca,,Casablanca-HayHassani
5044,Pharmacie Tilila,0522938684,"hay Laimoune, 47 HH Eloulfa Casablanca",Pharmacie Tilila Casablanca,Casablanca,,Casablanca-HayHassani
3990,Pharmacie Laimoune,0522909494,466  lotiss. Laimoune   c. com. Laimoun  Lissasfa  Casablanca,Pharmacie Laimoune Casablanca,Casablanca,,Casablanca-HayHassani
2546,Pharmacie Salma,0522895772,bd Oued Oum Rabie   ElOuafaa 1 n°15 Oulfa Casablanca,Pharmacie Salma Casablanca,Casablanca,,Casablanca-HayHassani
5277,Pharmacie Dar Assalam,0522932231,"hay El Oulfa, opération Assalam n°32 Casablanca",Pharmacie Dar Assalam Casablanca,Casablanca,,Casablanca-HayHassani
2144,Pharmacie Nasri,0522932874,hay Hassani   bloc 2  n°75 bis cité Commune Urbaine Oulfa Casablanca,Pharmacie Nasri Casablanca,Casablanca,,Casablanca-HayHassani
8848,Nutrisvelt Maroc,0522915245,193  bd Oued Oum Errabia   3°ét. n°9  Casablanca - Maroc   ,Parapharmacie Nutrisvelt Maroc Casablanca,Casablanca,,Casablanca-HayHassani
9866,Pharmacie Géranium,0526171706,"Park Condomnium, résidence The Anfa, Bd des Clubs, Casablanca",Pharmacie Géranium Casablanca,Casablanca,,Casablanca-HayHassani
2901,Pharmacie Massira Hassania,0522895777,lotiss. Al Massira Al Hassania   lot 55 rue 6 Oulfa Casablanca,Pharmacie Massira Hassania Casablanca,Casablanca,,Casablanca-HayHassani
9550,Pharmacie Eloulfa,0522913292,"54, AVENUE OUED TENSIFT - EL OULFA",Pharmacie Eloulfa Casablanca,Casablanca,,Casablanca-HayHassani
4998,Pharmacie Hind,0522914457,"516 Bis, hay Hassani, bloc 11 lot. municipale Casablanca",Pharmacie Hind Casablanca,Casablanca,,Casablanca-HayHassani
1680,Pharmacie Tam,0522901899,302  bd Oued Sebou (hay El Oulfa)  Oulfa Casablanca,Pharmacie Tam Casablanca,Casablanca,,Casablanca-HayHassani
9378,Pharmacie Idoudre,0808631820,292  av des Facultés    lotiss. Al Laimoune  mag.5 Oulfa Casablanca - Maroc   ,Pharmacie Idoudre Casablanca,Casablanca,,Casablanca-HayHassani
4221,Pharmacie Oued Beht,0522905103,"2, avenue Oued Beht - ex B, grp. B Casablanca",Pharmacie Oued Beht Casablanca,Casablanca,,Casablanca-HayHassani
4087,Pharmacie Missimi,0522900529,hay Missimi (hay Hassani)   rue12 ang. rue 24 n°1  Casablanca,Pharmacie Missimi Casablanca,Casablanca,,Casablanca-HayHassani
3276,Pharmacie AlMiza,0522931929,quartier Lissasfa I (route d'El Jadida)   lotiss. Alkhalil  imm. A3  Casablanca,Pharmacie AlMiza Casablanca,Casablanca,,Casablanca-HayHassani
8925,Genie Para,0522215010,lotiss. Mandarona   rue 17 n°92  Casablanca - Maroc   ,Parapharmacie Genie Para Casablanca,Casablanca,,Casablanca-HayHassani
4155,Pharmacie Annasr,0522932813,"hay El Oulfa, Assalam II, Imm 3, Gh4 Casablanca",Pharmacie Annasr Casablanca,Casablanca,,Casablanca-HayHassani
2520,Pharmacie Nadir,0522250943,3  bd Al Abtal   Q. Guynmer  hay Arraha  Casablanca,Pharmacie Nadir Casablanca,Casablanca,,Casablanca-HayHassani
2058,Pharmacie Wilaya Moulouya,0522905113,222  bd Oued Moulouya  Oulfa Casablanca,Pharmacie Wilaya Moulouya Casablanca,Casablanca,,Casablanca-HayHassani
2758,Pharmacie des Universites,0522995194,K070  quartier Lissasfa  (route d'El Jadida)   résid. Bayt AlMaarifa Lissasfa Casablanca,Pharmacie des Universites Casablanca,Casablanca,,Casablanca-HayHassani
4646,Pharmacie Hay ElHassani,0522903522,hay Missimi (hay Hassani)   rue 2 n°50 Oulfa Casablanca,Pharmacie Hay ElHassani Casablanca,Casablanca,,Casablanca-HayHassani
5469,Pharmacie Lausanne,0522905366,207  lotiss. Laimoune  Oulfa Casablanca,Pharmacie Lausanne Casablanca,Casablanca,,Casablanca-HayHassani
4959,Pharmacie Mazola,0522933689,"hay Saada - ex Mazola (q. Aviation), n°51 rue 4 Casablanca",Pharmacie Mazola Casablanca,Casablanca,,Casablanca-HayHassani
3373,Pharmacie Hay ElMatar,0522932026,"1, bd Oued Oum Errabia  Casablanca",Pharmacie Hay ElMatar Casablanca,Casablanca,,Casablanca-HayHassani
4600,Pharmacie Taouss,0522900881,"N12 , angle rue 13 et 04, groupe 5, Hay El Oulfa, Casablanca",Pharmacie Taouss Casablanca,Casablanca,,Casablanca-HayHassani
4975,Pharmacie AlMotahida,0522895606,"hay El Oulfa, lot. Sidi Abderrhman rue 36 n°31 Casablanca",Pharmacie AlMotahida Casablanca,Casablanca,,Casablanca-HayHassani
7430,Pharmacie Attawfiq,0527294084,Pharmacie Attawfiq CASABLANCA,Pharmacie Attawfiq Casablanca,Casablanca,,Casablanca-HayHassani
5281,Pharmacie ElManal,0522932829,"320, bd Oued Oum Errabia  Casablanca",Pharmacie ElManal Casablanca,Casablanca,,Casablanca-HayHassani
4921,Pharmacie Orjouane,0522362220,"122, rue El Ourjouane  Casablanca",Pharmacie Orjouane Casablanca,Casablanca,,Casablanca-HayHassani
9098,Pharmacie du Coin,0522583125,10  bd Zoulikha Nasri  Hay sidi maarouf 1 Casablanca - Maroc   ,Pharmacie du Coin Casablanca,Casablanca,,Casablanca-SidiMaarouf
3642,Pharmacie Oum El Kheir,0522975293,"147, lotiss. Communal , n°2 Sidi Maârouf Casablanca",Pharmacie Oum El Kheir Casablanca,Casablanca,,Casablanca-SidiMaarouf
5489,Pharmacie Morjana,0522321931,"15, lotiss. Communal , Sidi Maârouf Casablanca",Pharmacie Morjana Casablanca,Casablanca,,Casablanca-SidiMaarouf
2263,Pharmacie Nour Al Mostakbal,0522335191,lotiss. Al Moustakbal   GH49 imm.3A 445 n°3 Sidi Maarouf Casablanca,Pharmacie Nour Al Mostakbal Casablanca,Casablanca,,Casablanca-SidiMaarouf
5437,Pharmacie Hay Bouchra,0522581949,44  lotiss. Bouchra   Sidi Maârouf  Casablanca,Pharmacie Hay Bouchra Casablanca,Casablanca,,Casablanca-SidiMaarouf
1873,Pharmacie Zamzam,0522580198,lotiss. Lina   H2 lot. Hammam  Sidi Maârouf  Casablanca,Pharmacie Zamzam Casablanca,Casablanca,,Casablanca-SidiMaarouf
3381,Pharmacie Tassnime,0522584172,1  lotiss. Al Moustakbal   Sidi Maârouf Sidi Maarouf Casablanca,Pharmacie Tassnime Casablanca,Casablanca,,Casablanca-SidiMaarouf
3739,Pharmacie El Karti,0522583811,lotiss. Al Moustakbal   Gh 27 imm. 238 A n°1  Sidi Maârouf  Casablanca,Pharmacie El Karti Casablanca,Casablanca,,Casablanca-SidiMaarouf
5794,Pharmacie Attenmia,0522584777,résid. Soufiane   imm. B2  Sidi Maârouf Sidi Maarouf Casablanca,Pharmacie Attenmia Casablanca,Casablanca,,Casablanca-SidiMaarouf
3465,Pharmacie Morsad,0522321929,"93, lotiss. Bouchra , rte 1100 Sidi Maârouf Ouled Haddou Casablanca",Pharmacie Morsad Casablanca,Casablanca,,Casablanca-SidiMaarouf
716,Pharmacie Ahmida,0522335587,rte  1100   cplxe com. Sidi Maarouf  Oulad Haddou Sidi Maarouf Casablanca,Pharmacie Ahmida Casablanca,Casablanca,,Casablanca-SidiMaarouf
5082,Pharmacie Rabii Al Moustakbal,0522583415,lotiss. Al Moustakbal   Gh34  imm. T301 Sidi Maârouf  Casablanca,Pharmacie Rabii Al Moustakbal Casablanca,Casablanca,,Casablanca-SidiMaarouf
4127,Pharmacie Yathrib,0522972573,lotiss. Al Moustakbal   Gh 4  n°24 Sidi Maârouf Sidi Maarouf Casablanca,Pharmacie Yathrib Casablanca,Casablanca,,Casablanca-SidiMaarouf
651,Pharmacie Camya,0522580842,Lotiss. Lina   lot 316  rue 13 n°1 Sidi Maarouf Casablanca,Pharmacie Camya Casablanca,Casablanca,,Casablanca-SidiMaarouf
5742,Pharmacie Jamea AlAdarissa,0522580932,"lotiss. Loubna , mag. n°B1 Sidi Maarouf Casablanca",Pharmacie Jamea AlAdarissa Casablanca,Casablanca,,Casablanca-SidiMaarouf
5588,Pharmacie de la Découverte,0522973223,"7, lotiss. Al Moustakbal, rte 1029 Sidi Maârouf Casablanca",Pharmacie de la Découverte Casablanca,Casablanca,,Casablanca-SidiMaarouf
1609,Pharmacie Noufissa,0522581497,2  c.com. Soufiane   Sidi Maârouf  Casablanca,Pharmacie Noufissa Casablanca,Casablanca,,Casablanca-SidiMaarouf
1894,Pharmacie Bella Medina,0522525808,98  bd Tétouan Californie (près de casa Neour shore) Casablanca,Pharmacie Bella Medina Casablanca,Casablanca,,Casablanca-SidiMaarouf
4061,Pharmacie AlOukhoua,0522321240,"88  lotiss. Rakia   Ct rte 1100 lot ""G"" Sidi Maarouf Casablanca",Pharmacie AlOukhoua Casablanca,Casablanca,,Casablanca-SidiMaarouf
5192,Pharmacie Mandarona,0522335699,rte de Bouskoura (c.t.1029)   résid. Ennakhil  Sidi Maarouf  Casablanca,Pharmacie Mandarona Casablanca,Casablanca,,Casablanca-SidiMaarouf
9667,Pharmacie Garden California,0522787544,"lotiss. La Colline résid. California Garden Quartier sidi maarouf Arr. Aïn Chok  Sidi Maarouf Casablanca 
",Pharmacie Garden California Casablanca,Casablanca,09H A 21H,Casablanca-SidiMaarouf
5209,Pharmacie ElOuazzani,0522975308,"75, lotiss. Al Moustakbal, Sidi Maârouf Casablanca",Pharmacie ElOuazzani Casablanca,Casablanca,,Casablanca-SidiMaarouf
5230,Pharmacie Fleming,0522522989,275  route de la Mecque (Californie)   Casablanca,Pharmacie Fleming Casablanca,Casablanca,,Casablanca-SidiMaarouf
5518,Pharmacie Kabli,0522973293,126  lotiss. Faraj   Sidi Maârouf Sidi Maarouf Casablanca,Pharmacie Kabli Casablanca,Casablanca,,Casablanca-SidiMaarouf
3412,Pharmacie Mechmach,0522973912,18  lotiss. Anna   Ouled Haddou Sidi Maârouf  Casablanca,Pharmacie Mechmach Casablanca,Casablanca,,Casablanca-SidiMaarouf
4593,Pharmacie Ait Lbacha,0522321210,"rte 109 , Km 10 Ouled Hadou, Sidi Maarouf Casablanca",Pharmacie Ait Lbacha Casablanca,Casablanca,,Casablanca-SidiMaarouf
5221,Pharmacie ElHaddaoui,0522335774,"104, lotiss. Dandoune , Ouled Haddou Sidi Maârouf Casablanca",Pharmacie ElHaddaoui Casablanca,Casablanca,,Casablanca-SidiMaarouf
1074,Pharmacie Errayane,0522973214,1  lotiss. Ennour   Sidi Maârouf Sidi Maarouf Casablanca,Pharmacie Errayane Casablanca,Casablanca,garde 24h/24,Casablanca-SidiMaarouf
4433,Pharmacie Tmime,0522973111,lotiss. Jet Sakane   imm. 41 n°1 rte 1100  Sidi Maârouf  Casablanca,Pharmacie Tmime Casablanca,Casablanca,,Casablanca-SidiMaarouf
3908,Pharmacie Saber,0522583362,résid. Erac   imm. 57  C1 n°3 Sidi Maârouf Sidi Maarouf Casablanca,Pharmacie Saber Casablanca,Casablanca,,Casablanca-SidiMaarouf
9448,Pharmacie Sidi Massôud,0522973981,,Pharmacie Sidi Massôud Bouskoura,Bouskoura,garde 24h/24,Casablanca-SidiMaarouf
1615,Pharmacie Amine,0522972585,65  lotiss. Amine   rte de Bouskoura Sidi Maârouf Sidi Maarouf Casablanca,Pharmacie Amine Casablanca,Casablanca,,Casablanca-SidiMaarouf
4735,Pharmacie Daoussi,0522583094,38  lotiss. Al Othmania   rte 1100 Sidi Maârouf Sidi Maarouf Casablanca,Pharmacie Daoussi Casablanca,Casablanca,,Casablanca-SidiMaarouf
2496,Pharmacie de la colline,0522335177,rte 1029   c.com. carrefour Sidi Maârouf Sidi Maarouf Casablanca,Pharmacie de la colline Casablanca,Casablanca,,Casablanca-SidiMaarouf
4540,Pharmacie Ibn Taimia,0522335225,119  lotiss.  AlAdarissa   Sidi Maarouf  Casablanca,Pharmacie Ibn Taimia Casablanca,Casablanca,,Casablanca-SidiMaarouf
2106,Pharmacie Al Ichraf,0522584771,9  lotiss. Al Ichraf  Sidi Maarouf Casablanca,Pharmacie Al Ichraf Casablanca,Casablanca,,Casablanca-SidiMaarouf
6816,Pharmacie Louz,0522210827,Pharmacie Louz CASABLANCA,Pharmacie Louz Casablanca,Casablanca,,Casablanca-SidiMaarouf
3697,Pharmacie les Idrissides,0522321080,lotiss. Jnanat   Sidi Maârouf  Casablanca,Pharmacie les Idrissides Casablanca,Casablanca,,Casablanca-SidiMaarouf
4477,Pharmacie Ouled Haddou,0522335100,"hay ElNajah , bloc""B"" n°77 Sidi Maârouf Casablanca",Pharmacie Ouled Haddou Casablanca,Casablanca,,Casablanca-SidiMaarouf
4662,Pharmacie Alabe,0522974065,"48, lotiss. Salama , rte de Makro Sidi Maârouf Casablanca",Pharmacie Alabe Casablanca,Casablanca,,Casablanca-SidiMaarouf
4575,Pharmacie des Anges,0522218886,quartier Oulad Taleb   rue10 n°9 résid. Sans Pareil Majorelle Inara Casablanca,Pharmacie des Anges Casablanca,Casablanca,,Casablanca-AinChock
643,Pharmacie Achcharaf,0522216409,bd El Qods   Coopérative Acharaf n°DM2 Inara Casablanca,Pharmacie Achcharaf Casablanca,Casablanca,,Casablanca-AinChock
4398,Pharmacie Majorelle,0522508142,quartier Oulad Taleb   Cooperative Sofaca n°14  Casablanca,Pharmacie Majorelle Casablanca,Casablanca,,Casablanca-AinChock
2081,Pharmacie Soulaima,0522219894,bd de Fès   résid. les Jardins de Californie 2 Californie Casablanca,Pharmacie Soulaima Casablanca,Casablanca,,Casablanca-AinChock
8897,Laboratoire Tradiphar Maroc( Tradiphar Lab ),0522507177,cité Aïn Chok   lotiss. Siham rue 6 n°24 Californie Ain chok Casablanca - Maroc   ,Parapharmacie Laboratoire Tradiphar Maroc( Tradiphar Lab ) Casablanca,Casablanca,,Casablanca-AinChock
4665,Pharmacie Violette,0522212796,lotiss. Violette   57 rue 2 n°51  Casablanca,Pharmacie Violette Casablanca,Casablanca,,Casablanca-AinChock
315,Pharmacie Bd Al Qods,0522523939,bd El Qods   lotiss. Logemo imm. 54 n°2  Inara I Aïn Chok Casablanca,Pharmacie Bd Al Qods Casablanca,Casablanca,,Casablanca-AinChock
5120,Pharmacie AlQods,0522630540,"158, bd de la Grande Ceinture (h.Mohammadi)  Casablanca",Pharmacie AlQods Casablanca,Casablanca,,Casablanca-AinChock
4255,Pharmacie Nigelle,0522871770,"quartier Oulad Taleb, rue 18 n°36 Casablanca",Pharmacie Nigelle Casablanca,Casablanca,,Casablanca-AinChock
4493,Pharmacie Siham,0522526303,"lot. Omariya, rue 31 n°64 Casablanca",Pharmacie Siham Casablanca,Casablanca,,Casablanca-AinChock
4302,Pharmacie Achir,0522528253,lot. Mandarona   rue 14 n°101  Aïn Chok Aïn Chok Casablanca,Pharmacie Achir Casablanca,Casablanca,,Casablanca-AinChock
304,Pharmacie Moncef,0522353480,76  bd Chefchaouni  Aïn Sebaâ Casablanca,Pharmacie Moncef Casablanca,Casablanca,,Casablanca-AinChock
5576,Pharmacie Omariya,0522523629,lot. Omariya   Mosquée Omariya rue 49 Aïn Chok Casablanca,Pharmacie Omariya Casablanca,Casablanca,,Casablanca-AinChock
4728,Pharmacie Itqane,0522508678,lot. Zakaria   rue 10 n°50  Casablanca,Pharmacie Itqane Casablanca,Casablanca,,Casablanca-AinChock
8928,Hemodia,0522219504,lotiss. Mandarona   rue 14 n°203  Casablanca - Maroc   ,Parapharmacie Hemodia Casablanca,Casablanca,,Casablanca-AinChock
4872,Pharmacie Chrifa,0522523516,Hay Chrifa   rue 15 n°2  Casablanca,Pharmacie Chrifa Casablanca,Casablanca,,Casablanca-AinChock
5166,Pharmacie Zouhair,0522506026,"bd Oulad Haddou, rue 30 n°39 bis Lakrimat Casablanca",Pharmacie Zouhair Casablanca,Casablanca,,Casablanca-AinChock
8993,Pharmacie charm cheikh,0522506510,bd El Qods . lotiss. Al Hamra II n°600 Ain chok,Pharmacie charm cheikh Casablanca,Casablanca,,Casablanca-AinChock
4391,Pharmacie Cité Addaman,0522213499,avenue de Dakhla -ex H (Inara)   résid. addaman GH 9B n° 4 Aïn Chok Casablanca,Pharmacie Cité Addaman Casablanca,Casablanca,garde 24h/24,Casablanca-AinChock
3386,Pharmacie Rania,0522870599,lot. Mandarona   rue 10 n°164 Aïn Chok Casablanca,Pharmacie Rania Casablanca,Casablanca,,Casablanca-AinChock
4242,Pharmacie Moukrim,0522213975,"lotiss. Mandarona, rue 30 n°60, Hay Inara I (Aïn Chok) Casablanca",Pharmacie Moukrim Casablanca,Casablanca,,Casablanca-AinChock
5212,Pharmacie Addiar,0522507519,"Hay Inara I, rue Addiar Al Jadida n°16 Casablanca",Pharmacie Addiar Casablanca,Casablanca,,Casablanca-AinChock
4989,Pharmacie Abdessalam,0522212736,"Hay Chrifa, rue 3 n°30 bis Casablanca",Pharmacie Abdessalam Casablanca,Casablanca,,Casablanca-AinChock
5478,Pharmacie Benghazi,0522522762,"quartier Californie, lotiss. Tanay rue 8 n°2 Casablanca",Pharmacie Benghazi Casablanca,Casablanca,,Casablanca-AinChock
5787,Pharmacie AlKindi,0522507257,"48, qu. les Crêtes, rue 1 lotiss. Hafdia Casablanca",Pharmacie AlKindi Casablanca,Casablanca,,Casablanca-AinChock
2121,Pharmacie Faculté Ain Chock,0522524576,avenue du Deux Mars   hay Hind rue 2 n°27 Aïn Chok Casablanca,Pharmacie Faculté Ain Chock Casablanca,Casablanca,,Casablanca-AinChock
1030,Pharmacie Acima Inara,0522874912,avenue du Deux Mars   c.com Acima Inara mag. B6 Aïn Chok Casablanca,Pharmacie Acima Inara Casablanca,Casablanca,,Casablanca-AinChock
1206,Pharmacie Des Dalias,0522527560,492 X boulevard Panoramique  Aïn Chok Casablanca,Pharmacie Des Dalias Casablanca,Casablanca,,Casablanca-AinChock
3873,Pharmacie Haquimi,0522213681,"Hay Inara I, lotiss. Scime, rue 12 n°130 Casablanca",Pharmacie Haquimi Casablanca,Casablanca,,Casablanca-AinChock
4970,Pharmacie Dakhla,0522501082,"91, bd Dakhla -ex H, Inara I Casablanca",Pharmacie Dakhla Casablanca,Casablanca,,Casablanca-AinChock
5225,Pharmacie Lumières,0522524029,550  bd El Qods (Inara)  Aïn Chok Casablanca,Pharmacie Lumières Casablanca,Casablanca,,Casablanca-AinChock
5629,Pharmacie AlImam Malek,0522213313,derb Lakrimate I   rue 28 n°64 Aïn Chok Casablanca,Pharmacie AlImam Malek Casablanca,Casablanca,,Casablanca-AinChock
4993,Pharmacie Oxygène,0522520774,"1 Bis, bd Oulad Haddou ang. bd Panoramique, quartier Crêtes Casablanca",Pharmacie Oxygène Casablanca,Casablanca,,Casablanca-AinChock
2050,Pharmacie Californie,0522521999,435  boulevard Panoramique  Aïn Chok Casablanca,Pharmacie Californie Casablanca,Casablanca,,Casablanca-AinChock
5422,Pharmacie Jnane Californie,0522871112,"quartier Californie, piste Tadart n°10 résid. Jnane Californie Casablanca",Pharmacie Jnane Californie Casablanca,Casablanca,09H A 00H,Casablanca-AinChock
1426,Pharmacie Hayfa,0522521922,122  rue Addiar Eljadida   rue 25  Casablanca,Pharmacie Hayfa Casablanca,Casablanca,09H A 00H,Casablanca-AinChock
3702,Pharmacie les Crêtes,0522212709,"hay Haddaouia I, Marché Haddaouia n°20 Casablanca",Pharmacie les Crêtes Casablanca,Casablanca,,Casablanca-AinChock
2454,Pharmacie Sabri,0522501125,378  avenue de Dakhla -ex H (Inara)   lotiss. Chrifa Aïn Chok Casablanca,Pharmacie Sabri Casablanca,Casablanca,,Casablanca-AinChock
301,Pharmacie Bab Lamsalla,0522872999,hay Moulay Abdallah (Ain Chok)   rue 15 n°7 Aïn Chok Casablanca,Pharmacie Bab Lamsalla Casablanca,Casablanca,,Casablanca-AinChock
5372,Pharmacie Mesk Ellil,0522871572,lotiss. Mouna   rue 4 n°44 Aïn chok Aïn Chok Casablanca,Pharmacie Mesk Ellil Casablanca,Casablanca,,Casablanca-AinChock
4314,Pharmacie du Port,0523304817,bd Ferhat Hachad ang. rue Ibn Toumart Mohammedia,Pharmacie du Port Mohammedia,Mohammedia,,Mohammedia
4290,Pharmacie des Facultés,0523301019,Pharmacie des Facultés MOHAMMEDIA,Pharmacie des Facultés Mohammedia,Mohammedia,,Mohammedia
3989,Pharmacie Chifa,0523282252,"hay hassania ii, bloc b, n°213 Mohammedia",Pharmacie Chifa Mohammedia,Mohammedia,,Mohammedia
3713,Pharmacie Ayour,0523310742,"18, bd Fès ang. bd Allal El Fassi Mohammedia",Pharmacie Ayour Mohammedia,Mohammedia,,Mohammedia
2861,Pharmacie AlFalah,0523283314,"1676, bd Riad  Mohammedia",Pharmacie AlFalah Mohammedia,Mohammedia,,Mohammedia
6864,Pharmacie Nasr,0523281677,"pharmacie nasr, bloc b numéro 2 rachidia 3, complexe zouhour Mohammedia",Pharmacie Nasr Mohammedia,Mohammedia,,Mohammedia
4847,Pharmacie Idrissi,0523032885,hay ennasr Mohammedia,Pharmacie Idrissi Mohammedia,Mohammedia,,Mohammedia
3151,Pharmacie AlMajd,0523312992,"34, bd Al Moukaouama, Riad I Mohammedia",Pharmacie AlMajd Mohammedia,Mohammedia,,Mohammedia
4532,Pharmacie Fedala,0523302014,"419, bloc 23, hay el falah, el alia Mohammedia",Pharmacie Fedala Mohammedia,Mohammedia,,Mohammedia
4866,Pharmacie Jamila,0523315128,"145, bd Tadla, derb Jamila Mohammedia",Pharmacie Jamila Mohammedia,Mohammedia,,Mohammedia
8231,Pharmacie Sarah,0523286281,"pharmacie sarah, hay errachidia 3, bloc a n°184 Mohammedia",Pharmacie Sarah Mohammedia,Mohammedia,,Mohammedia
7898,Pharmacie Riad,0523323605,"162, bd monastir, derb chabab Mohammedia",Pharmacie Riad Mohammedia,Mohammedia,,Mohammedia
7916,Pharmacie Riad El Ali,0523282815,riad essalam 32 bc Mohammedia,Pharmacie Riad El Ali Mohammedia,Mohammedia,,Mohammedia
4463,Pharmacie ElWahda,0523285840,"427, lotiss. Al Wahda, El Alia Mohammedia",Pharmacie ElWahda Mohammedia,Mohammedia,,Mohammedia
3949,Pharmacie Chabab,0523324441,"n° 2, bd el houria (liberté) bloc castor 3 Mohammedia",Pharmacie Chabab Mohammedia,Mohammedia,,Mohammedia
4375,Pharmacie El Idrissi,0523280385,"bd Mokhtar Soussi, hay Ennasr n°1 ElAlia Mohammedia",Pharmacie El Idrissi Mohammedia,Mohammedia,,Mohammedia
7631,Pharmacie Palestine,0523323073,"111, bd Palestine  Mohammedia",Pharmacie Palestine Mohammedia,Mohammedia,,Mohammedia
4428,Pharmacie ElJoulane,0523283827,"860, bd Palestine  Mohammedia",Pharmacie ElJoulane Mohammedia,Mohammedia,,Mohammedia
3774,Pharmacie Bismillah,0523280717,"hay Errachidia III, Ecran samir n°39 Alia Mohammedia",Pharmacie Bismillah Mohammedia,Mohammedia,,Mohammedia
2737,Pharmacie Al Mouna,0523323687,"340 bis, derb chabab Mohammedia",Pharmacie Al Mouna Mohammedia,Mohammedia,,Mohammedia
2684,Pharmacie Al Moqawama,0523314304,"numéro 16, bd de la résistance Mohammedia",Pharmacie Al Moqawama Mohammedia,Mohammedia,,Mohammedia
4730,Pharmacie Ibn Rochd,0523323129,"501, bd Abdelkrim Khattabi, El Alia Mohammedia",Pharmacie Ibn Rochd Mohammedia,Mohammedia,,Mohammedia
4637,Pharmacie Hay Erreda,0523287879,75 b lotissement reda MOHAMMEDIA,Pharmacie Hay Erreda Mohammedia,Mohammedia,,Mohammedia
4344,Pharmacie El Hassania,0523287661,"pharmacie elhassania, n° 165 bd la résistance hay hassania Mohammedia",Pharmacie El Hassania Mohammedia,Mohammedia,09H A 21H,Mohammedia
9203,Pharmacie la Liberté,0523320306,336  lotiss. El Houria  Lotissement houria Mohammedia - Maroc   ,Pharmacie la Liberté Mohammedia,Mohammedia,,Mohammedia
4857,Pharmacie Imane,0523283218,"628, bd al moukaouama, hassania 1 Mohammedia",Pharmacie Imane Mohammedia,Mohammedia,,Mohammedia
4332,Pharmacie El Ahl,0523327756,"394, bd la liberté lot.  al houria Mohammedia",Pharmacie El Ahl Mohammedia,Mohammedia,09H A 21H,Mohammedia
5620,Pharmacie Mekka,0523317192,"27, lotiss. Grini 1, ElAlia Mohammedia",Pharmacie Mekka Mohammedia,Mohammedia,,Mohammedia
4191,Pharmacie Derb Marrakech,0523322478,"bd al maghrib al arabi, bloc 11 n°50, el alia Mohammedia",Pharmacie Derb Marrakech Mohammedia,Mohammedia,,Mohammedia
489,Pharmacie Al Akssa,0523281080,"bd palestine, lotiss. ben hamdoun n°5 Mohammedia",Pharmacie Al Akssa Mohammedia,Mohammedia,,Mohammedia
8699,Pharmacie Youssef,0523287757,"138, Hay Hassania II, El Alia Mohammedia",Pharmacie Youssef Mohammedia,Mohammedia,,Mohammedia
6669,Pharmacie Moumen,0523284485,"bd Palestine, Lotiss. Moumen El Alia Mohammedia",Pharmacie Moumen Mohammedia,Mohammedia,,Mohammedia
5820,Pharmacie Mohammedia,0523284598,"1, bd Chourafa, Saada El Alia Mohammedia",Pharmacie Mohammedia Mohammedia,Mohammedia,,Mohammedia
4699,Pharmacie Ibn Nafis,0523303636,33 bloc 'b' bd monastir Mohammedia,Pharmacie Ibn Nafis Mohammedia,Mohammedia,,Mohammedia
4473,Pharmacie Essaâda,0523287127,"pharmacie essaâda, 242 bd oued eddahab hay essaada Mohammedia",Pharmacie Essaâda Mohammedia,Mohammedia,09H A 21H,Mohammedia
9118,Pharmacie Mesk Ellil,0523325454,39  lotiss. Mesk Ellil   Mohammedia - Maroc   ,Pharmacie Mesk Ellil Mohammedia,Mohammedia,09H A 21H,Mohammedia
4164,Pharmacie de l'Espoir,0523280369,"5, bd Sebta, douar Essafa Mohammedia",Pharmacie de l'Espoir Mohammedia,Mohammedia,,Mohammedia
9801,Pharmacie Laayoune,0520677181,"35, lotissement la gare Mohammedia - Maroc",Pharmacie Laayoune Mohammedia,Mohammedia,,Mohammedia
3945,Pharmacie Centrale,0523323231,"5, bd Sebta, résid. Laila ElAlia Mohammedia",Pharmacie Centrale Mohammedia,Mohammedia,,Mohammedia
106,Pharmacie Abderrahim,0523316136,169 lotissement moumen Mohammedia,Pharmacie Abderrahim Mohammedia,Mohammedia,,Mohammedia
7588,Pharmacie de l'Aeroport Mohammed V,0522538675,Aéroport Mohamed V   c.com.  NOUASSEUR,Pharmacie de l'Aeroport Mohammed V Nouasseur,Nouasseur,,Nouaceur
682,Pharmacie Lotissement Rabha,0671326735,lotissement Rabha Lot. n°2  mag. n°6   Deroua ouled ziane,Pharmacie Lotissement Rabha Deroua Ouled Ziane,Deroua Ouled Ziane,,Nouaceur
3032,Pharmacie la Min,0522515339,186  lotiss. Rabha   Deroua ouled ziane,Pharmacie la Min Deroua Ouled Ziane,Deroua Ouled Ziane,,Nouaceur
457,Pharmacie Nouaceur Parc,0522537232,résidence nouaceur parc Deroua,Pharmacie Nouaceur Parc Deroua,Deroua,,Nouaceur
1748,Pharmacie Nouaceur,0522538269,22  Marché Municipal   Nouasseur,Pharmacie Nouaceur Nouasseur,Nouasseur,,Nouaceur
3044,Pharmacie El Qods,0520040412,"lotissement saada, en face de hammam saada, près du café ecluse Deroua",Pharmacie El Qods Deroua,Deroua,,Nouaceur
9799,Pharmacie Kindil,0522537712,13  lotiss. Ennour - Autre ville   zone ?conomique  Nouasseur - Maroc,Pharmacie Kindil Nouasseur,Nouasseur,,Nouaceur
3216,Pharmacie El Faiz,0522515869,"50 khadija 2, deroua, en face de jardin publique nait.",Pharmacie El Faiz Deroua,Deroua,,Nouaceur
1979,Pharmacie Deroua,0522532177,46  Centre commercial   DEROUA OULED ZIANE,Pharmacie Deroua Deroua Ouled Ziane,Deroua Ouled Ziane,,Nouaceur
2222,Pharmacie Saada,0522532918,"fadaat saada, en face de riad al andalous  Deroua",Pharmacie Saada Deroua,Deroua,,Nouaceur
10090,Pharmacie l'Index,0522537367,"Pole urbain de Nouaceur Zone Economique EA37 Casablanca, Casablanca 27182",Pharmacie l'Index Casablanca ,Casablanca ,,Nouaceur
6908,Pharmacie Kenzi,0522532054,Lot. El Wafa n°244   Derroua  DEROUA OULED ZIANE,Pharmacie Kenzi Deroua Ouled Ziane,Deroua Ouled Ziane,,Nouaceur
564,Pharmacie Al Madina Monaoira,0522539401,"lot al hamd ea 257, près de lycée allal ben abdallah Deroua",Pharmacie Al Madina Monaoira Deroua,Deroua,,Nouaceur
5930,Pharmacie Chadli,0522532858,210  lot. ElWahda II   DEROUA OULED ZIANE,Pharmacie Chadli Deroua Ouled Ziane,Deroua Ouled Ziane,,Nouaceur
2140,Pharmacie Ben M'sik,0526145075,Lot Khadija   rue 2 n°5  Deroua ouled ziane,Pharmacie Ben M'sik Deroua Ouled Ziane,Deroua Ouled Ziane,,Nouaceur
9056,Pharmacie Ben M'sik,0522532058,Lot Khadija   rue 2 n°5  Deroua Ouled Ziane - Maroc   ,Pharmacie Ben M'sik Deroua ouled ziane,Deroua ouled ziane,,Nouaceur
8934,Pharmacie Centrale,0520276529,"pharmacie centrale, près de résidence riad andalous et en face de résidence saada Deroua",Pharmacie Centrale Deroua,Deroua,,Nouaceur
7901,Pharmacie Principale,0522532083,Deroua   bloc U n°1  DEROUA OULED ZIANE,Pharmacie Principale Deroua Ouled Ziane,Deroua Ouled Ziane,,Nouaceur
9680,Pharmacie Ryad Ahl Alwifaq,0522514083,"Lot 38 rue elwifak, Deroua",Pharmacie Ryad Ahl Alwifaq Deroua,Deroua,09H A 21H,Nouaceur
2176,Pharmacie Chawki,0522532756,"lotissement makhlouf 2 , numéro 43 deroua",Pharmacie Chawki Deroua,Deroua,,Nouaceur
1759,Pharmacie Régionale,0522514707,94  lotiss. Naït   n°4  Deroua ouled ziane,Pharmacie Régionale Deroua Ouled Ziane,Deroua Ouled Ziane,,Nouaceur
771,Pharmacie Illia,0522532757,lotissement khadija  prés de l'école valériane  Deroua,Pharmacie Illia Deroua,Deroua,,Nouaceur
6664,Pharmacie Hay Essalam,0540053014,26  lotiss. Essalam   DEROUA OULED ZIANE,Pharmacie Hay Essalam Deroua Ouled Ziane,Deroua Ouled Ziane,,Nouaceur
2904,Pharmacie Hay Salam,0623970778,"bd 18 novembre, numéro 26 lotissement salam, près du terrain de football Deroua",Pharmacie Hay Salam Deroua,Deroua,,Nouaceur
2759,Pharmacie Al Wafaa,0522532422,"n° 160, près de cih et wafa bank Deroua",Pharmacie Al Wafaa Deroua,Deroua,,Nouaceur
2727,Pharmacie Al Abawaine,0522514049,av. al wafaa Deroua,Pharmacie Al Abawaine Deroua,Deroua,,Nouaceur
9136,Pharmacie La Prevention,0522532631,4  lotiss. Makhlouf Nabila   Deroua Ouled Ziane - Maroc   ,Pharmacie La Prevention Deroua ouled ziane,Deroua ouled ziane,,Nouaceur
563,Pharmacie El Oumouma,0522542054,244 lotissement el wafaa (ouvert jusqu'à 1h00 du matin) Deroua,Pharmacie El Oumouma Deroua,Deroua,,Nouaceur
1848,Pharmacie El Houda,0522514558,440  lotiss. Deroua   Deroua ouled ziane,Pharmacie El Houda Deroua Ouled Ziane,Deroua Ouled Ziane,,Nouaceur
2332,Pharmacie Imad,0522532192,122  lotiss. Ennour   Deroua ouled ziane,Pharmacie Imad Deroua Ouled Ziane,Deroua Ouled Ziane,,Nouaceur
2404,Pharmacie Al Abrar,0522515040,lot. jawhara daroua. tel mobile: 0638370874 Deroua,Pharmacie Al Abrar Deroua,Deroua,,Nouaceur
8973,Pharmacie Casadiaa,0522537799,complexe commercial Casadiaa   Nouasseur - Maroc   ,Pharmacie Casadiaa Nouasseur,Nouasseur,,Nouaceur
2256,Pharmacie Mekka,0522031968,route nationale casa berrechid? nouaceur (0661618111) Deroua,Pharmacie Mekka Deroua,Deroua,,Nouaceur
432,Pharmacie AlMaghrib,0522514442,lotiss. Massira 1684  Deroua ouled ziane,Pharmacie AlMaghrib Deroua Ouled Ziane,Deroua Ouled Ziane,,Nouaceur
270,Pharmacie Al Jawhara,0522532755,"lotissement al jawhara, diar al mostaqbal, imm 7 numéro 35 Deroua",Pharmacie Al Jawhara Deroua,Deroua,,Nouaceur
1466,Pharmacie Lot. Rabha,0522515325,"lot rabha, 2, numéro 6 ? près du café amira Deroua",Pharmacie Lot. Rabha Deroua,Deroua,,Nouaceur
2397,Pharmacie Al Khair,0522532514,144 lotissement badr en face de station total Deroua,Pharmacie Al Khair Deroua,Deroua,,Nouaceur
1090,Pharmacie Al Mostaajalat,0522515943,lotissement haj tahar  près de hammam nasr Deroua,Pharmacie Al Mostaajalat Deroua,Deroua,,Nouaceur
3085,Pharmacie Hay El Menzeh,0522515184,"hay el menzeh, immeuble 2 numéro 1 (route souq alhad) Deroua",Pharmacie Hay El Menzeh Deroua,Deroua,,Nouaceur
9143,Pharmacie Oussama Aicha,0522514956,692  lotiss. Deroua   Deroua Ouled Ziane - Maroc   ,Pharmacie Oussama Aicha Deroua ouled ziane,Deroua ouled ziane,,Nouaceur
9129,Pharmacie Parc Ib,0522592359,Parc Industriel Cfcim   lot. n° 95 n°1  Bouskoura - Maroc   ,Pharmacie Parc Ib Bouskoura,Bouskoura,,Bouskoura
7378,Pharmacie Rachidi,0522320630,6  lotiss. Dalia   centre Bouskoura,Pharmacie Rachidi Bouskoura,Bouskoura,,Bouskoura
9466,Pharmacie de Gluta,0676962998,,Pharmacie de Gluta Bouskoura,Bouskoura,09H A 21H,Bouskoura
8546,Pharmacie Tlet Bouskoura,0522334405,r.s 109 centre Bouskoura   P.k 17 400,Pharmacie Tlet Bouskoura Bouskoura,Bouskoura,09H A 21H,Bouskoura
6036,Pharmacie ElMasjid,0522590401,20180 Centre Bouskoura,Pharmacie ElMasjid Bouskoura,Bouskoura,,Bouskoura
9453,Pharmacie El Masjid,0672777524,,Pharmacie El Masjid Bouskoura ,Bouskoura,09H A 21H,Bouskoura
820,Pharmacie Achorafaa,0522320557,Pharmacie Achorafaa BOUSKOURA,Pharmacie Achorafaa Bouskoura,Bouskoura,,Bouskoura
9452,Pharmacie & Parapharmacie MARIA,0522334523,"Km 13.5, centre, P3011, Bouskoura",Pharmacie & Parapharmacie MARIA  Bouskoura,Bouskoura,09H A 21H,Bouskoura
6895,Pharmacie Maria,0522334661,Bouskoura centre,Pharmacie Maria Bouskoura,Bouskoura,,Bouskoura
9450,Pharmacie Elomari ABC,0522590039,"km114.bouskoura, Casablanca 20000",pharmacie ELOMARI ABC Bouskoura,Bouskoura,09H A 21H,Bouskoura
9462,Pharmacie Fouadi,0522590096,,Pharmacie Fouadi Bouskoura,Bouskoura,garde 24h/24,Bouskoura
9467,Pharmacie Ryad,0707724288,"4, immeuble 9, Rés. Jazirat bouskoura. Bouskoura Grand, Casablanca",Pharmacie Ryad Bouskoura,Bouskoura,09H A 21H,Bouskoura
9144,Pharmacie Al Hamd,0522590064,2  z.i. Oulad Saleh   Bouskoura - Maroc   ,Pharmacie Al Hamd Bouskoura,Bouskoura,,Bouskoura
2366,Pharmacie Chokr,0522590381,K140  douar Ouled Malek   km 14  BOUSKOURA,Pharmacie Chokr Bouskoura,Bouskoura,,Bouskoura
9455,Pharmacie Dyar Al Andalous,0522334981,,Pharmacie Dyar Al Andalous Bouskoura,Bouskoura,garde 24h/24,Bouskoura
9456,Pharmacie Boujaadia,0520046182,"F928+X38, lahouami bahila, Bouskoura",Pharmacie Boujaadia Bouskoura,Bouskoura,09H A 21H,Bouskoura
9468,Pharmacie Bouskoura Mall Les Myriades,0661894002,"A3, Pharmacie Les Myriades , Local CM1 , Pharmacie de Garde Bouskoura Casablanca, Bouskoura 27182",Pharmacie Bouskoura Mall Les Myriades Bouskoura,Bouskoura,09H A 21H,Bouskoura
9463,Pharmacie Mansouria,0808627768,"N°46, Rés Bassatine Bouskoura, GH6a-25 imm 2, Bouskoura",Pharmacie Mansouria Bouskoura,Bouskoura,09H A 21H,Bouskoura
6346,Pharmacie Hanifa,0668962997,Pharmacie Hanifa BOUSKOURA,Pharmacie Hanifa Bouskoura,Bouskoura,,Bouskoura
1311,Pharmacie Al Miftah,0522320124,Pharmacie Al Miftah BOUSKOURA,Pharmacie Al Miftah Bouskoura,Bouskoura,,Bouskoura
9454,Pharmacie Zemmama,0690125806,,Pharmacie Zemmama Bouskoura,Bouskoura,garde 24h/24,Bouskoura
6361,Pharmacie Ibn Rochd,0522334267,hay ElJamaâ   n°2  BOUSKOURA,Pharmacie Ibn Rochd Bouskoura,Bouskoura,,Bouskoura
6678,Pharmacie Kenz Bouskoura,0522782021,lotiss. Izdihar   bloc 1  Bouskoura,Pharmacie Kenz Bouskoura Bouskoura,Bouskoura,,Bouskoura
9464,Pharmacie Principale ,0520120752,"Diar Andalous 3, GH9, Immeuble 6, Magasin 20, Bouskoura",Pharmacie Principale Bouskoura ,Bouskoura ,09H A 21H,Bouskoura
1638,Pharmacie Annassira,0522320301,K160  douar AlFokra   km16  BOUSKOURA,Pharmacie Annassira Bouskoura,Bouskoura,,Bouskoura
6776,Pharmacie Lahfaya,0522970380,K100  rte Mediouna   km 10  Mekanssa 1  Bouskoura,Pharmacie Lahfaya Bouskoura,Bouskoura,,Bouskoura
9574,Pharmacie Andalous Bouskoura,0522320964,"Diar andalous 3, Gh7 immeuble 4. En face de l'hôpital de proximité de Nouaceur, ruelle de carrefour market Bouskoura puis deuxième à gauche.",Pharmacie Andalous Bouskoura Bouskoura,Bouskoura,,Bouskoura
9165,Pharmacie Pharmaparc,0522320959,Park Industriel de Ouled Saleh   Bouskoura - Maroc   ,Pharmacie Pharmaparc Bouskoura,Bouskoura,,Bouskoura
9465,Pharmacie Andalous Prestige,0659287127,"Lot Andalous prestige GH5 imm 8 magasin 44 bouskoura Bouskoura, Casablanca 27182",Pharmacie Andalous Prestige Bouskoura,Bouskoura,09H A 00H,Bouskoura
6250,Pharmacie Enassiha,0522970157,bd Mohammed VI   hay Mkanssa I bloc c rue 10 n° 23  Bouskoura,Pharmacie Enassiha Bouskoura,Bouskoura,,Bouskoura
9351,Pharmacie Eden Bouskoura,0522320103,Ouled Ben Amer   Bouskoura - Maroc   ,Pharmacie Eden Bouskoura Bouskoura,Bouskoura,,Bouskoura
6765,Pharmacie Laamamra,0522334415,douar Laamamra   mosquée Al Kawtar Oulad Saleh  Bouskoura,Pharmacie Laamamra Bouskoura,Bouskoura,,Bouskoura
9178,Pharmacie Chaimae,0522320192,douar Rmal Lahlal   Bouskoura - Maroc   ,Pharmacie Chaimae Bouskoura,Bouskoura,,Bouskoura
7467,Pharmacie Rmal Lahlal,0522590010,Route 1077   Douar Rmal Lahlal  BOUSKOURA,Pharmacie Rmal Lahlal Bouskoura,Bouskoura,,Bouskoura
6072,Pharmacie Al Markaz Assehi,0522969387,Pharmacie Al Markaz Assehi SIDI RAHAL,Pharmacie Al Markaz Assehi Sidi Rahal,Sidi Rahal,,Bouskoura
9445,Pharmacie la plaza,0666747462,"28 lot arbora la plaza de bouskoura Viller verte Bouskoura, Casablanca 27182",Pharmacie la plaza bouskoura,Bouskoura,09H A 21H,Bouskoura
9568,Pharmacie Jamal,0522784742,94  lotiss. Abdelhafid   mag. 5 Hay sidi maarouf 1  Casablanca - Maroc,Pharmacie Jamal Casablanca,Casablanca,,Bouskoura
9446,Pharmacie les Joyaux de Bouskoura,0520616171,"Résidence les joyaux de Bouskoura Imm C magasin, Bouskoura",Pharmacie les Joyaux de Bouskoura Bouskoura,Bouskoura,09H A 21H,Bouskoura
4628,Pharmacie Ali,0522973928,"rte 1029 , Km 4,6 Ouled Haddou Sidi Maârouf Casablanca",Pharmacie Ali Casablanca,Casablanca,,Bouskoura
9471,Pharmacie Alhamdo Lillah ,0522290949,123 lotiss. Ansari Dar Bouazza,Pharmacie Alhamdo Lillah Dar Bouazza,Dar Bouazza,09H A 21H,DarBouazza
9469,Pharmacie Dar el Kenz,0703753426,"Résidence Dar El Kenz ,101-1, ImmE2, Casablanca 27223",Pharmacie Dar el Kenz Dar Bouazza,Dar Bouazza,09H A 00H,DarBouazza
2662,Pharmacie des Darbistes,0522292859,Lot Nawras   Dar Bouazza,Pharmacie des Darbistes Dar Bouazza,Dar Bouazza,,DarBouazza
2174,Pharmacie Zine El Abidine,0522965479,K140  route d'Azemmour   Km.14  Ouled Azzouz  Dar bouazza,Pharmacie Zine El Abidine Dar Bouazza,Dar Bouazza,,DarBouazza
2912,Pharmacie Jad,0522930520,K160  route d' El jadida   km 16  douar Oulad Azzouz  Dar bouazza,Pharmacie Jad Dar Bouazza,Dar Bouazza,,DarBouazza
1200,Pharmacie Belhadhoud,0522900167,135  lotiss. Annakhil - Autre ville   Madinat Arrahma  Dar bouazza,Pharmacie Belhadhoud Dar Bouazza,Dar Bouazza,,DarBouazza
2316,Pharmacie Al Oumrane,0526996629,Rte Côtière dar Couche   Dar bouazza,Pharmacie Al Oumrane Dar Bouazza,Dar Bouazza,,DarBouazza
7368,Pharmacie Azur,0522065454,Pharmacie Azur DAR BOUAZZA,Pharmacie Azur Dar Bouazza,Dar Bouazza,,DarBouazza
2825,Pharmacie Camping Tamaris,0522330063,K190  rte d'Azemmour ang. rte Tamaris 1  km 19  Dar bouazza,Pharmacie Camping Tamaris Dar Bouazza,Dar Bouazza,,DarBouazza
9773,Pharmacie Bahaedinne,0522655672,K140  rte El Jadida   km 14  cplxe r?sidentiel El Fajr  mag 6  Ouled Ahmed  Dar Bouazza - Maroc,Pharmacie Bahaedinne Dar bouazza,Dar bouazza,,DarBouazza
1455,Pharmacie Benzit,0522961978,Route d'Azemour   Km 1350  Dar bouazza,Pharmacie Benzit Dar Bouazza,Dar Bouazza,,DarBouazza
1920,Pharmacie du Littoral,0522290433,rte d'azemmour   c.com. dar Bouazza,Pharmacie du Littoral Dar Bouazza,Dar Bouazza,,DarBouazza
7185,Pharmacie Camping Tamaris,0661336000,Pharmacie Camping Tamaris DAR BOUAZZA,Pharmacie Camping Tamaris Dar Bouazza,Dar Bouazza,,DarBouazza
2154,Pharmacie Madinat Arrahma,0522587399,douar Oulad Azzouz   rte My Thami Dhouba  DAR BOUAZZA,Pharmacie Madinat Arrahma Dar Bouazza,Dar Bouazza,,DarBouazza
7605,Pharmacie Dar Bouazza,0522290174,douar Lahlalfa   ouled Jarrar  DAR BOUAZZA,Pharmacie Dar Bouazza Dar Bouazza,Dar Bouazza,,DarBouazza
2028,Pharmacie Azur,0522965454,K160  rte d'Azemmour   km 16  Dar bouazza,Pharmacie Azur Dar Bouazza,Dar Bouazza,,DarBouazza
91,Pharmacie Masjid Essalam,0522587017,K130  route d' El jadida   km 13  mosquée Iraqi  Oulad Azzouz  Dar bouazza,Pharmacie Masjid Essalam Dar Bouazza,Dar Bouazza,,DarBouazza
951,Pharmacie Jack Beach,0522290517,Jack Beach   Dar bouazza,Pharmacie Jack Beach Dar Bouazza,Dar Bouazza,09H A 21H,DarBouazza
8555,Pharmacie Oulad Jarrar,0522290803,Village pilote   Passage Al Yamane n°39  DAR BOUAZZA,Pharmacie Oulad Jarrar Dar Bouazza,Dar Bouazza,09H A 21H,DarBouazza
1391,Pharmacie Berray,0522290592,K190  Centre dar Bouazza   Km 19  Front Bâti  Imm. C,Pharmacie Berray Dar Bouazza,Dar Bouazza,,DarBouazza
9473,Pharmacie Aquaparc,0522290011,Km 14 Rte d'Azemmour، 20100,Pharmacie Aquaparc Dar Bouazza,Dar Bouazza,09H A 21H,DarBouazza
9665,Pharmacie Hejjami,0522290393,Allee des Oliviers,Pharmacie Hejjami Dar Bouazza,Dar Bouazza,09H A 21H,DarBouazza
9474,Pharmacie Bayt Al Ikhlass,0522292821,"Route Moulay Thami, Casablanca 20250",Pharmacie Bayt Al Ikhlass Dar Bouazza,Dar Bouazza,09H A 21H,DarBouazza
1928,Pharmacie Espace Essaada,0522965693,282  projet Fadaat AlMohit 2   Madinat Arrahma  Dar bouazza,Pharmacie Espace Essaada Dar Bouazza,Dar Bouazza,,DarBouazza
1131,Pharmacie Latif,0522961598,Route d'Azemmour   G.H Massakinouna   EQ4B  mag.n°1  Dar bouazza,Pharmacie Latif Dar Bouazza,Dar Bouazza,,DarBouazza
9128,Pharmacie Bathami,0522965869,K135  rte My Thami   Km 13 500  douar Hart El Ghaba  Dar Bouazza - Maroc   ,Pharmacie Bathami Dar bouazza,Dar bouazza,,DarBouazza
9664,pharmacie du château,0522292978,"lot 119 zone industrielle, Dar Bouaza",pharmacie du château Dar Bouazza,Dar Bouazza,09H A 21H,DarBouazza
1395,Pharmacie Les Terrasses Marines,0522291087,Route d'Azemmour   résid. les Terrasses Marines  Orée de Parc  Dar bouazza,Pharmacie Les Terrasses Marines Dar Bouazza,Dar Bouazza,,DarBouazza
2248,Pharmacie les Jardins de l'Océan,0522290829,K150  rte d'Azemmour   km 15  Dar bouazza,Pharmacie les Jardins de l'Océan Dar Bouazza,Dar Bouazza,,DarBouazza
6313,Pharmacie Tamaris,0522937004,K220  rte d'azemmour   Km 22 carrière Benabid  DAR BOUAZZA,Pharmacie Tamaris Dar Bouazza,Dar Bouazza,,DarBouazza
8167,Pharmacie Oued Marzag,0522290677,K095  rte d' Azemmour   km 9 5  DAR BOUAZZA,Pharmacie Oued Marzag Dar Bouazza,Dar Bouazza,,DarBouazza
629,Pharmacie Fassih,0520011192,K180  rte El Jadida   km 18  Ouled Azzouz  Dar bouazza,Pharmacie Fassih Dar Bouazza,Dar Bouazza,,DarBouazza
9583,Pharmacie Belhadhoud,0529837417,135  lotiss. Annakhil    Madinat Arrahma  Dar Bouazza - Maroc,Pharmacie Belhadhoud Dar bouazza,Dar bouazza,,DarBouazza
9578,Pharmacie Belhadhoud,0529837417,135  lotiss. Annakhil    Madinat Arrahma  Dar Bouazza - Maroc,Pharmacie Belhadhoud Dar bouazza,Dar bouazza,,DarBouazza
6244,Pharmacie Brahma,0522969146,Pharmacie Brahma DAR BOUAZZA,Pharmacie Brahma Dar Bouazza,Dar Bouazza,,DarBouazza
469,Pharmacie Belair,0522965983,46  lotiss. Al Alia   Dar bouazza,Pharmacie Belair Dar Bouazza,Dar Bouazza,,DarBouazza
6998,Pharmacie ElAbidine,0522290371,K110  rte d'Azemmour   km 11  DAR BOUAZZA,Pharmacie ElAbidine Dar Bouazza,Dar Bouazza,,DarBouazza
9112,Pharmacie Mosquée Rahma,0522894499,K030  rte My Thami   Cimetière Rahma km 3  Dar Bouazza - Maroc   ,Pharmacie Mosquée Rahma Dar bouazza,Dar bouazza,,DarBouazza
4552,Pharmacie Anis,0522906404,"rte Mly Thami , km 13, douar Chhouba Dar bouazza",Pharmacie Anis Dar Bouazza,Dar Bouazza,,DarBouazza
827,Pharmacie Ibn Zaidoune,0700884447,hay El Oulfa   Chhoubat Rte Mly Thami n°343 Oulfa Casablanca,Pharmacie Ibn Zaidoune Casablanca,Casablanca,,DarBouazza
3883,Pharmacie El Kissaria,0522533684,"35, ali ibn talib Berrechid",Pharmacie El Kissaria Berrechid,Berrechid,,Berrechid
3628,Pharmacie Chaouia,0522336822,"1-2 mosquée riad, hay riad, hay zoubida, en face du centre commercial acima Berrechid",Pharmacie Chaouia Berrechid,Berrechid,,Berrechid
3604,Pharmacie Chaouia,0522337229,"182, av moulay ismail Berrechid",Pharmacie Chaouia Berrechid,Berrechid,,Berrechid
2647,Pharmacie Al Masjid,0522337558,"rue yacoub almansour , imm. habous Berrechid",Pharmacie Al Masjid Berrechid,Berrechid,,Berrechid
9501,Pharmacie AlMasjid,0522328616,16/17  rue Yacoub Almansour   imm. Habous  Berrechid - Maroc   ,Pharmacie AlMasjid Berrechid,Berrechid,,Berrechid
4033,Pharmacie Fatima,0522337777,rue Okba Bnou Nafia ang. rue Médina Berrechid,Pharmacie Fatima Berrechid,Berrechid,,Berrechid
4999,Pharmacie Nouvelle,0522324140,Pharmacie Nouvelle BERRECHID,Pharmacie Nouvelle Berrechid,Berrechid,,Berrechid
4840,Pharmacie Najah,0522337404,"156, bd Mohammed V  Berrechid",Pharmacie Najah Berrechid,Berrechid,,Berrechid
3634,Pharmacie Chifaa,0522337962,"17, rue Bir Anzarane  Berrechid",Pharmacie Chifaa Berrechid,Berrechid,,Berrechid
3840,Pharmacie du souk,0522337141,"bd. Abdellah Chefchaouni , hay Hassani Berrechid",Pharmacie du souk Berrechid,Berrechid,,Berrechid
10138,Pharmacie Sedra,0522517025,156. lotisement adouz. pres du mosquée oum l3id Berrechid,Pharmacie Sedra Berrechid,Berrechid,,Berrechid
3965,Pharmacie ElOualidaine,0522334779,Pharmacie ElOualidaine BERRECHID,Pharmacie ElOualidaine Berrechid,Berrechid,,Berrechid
3119,Pharmacie AlFalah,0522337464,"209, bd Rachidi , Tissir II Berrechid",Pharmacie AlFalah Berrechid,Berrechid,,Berrechid
2492,Pharmacie Al Manzah,0522328287,"hay errabii , résid. el menzeh imm.a n°5 Berrechid",Pharmacie Al Manzah Berrechid,Berrechid,,Berrechid
5068,Pharmacie Ouled Said,0665945559,Pharmacie Ouled Said BERRECHID,Pharmacie Ouled Said Berrechid,Berrechid,,Berrechid
4008,Pharmacie Errabii,0522336900,"173, bd. Hiraa , lotiss. Errabii Berrechid",Pharmacie Errabii Berrechid,Berrechid,,Berrechid
4197,Pharmacie Hay Elfaraj,0522534909,Lotiss. ElFaraj  Berrechid,Pharmacie Hay Elfaraj Berrechid,Berrechid,,Berrechid
3703,Pharmacie Conservation,0522324571,"18, rue de la Gare , Lotiss. Laamiri Berrechid",Pharmacie Conservation Berrechid,Berrechid,,Berrechid
3527,Pharmacie Attanaouia,0522324594,"123, bd AlMoukaouama , lot Ennour Berrechid",Pharmacie Attanaouia Berrechid,Berrechid,,Berrechid
3447,Pharmacie Arrazi,0522326839,"118 bis, bd bir anzarane BERRECHID",Pharmacie Arrazi Berrechid,Berrechid,,Berrechid
3258,Pharmacie Alia,0522324838,"4, bd Mohammed V , imm. F cité ElWahda Berrechid",Pharmacie Alia Berrechid,Berrechid,,Berrechid
1506,Pharmacie Al Hikma,0522533121,"lotis. elyousr , lot.35 n°41 Berrechid",Pharmacie Al Hikma Berrechid,Berrechid,,Berrechid
141,Pharmacie 2000,0522533605,"22, bd mohammed v Berrechid",Pharmacie 2000 Berrechid,Berrechid,,Berrechid
932,Pharmacie Al Farabi,0522336214,"lot. Essafi n° 26 , lot. n° 26 rue 3 Berrechid",Pharmacie Al Farabi Berrechid,Berrechid,,Berrechid
4248,Pharmacie Ibn Rochd,0522327047,"30, rue Mly Idriss AlAzhar  Berrechid",Pharmacie Ibn Rochd Berrechid,Berrechid,,Berrechid
3863,Pharmacie El Iraqui,0522328345,"267, rue dakhla Berrechid",Pharmacie El Iraqui Berrechid,Berrechid,,Berrechid
5483,Pharmacie Riad Benchayeb,0522337310,"n°8, riad ben chaib 5 , n°152. lotissement assafaa Berrechid",Pharmacie Riad Benchayeb Berrechid,Berrechid,,Berrechid
977,Pharmacie Al Hamd,0522533282,"lotiss. almandar aljamil , bd mennan, n°146g Berrechid",Pharmacie Al Hamd Berrechid,Berrechid,,Berrechid
4415,Pharmacie Isis,0522533171,"143, lotiss. Wafiq  Berrechid",Pharmacie Isis Berrechid,Berrechid,,Berrechid
5538,Pharmacie Saïdi,0522337171,"hay Essaâda , lot. Abou Rahal n°13 Berrechid",Pharmacie Saïdi Berrechid,Berrechid,,Berrechid
3321,Pharmacie Al-Oum,0522324176,"52, bd ElHouria, Maghrib Eljadid  Berrechid",Pharmacie Al-Oum Berrechid,Berrechid,,Berrechid
4016,Pharmacie Ezzahra,0522328039,"68, bd Hassan ibnou Tabit , lot Ezzahra Berrechid",Pharmacie Ezzahra Berrechid,Berrechid,,Berrechid
4616,Pharmacie Malaika,0522336357,"hay moulay rachid, mosquée rayan n°5 et 6 Berrechid",Pharmacie Malaika Berrechid,Berrechid,,Berrechid
5222,Pharmacie Principale,0522327838,"bd 2 mars , hay Al Houda, derb Tahri Berrechid",Pharmacie Principale Berrechid,Berrechid,,Berrechid
1673,Pharmacie Al Houria,0522328328,"7, bd Al Houria , Tissir I Berrechid",Pharmacie Al Houria Berrechid,Berrechid,,Berrechid
3592,Pharmacie Bir Anzarane,0522533353,"bd Bir Anzarane , cplxe Riad Benchaib, imm.3 n°21 Berrechid",Pharmacie Bir Anzarane Berrechid,Berrechid,,Berrechid
4571,Pharmacie Le Grand Boulevard,0522035959,"n°345, boulevard mohammed5, lotissement nassrallah, al rabie Berrechid",Pharmacie Le Grand Boulevard Berrechid,Berrechid,,Berrechid
3580,Pharmacie Berrechid,0522324068,"93, bd. Mohammed V , Cité ElKadiri Berrechid",Pharmacie Berrechid Berrechid,Berrechid,,Berrechid
4470,Pharmacie Koulnass,0522328053,"104, rue halab , lot 264 tissir i Berrechid",Pharmacie Koulnass Berrechid,Berrechid,,Berrechid
4461,Pharmacie Khadraoui,0522328730,"642, rue Med El Haloui , Tissir II Berrechid",Pharmacie Khadraoui Berrechid,Berrechid,,Berrechid
5256,Pharmacie Ibn Nafis,0537720657,"12, rue Jazirat Al Arab  Rabat",Pharmacie Ibn Nafis Rabat,Rabat,,Rabat-Centre
9910,Pharmacie des orangers,0537260227,"189 Av. Hassan II, Rabat 10000",Pharmacie des orangers Rabat,Rabat,,Rabat-Centre
3868,Pharmacie Bon Secours,0537722363,Pharmacie Bon Secours RABAT,Pharmacie Bon Secours Rabat,Rabat,,Rabat-Centre
3959,Pharmacie Centrale,0537724395,,Pharmacie Centrale Rabat,Rabat,,Rabat-Centre
3691,Pharmacie Bab Jdid,0537726227,"265, avenue Mohammed V, Legza Rabat",Pharmacie Bab Jdid Rabat,Rabat,,Rabat-Centre
7759,Pharmacie Rennaissance,0537722422,356 bd mohamed v  Rabat,Pharmacie Rennaissance Rabat,Rabat,,Rabat-Centre
6003,Pharmacie Marassa,0537201963,angle avenue misr et rue qobross Rabat,Pharmacie Marassa Rabat,Rabat,,Rabat-Centre
3378,Pharmacie Almaghreb Alarabi,0537732637,"25, avenue Maghrib Al Arabi  Rabat",Pharmacie Almaghreb Alarabi Rabat,Rabat,,Rabat-Centre
7520,Pharmacie AlMaghreb AlArabi,0537600765,Pharmacie AlMaghreb AlArabi TEMARA,Pharmacie AlMaghreb AlArabi Témara,Témara,,Rabat-Centre
8568,Pharmacie Universelle,0808508679,"1, avenue allal ben abdellah  Rabat",Pharmacie Universelle Rabat,Rabat,,Rabat-Centre
9506,Pharmacie Guedira,0537730300,"Av. Allal Ben Abdellah, Rabat",Pharmacie Guedira Rabat,Rabat,,Rabat-Centre
4243,Pharmacie de la Résistance,0537724055,,Pharmacie de la Résistance Rabat,Rabat,,Rabat-Centre
4319,Pharmacie de Rabat,0537707468,Pharmacie de Rabat,Pharmacie de Rabat Rabat,Rabat,,Rabat-Centre
4800,Pharmacie ElAmine,0537726932,"281, avenue Hassan II  Rabat",Pharmacie ElAmine Rabat,Rabat,,Rabat-Centre
5309,Pharmacie Ibn Toumerte,0537702095,bd ibn toumerte les orangers près clinique al boustane et l'école badr Rabat,Pharmacie Ibn Toumerte Rabat,Rabat,,Rabat-Centre
2187,Pharmacie Al Jazaa,0537721002,75 -77 avenue mohammed v al jazaa rabat medina,Pharmacie Al Jazaa Rabat,Rabat,,Rabat-Centre
7418,Pharmacie Normale,0537707765,"21, av. allal ben abdellah Rabat",Pharmacie Normale Rabat,Rabat,,Rabat-Centre
4520,Pharmacie Diour Jamaa,0537261668,rue tahiti sur avenue hassan ii Rabat,Pharmacie Diour Jamaa Rabat,Rabat,,Rabat-Centre
8256,Pharmacie Souika,0537703036,"172, rue souika mag n°5 - medina  Rabat",Pharmacie Souika Rabat,Rabat,,Rabat-Centre
8621,Pharmacie Zahra,0537708103,"12, av prince my abdellah Rabat",Pharmacie Zahra Rabat,Rabat,,Rabat-Centre
9877,Pharmacie Maghrebine ( Ex Hopital ),0537725368,"18 Place des alliés Océan, Rabat",Pharmacie Maghrebine ( Ex Hopital ) Rabat,Rabat,garde 24h/24,Rabat-Centre
3938,Pharmacie Boukroune,0537722468,"12, rue Bouqroun  Rabat",Pharmacie Boukroune Rabat,Rabat,,Rabat-Centre
10096,Pharmacie Fellat,0537720887,16 place de Russia (Russie) Rabat,Pharmacie Fellat Rabat,Rabat,,Rabat-Centre
5042,Pharmacie Gharbia,0537201650,"35 rue karatchi ocean (sania gharbia) prés de la joutia des (motos) 
et de la cimetiére achouhada Rabat",Pharmacie Gharbia Rabat,Rabat,,Rabat-Centre
7629,Pharmacie Rabat Ville,0537706375,4 av moulay youssef  (entre gare rabat ville & bab rouahet en face de l'hôtel belere) -,Pharmacie Rabat Ville Rabat,Rabat,,Rabat-Centre
3796,Pharmacie Berbich,0537260772,"12 bis, avenue  alghazali  quartier les orangers 
(en face du centre commercial les orangers) Rabat",Pharmacie Berbich Rabat,Rabat,,Rabat-Centre
1614,Pharmacie Al Hikma,0537293392,"1376, quartier Amal 5, Al Massira Rabat",Pharmacie Al Hikma Rabat,Rabat,,Rabat-Centre
5460,Pharmacie la Corniche,0537729744,n°4 rue adis ababa route cotière (prés visite technique d'auto mobiles) Rabat,Pharmacie la Corniche Rabat,Rabat,,Rabat-Centre
7359,Pharmacie Napoli,0537720859,,Pharmacie Napoli Rabat,Rabat,,Rabat-Centre
4232,Pharmacie de la médina,0537727062,6 bis rue bab chellah Rabat,Pharmacie de la médina Rabat,Rabat,,Rabat-Centre
2264,Pharmacie Al Mamoune,0537560315,"rue al anisse, guich loudaya Rabat",Pharmacie Al Mamoune Rabat,Rabat,,Rabat-Centre
4040,Pharmacie Cherqi,0537207474,100-100 bis avenue laalou medina Rabat,Pharmacie Cherqi Rabat,Rabat,,Rabat-Centre
3734,Pharmacie Belmahi,0537722650,"1, rue tonkin (av madagascar)
prés l'école andre malraux et marché diour jamaa Rabat",Pharmacie Belmahi Rabat,Rabat,,Rabat-Centre
4010,Pharmacie Chellah,0537724723,"2, place de Melilya  Rabat",Pharmacie Chellah Rabat,Rabat,,Rabat-Centre
4622,Pharmacie Du Minaret,0537726495,252 avenue Hassan II Rabat,Pharmacie Du Minaret Rabat,Rabat,,Rabat-Centre
5710,Pharmacie Les Arcades,0537724222,44 bis av pasteur (angle av pasteur et av la victoire) Rabat,Pharmacie Les Arcades Rabat,Rabat,,Rabat-Centre
4633,Pharmacie du Théâtre,0537702794,11 rue haj abdeslam kabbaj ex rue al marj  Rabat,Pharmacie du Théâtre Rabat,Rabat,,Rabat-Centre
5509,Pharmacie La Grande Pharmacie,0537709148,rue abou fariss al marini Rabat,Pharmacie La Grande Pharmacie Rabat,Rabat,,Rabat-Centre
43,Pharmacie Abdelkrim ElKhattabi,0537203881,"272, avenue Abdelkrim Al Khattabi, Océan Rabat",Pharmacie Abdelkrim ElKhattabi Rabat,Rabat,,Rabat-Centre
4338,Pharmacie des Cités,0537560335,lotissement warda Rabat,Pharmacie des Cités Rabat,Rabat,,Rabat-Centre
5735,Pharmacie les Ministères d'Agdal,0537682562,11 cité de la garde agdal  Rabat,Pharmacie les Ministères d'Agdal Rabat,Rabat,,Rabat-Agdal
5753,Pharmacie L'etoile,0537671414,"rue el amir abde kader, (en face salle allal el fassi)
ex salle soumaya - a côté du centre culturel de l'agdal Rabat",Pharmacie L'etoile Rabat,Rabat,garde 24h/24,Rabat-Agdal
5095,Pharmacie Guennoun,0537698002,rés oum keltoum 175 av hassan ii  Rabat,Pharmacie Guennoun Rabat,Rabat,,Rabat-Agdal
3499,Pharmacie Anasse,0537298899,résidence ifrane av hassan ii mag d3 (a côté de la nouvelle gare rabat agdal),Pharmacie Anasse Rabat,Rabat,,Rabat-Agdal
5733,Pharmacie Les Iris,0537776290,"33 av. ibn sina (entre clinique agdal et ecole mohammadia
des ingénieurs) Rabat",Pharmacie Les Iris Rabat,Rabat,,Rabat-Agdal
5006,Pharmacie gare Agdal,0537774220,rue abderrahmane ghafiki a l’intérieur de la gare al boraq accÈs porte cÔtÉ agdal - Rabat,Pharmacie gare Agdal Rabat,Rabat,,Rabat-Agdal
8104,Pharmacie Agdal,0528260153,Pharmacie Agdal MASSA,Pharmacie Agdal Massa,Massa,,Rabat-Agdal
4539,Pharmacie du 16 novembre,0537670024,16.av du 16 novembre - haut agdal (prés du kitea) Rabat,Pharmacie du 16 novembre Rabat,Rabat,,Rabat-Agdal
3939,Pharmacie C.h.u,0537672532,16.av ibnourochd (en face de l’hôpital d’enfant) Rabat,Pharmacie C.h.u Rabat,Rabat,,Rabat-Agdal
5282,Pharmacie Ibn Sina,0537672016,angle av fal oueld oumeir et av.atlas  Rabat,Pharmacie Ibn Sina Rabat,Rabat,,Rabat-Agdal
3240,Pharmacie AlAlfiya,0537673796,"15, avenue de Michlifen  Rabat",Pharmacie AlAlfiya Rabat,Rabat,,Rabat-Agdal
3325,Pharmacie AlIntilak,0537295377,"5, bd Mohamed Triki, résid. Attaisir Rabat",Pharmacie AlIntilak Rabat,Rabat,,Rabat-Agdal
9140,Pharmacie Michlifen,0537672687,2  avenue de Michlifen   Rabat - Maroc   ,Pharmacie Michlifen Rabat,Rabat,,Rabat-Agdal
3251,Pharmacie AlAnbar,0537292770,Pharmacie AlAnbar RABAT,Pharmacie AlAnbar Rabat,Rabat,,Rabat-Agdal
8155,Pharmacie Sayarh,0537292876,Pharmacie Sayarh RABAT,Pharmacie Sayarh Rabat,Rabat,,Rabat-Agdal
4029,Pharmacie Chem's,0632322026,"19, rue Al Moujahid Al Ayachi, hay Phosphate, Akkari Rabat",Pharmacie Chem's Rabat,Rabat,,Rabat-Agdal
4078,Pharmacie Choukro Allah,0537290543,"9 Bis, quartier Al Kouass, bloc DG Rabat",Pharmacie Choukro Allah Rabat,Rabat,,Rabat-Agdal
3672,Pharmacie Azhar,0537680817,44.av fal ould oumeir Rabat,Pharmacie Azhar Rabat,Rabat,,Rabat-Agdal
3973,Pharmacie Centre de Transfusion Sanguine,0537692469,résidence aribat n°9 entre av hassan ii et douar rjaf laah c.y.m Rabat,Pharmacie Centre de Transfusion Sanguine Rabat,Rabat,,Rabat-Agdal
5167,Pharmacie Hay Echabab,0537692902,Pharmacie Hay Echabab RABAT,Pharmacie Hay Echabab Rabat,Rabat,,Rabat-Agdal
4434,Pharmacie Des Universites,0537670404,79.av ibn sina Rabat,Pharmacie Des Universites Rabat,Rabat,,Rabat-Agdal
3104,Pharmacie Al Wifak,0537777555,,Pharmacie Al Wifak Rabat,Rabat,,Rabat-Agdal
7775,Pharmacie Résidence la Corniche Marjolain,0537294770,"lotissement Mountalak, villa 62 Amal 6 C.y.m. Rabat",Pharmacie Résidence la Corniche Marjolain Rabat,Rabat,,Rabat-Agdal
783,Pharmacie Al Fadila,0537874595,hay arrahma secteur b n° 9 Sale,Pharmacie Al Fadila Salé,Salé,,Rabat-Agdal
3297,Pharmacie Alfadila,0537690742,"avenue Ennour, bloc K, n°9 c.y.m Rabat",Pharmacie Alfadila Rabat,Rabat,,Rabat-Agdal
3531,Pharmacie Anzi,0537691313,n°4 angle av hassan ii et rue abbas ibn farnas (en face de la gare rabat agdal sur l'avenue hassan ii.),Pharmacie Anzi Rabat,Rabat,,Rabat-Agdal
4301,Pharmacie De L'agdal,0537671600,"avenue des nations unies, rue ibn hanbal  résidence ibn khaldoun
(en face de paul agdal et de la clinique des nations unies) Rabat",Pharmacie De L'agdal Rabat,Rabat,,Rabat-Agdal
4318,Pharmacie De L'ocean,0537202176,54 av abdelkrim al khatabi Rabat,Pharmacie De L'ocean Rabat,Rabat,,Rabat-Agdal
4394,Pharmacie des Nations Unies,0537670719,"avenue des nations unies rue jabal al ayachi
(à côté de station ola energy) s Rabat",Pharmacie des Nations Unies Rabat,Rabat,,Rabat-Agdal
4922,Pharmacie Errahma,0537652930,Pharmacie Errahma RABAT,Pharmacie Errahma Rabat,Rabat,,Rabat-Agdal
4877,Pharmacie Errahma,0537638226,"hay al maouadda n°63 - route al oulja
(prés de l'ancien mini parc) Rabat",Pharmacie Errahma Rabat,Rabat,,Rabat-Agdal
5354,Pharmacie Iswane,0537670777,rue jaâfar essadik résidence lakhdar mag n°37 (en face hôpital avicenne) Rabat,Pharmacie Iswane Rabat,Rabat,,Rabat-Agdal
8413,Pharmacie Tansift,0537681676,"80, rue Tansift  Rabat",Pharmacie Tansift Rabat,Rabat,,Rabat-Agdal
7453,Pharmacie Oqba,0537772699,62 avenue oqba Rabat,Pharmacie Oqba Rabat,Rabat,,Rabat-Agdal
5339,Pharmacie Ibn Zohr,0537695523,"19,bloc c  av al kifah al kamra (en face la gare routière kamra) Rabat",Pharmacie Ibn Zohr Rabat,Rabat,,Rabat-Agdal
4689,Pharmacie El Kamra,0537295141,bloc l n187 el kamra cym (en face immeubles touarga)  Rabat,Pharmacie El Kamra Rabat,Rabat,,Rabat-Agdal
6705,Pharmacie Moderne,0537772354,place rabiaa al adaouia (entre marché de l'agdal et résidence kays) Rabat,Pharmacie Moderne Rabat,Rabat,,Rabat-Agdal
3706,Pharmacie Badr,0537773462,"15, avenue fal ouled oumeir Rabat",Pharmacie Badr Rabat,Rabat,,Rabat-Agdal
3501,Pharmacie Annour,0537691180,"33, avenue Ennour sect.""H"" Est c.y.m Rabat",Pharmacie Annour Rabat,Rabat,,Rabat-Agdal
7268,Pharmacie Nahim,0537691693,"douar El Garaa, n° 309, Cym Rabat",Pharmacie Nahim Rabat,Rabat,,Rabat-Agdal
9859, Pharmacie Rif,0537866063,"lot mimoza 6, magasin 01- Tabriquet, imm 6 Av. Abderrahim Bouabid, Salé", Pharmacie Rif Salé,Salé,,Sale
8865,Smart Para,0662222020,bd Mohammed V   c/o Marjane hay Karima  Salé - Maroc   ,Parapharmacie Smart Para Salé,Salé,,Sale
4357,Pharmacie ElMamounia,0537864757,11  hay Mamounia   Tabriquet  Salé,Pharmacie ElMamounia Salé,Salé,,Sale
3516,Pharmacie Belyamani,0537853296,Pharmacie Belyamani SALE,Pharmacie Belyamani Salé,Salé,,Sale
3554,Pharmacie Bentaleb Hajar,0537861111,180 bd 6 novembre hay al qods Sale,Pharmacie Bentaleb Hajar Salé,Salé,,Sale
5587,Pharmacie Mohammed V,0537863294,"6, bd Mohammed V, Tabriquet Sale",Pharmacie Mohammed V Salé,Salé,,Sale
5586,Pharmacie Mohammed,0537524141,q. Brahma  Sale,Pharmacie Mohammed Salé,Salé,,Sale
4763,Pharmacie hay Karima,0537855058,"46, bd Mohammed V  Sale",Pharmacie hay Karima Salé,Salé,,Sale
114,Pharmacie 20 Aôut,0537863198,"Hay Tabriquet, résid. 20 Aôut, imm. B 1, mag. 2 Sale",Pharmacie 20 Aôut Salé,Salé,,Sale
8836,Ma Petite Para,0537863990,71  rue Bouchouk   hay Karima  Salé - Maroc   ,Parapharmacie Ma Petite Para Salé,Salé,,Sale
5076,Pharmacie Inbiat,0537853724,31 zankate ameur av essalam douar cheikh lamfadel(face à souk assalihine) Sale,Pharmacie Inbiat Salé,Salé,,Sale
5073,Pharmacie Inaya,0537862787,Pharmacie Inaya SALE,Pharmacie Inaya Salé,Salé,,Sale
3610,Pharmacie Carrefour,0537845928,centre commercial carrefour route de kénitra Sale,Pharmacie Carrefour Salé,Salé,,Sale
5692,Pharmacie Naciri,0537861818,"bd Al Salwa, sect.4B Tabriquet Sale",Pharmacie Naciri Salé,Salé,,Sale
3810,Pharmacie Dahab,0537851291,47  bd Six Novembre   hay Hourya  Tabriquet  Salé,Pharmacie Dahab Salé,Salé,,Sale
393,Pharmacie Agoumi,0537845503,lot bachir ii hay chemaou (route de kenitra) Sale,Pharmacie Agoumi Salé,Salé,,Sale
8590,Pharmacie Zakaria,0537855537,hay rahma n°1262 (sect c) Sale,Pharmacie Zakaria Salé,Salé,,Sale
6952,Pharmacie Rostane,0537863186,759 av du sahara sect 8 Sale,Pharmacie Rostane Salé,Salé,,Sale
2716,Pharmacie Amar,0537862094,av mohamed v - Salé,Pharmacie Amar Salé,Salé,,Sale
7348,Pharmacie Salam,0537801044,"24, bd Abderrahim Bouabid, sect. 7 Hay Essalam Sale",Pharmacie Salam Salé,Salé,,Sale
1842,Pharmacie AlBaraka,0537845959,Pharmacie AlBaraka SALE,Pharmacie AlBaraka Salé,Salé,,Sale
3607,Pharmacie Boubcher,0537871037,"236, bd Al Amal, hay Oued Dahab Sale",Pharmacie Boubcher Salé,Salé,,Sale
9495,Pharmacie Amer Kobra,0537875215,rue Lbrahma   Salé - Maroc   ,Pharmacie Amer Kobra Salé,Salé,,Sale
6905,Pharmacie Rizk,0537862027,avenue 6 novembre hay rizk  Sale,Pharmacie Rizk Salé,Salé,,Sale
7324,Pharmacie Salah Eddine El Ayoubi,0537885859,lot dadda n°1 (dérrière centrale laitière) route mehdia Sale,Pharmacie Salah Eddine El Ayoubi Salé,Salé,,Sale
6514,Pharmacie Rima,0537803125,bd boukraa n°64 hay cheikh lamfadel Sale,Pharmacie Rima Salé,Salé,,Sale
4111,Pharmacie du quartier industriel,0537871069,"581, bd Ibn El Khatib ang. Ouarkziz dar Hamra Sale",Pharmacie du quartier industriel Salé,Salé,,Sale
4266,Pharmacie ElBrahma,0537875423,5  rte El Fouarat   Douar ElBrahma  Salé,Pharmacie ElBrahma Salé,Salé,,Sale
4816,Pharmacie Hmimou,0670093108,"ouled Mazouz , n°261 Sale",Pharmacie Hmimou Salé,Salé,,Sale
4309,Pharmacie ElFilali,0537782388,Pharmacie ElFilali SALE,Pharmacie ElFilali Salé,Salé,,Sale
9239,Pharmacie Marzouka,0537843104,34  lotiss. Marzouka   hay chmaou  Salé - Maroc   ,Pharmacie Marzouka Salé,Salé,,Sale
5502,Pharmacie Marzouka,0665642998,av essalam 34 hay marzouka route de mehdia Sale,Pharmacie Marzouka Salé,Salé,,Sale
188,Pharmacie Abid,0537871525,,Pharmacie Abid Salé,Salé,,Sale
5781,Pharmacie Oum Al Kora,0537871346,av youssef ibn tachfine n°110 bis hay cheikh lamfadel - Sale,Pharmacie Oum Al Kora Salé,Salé,,Sale
5493,Pharmacie Maamora,0537833995,Pharmacie Maamora SALE,Pharmacie Maamora Salé,Salé,,Sale
5231,Pharmacie la Mamora,0537854087,angle av my youssef et av soudan (en face de l'école nationale forestiere des ingenieurs) Sale,Pharmacie la Mamora Salé,Salé,,Sale
4043,Pharmacie Douae,0537800744,"rue Al Arak, hay Cheikh Lamfadel Sale",Pharmacie Douae Salé,Salé,,Sale
7828,Pharmacie Tabriquet,0537863335,"bd Lalla Asmaa, lotiss. Fabi n° 9 Sale",Pharmacie Tabriquet Salé,Salé,,Sale
5397,Pharmacie les Orangers,0652801331,Pharmacie les Orangers SALE,Pharmacie les Orangers Salé,Salé,,Sale
5396,Pharmacie les Orangers,0537803134,"bd Boukraâ ang. rue les orangers, Cheikh Lamfadel Sale",Pharmacie les Orangers Salé,Salé,,Sale
5432,Pharmacie du marché,0537606221,avenue mohamed v hay nahda i imm n°1 - Temara,Pharmacie du marché Témara,Témara,,Temara
8059,Pharmacie Bakali,0537609117,Pharmacie Bakali TEMARA,Pharmacie Bakali Témara,Témara,,Temara
3568,Pharmacie Ibn Nafiss,0537609439,"268, av. Mly Ali Cherif , Douar Oulad Naser Temara",Pharmacie Ibn Nafiss Témara,Témara,,Temara
5679,Pharmacie Mly Ali Chrif,0537600525,"468, av Moulay Ali Cherif , Massira I Temara",Pharmacie Mly Ali Chrif Témara,Témara,,Temara
3255,Pharmacie El Moumen,0537604411,n°28 hay nahda 1 bd zerktouni ( a côté de l'école al irfane ) - Temara,Pharmacie El Moumen Témara,Témara,,Temara
1753,Pharmacie ElQods,0537600043,"288, lotiss. Ouled Bennacer 1  Témara",Pharmacie ElQods Témara,Témara,,Temara
4265,Pharmacie Bouarous,0537602082,"187, rue laayoun Temara",Pharmacie Bouarous Témara,Témara,,Temara
5652,Pharmacie 2000,0537602312,"245, av. Mly Ali Cherif, Massira I  Temara",Pharmacie 2000 Témara,Témara,,Temara
4818,Pharmacie AlFirdaous,0537605047,"369, hay El Firdaouss , Massira I Temara",Pharmacie AlFirdaous Témara,Témara,,Temara
4503,Pharmacie Bahia,0537605210,170 av my idriss 1 massira 1   Temara,Pharmacie Bahia Témara,Témara,,Temara
5495,Pharmacie Macha Allah,0533061664,Pharmacie Macha Allah SALE,Pharmacie Macha Allah Salé,Salé,,Temara
1790,Pharmacie MachaAllah,0537607506,"5, av. My Ali Cherif , lotiss. 24 H.a., hay Massira 1 Temara",Pharmacie MachaAllah Témara,Témara,,Temara
7166,Pharmacie Al Hiba,0537609970,lot 24h sect 5 n°126 massira 1 - TEMARA,Pharmacie Al Hiba Témara,Témara,,Temara
2896,Pharmacie Camelia,0537640769,"rue Lybie , lotiss. Alaoui, n° 76 Témara",Pharmacie Camelia Témara,Témara,,Temara
4770,Pharmacie Leila,0537608606,168 hay al firdaous massira 1 temara  proche de la poste -,Pharmacie Leila Témara,Témara,,Temara
7203,Pharmacie El Fethouni,0534437288,Pharmacie El Fethouni TEMARA,Pharmacie El Fethouni Témara,Témara,,Temara
8190,Pharmacie Fidaa,0537610163,Pharmacie Fidaa TEMARA,Pharmacie Fidaa Témara,Témara,,Temara
6874,Pharmacie Ibnou Ziad,0537611089,Pharmacie Ibnou Ziad TEMARA,Pharmacie Ibnou Ziad Témara,Témara,,Temara
8717,Pharmacie des Jardins,0537011040,Pharmacie des Jardins TEMARA,Pharmacie des Jardins Témara,Témara,,Temara
8268,Pharmacie ElAmal,0537619933,Pharmacie ElAmal TEMARA,Pharmacie ElAmal Témara,Témara,,Temara
6312,Pharmacie les Palmeraies,0537742232,Pharmacie les Palmeraies Skhirat,Pharmacie les Palmeraies Skhirat,Skhirat,,Temara
8795,Pharmacie Sebbah,0537628481,souk el had   lot n°2  commune sebbah  Skhirate,Pharmacie Sebbah Skhirate,Skhirat,,Temara
3507,Pharmacie Masrour,0537741990,"224, Hay Masrour II  Temara",Pharmacie Masrour Témara,Témara,,Temara
5144,Pharmacie Moulay Idriss,0537602270,"lot 103 sect.1 , Massira I Temara",Pharmacie Moulay Idriss Témara,Témara,,Temara
8252,Pharmacie Essalama,0537747662,Pharmacie Essalama TEMARA,Pharmacie Essalama Témara,Témara,,Temara
5213,Pharmacie Houdaya,0537643536,,Pharmacie Houdaya Témara,Témara,,Temara
2810,Pharmacie Nahda Ex-Soumaya,0537608008,"lot. Ennassim 4 , Ennahda 2 Témara",Pharmacie Nahda Ex-Soumaya Témara,Témara,,Temara
8039,Pharmacie Al Fajr,0537601592,av my ali cherif Temara,Pharmacie Al Fajr Témara,Témara,,Temara
3204,Pharmacie croissant vert,0537601951,"832,avenue moulay idriss 1er massira 1 Témara",Pharmacie croissant vert Témara,Témara,,Temara
3941,Pharmacie Témara,0537741334,av. Mly Rchid  Temara,Pharmacie Témara Témara,Témara,,Temara
4263,Pharmacie 11 Janvier,0537640919,"9, lotiss. El Ghazali  Temara",Pharmacie 11 Janvier Témara,Témara,,Temara
5635,Pharmacie El Massira,0537606057,sect3 n°336 (prés de l'institut najah) Temara,Pharmacie El Massira Témara,Témara,,Temara
4928,Pharmacie Nouvelle,0537610301,"197, rue Ben Hanifa , hay Al Inbiat Temara",Pharmacie Nouvelle Témara,Témara,garde 24h/24,Temara
8675,Pharmacie du quartier,0537600779,"1457 Av. Tarik Ibn Ziad, Témara",Pharmacie du quartier Témara,Témara,,Temara
3558,Pharmacie de la famille,0537600690,"16, av. Tarik Ibn Ziyad , Massira II Temara",Pharmacie de la famille Témara,Témara,,Temara
5619,Pharmacie Riad Fes (temara),0537606038,"n°10, résidence riad fes, av tarik ibn ziad  - Temara",Pharmacie Riad Fes (temara) Témara,Témara,,Temara
3914,Pharmacie du Centre,0537741211,av. Hassan II - Temara centre,Pharmacie du Centre Témara,Témara,,Temara
1663,Pharmacie Al Khiam,0537740198,"bd,moulay rachid,khiam6 n°6 - Témara",Pharmacie Al Khiam Témara,Témara,,Temara
7540,Pharmacie la Ceinture Verte,0537643584,av alla ben abdellah n°21 hay al andalous - Temara,Pharmacie la Ceinture Verte Témara,Témara,,Temara
3055,Pharmacie AlFarabi,0537605603,3  Lotiss. AlMostakbal   Massira 1  Témara,Pharmacie AlFarabi Témara,Témara,,Temara
7208,Pharmacie Raji,0537742516,Pharmacie Raji Skhirat,Pharmacie Raji Skhirat,Skhirat,,Skhirat
9220,Pharmacie Aïn Arroz,0537620062,5  rte Aïn Arroz   Skhirate - Maroc   ,Pharmacie Aïn Arroz Skhirate,Skhirate,,Skhirat
8290,Pharmacie Taoufik,0537742022,Pharmacie Taoufik Skhirat,Pharmacie Taoufik Skhirat,Skhirat,,Skhirat
2756,Pharmacie Chaouki,0537742301,Pharmacie Chaouki Skhirat,Pharmacie Chaouki Skhirat,Skhirat,,Skhirat
9172,Pharmacie Fadoua,0673022609,38  lotiss. Al Moustakbal   Skhirate - Maroc   ,Pharmacie Fadoua Skhirate,Skhirate,,Skhirat
8174,Pharmacie l'Erac,0537620558,Pharmacie l'Erac Skhirat,Pharmacie l'Erac Skhirat,Skhirat,,Skhirat
9179,Pharmacie Jnane Skhirat,0537787378,48  lotiss. Al Warda    centre Sud  Skhirate - Maroc   ,Pharmacie Jnane Skhirat Skhirate,Skhirate,,Skhirat
8606,Pharmacie Zouhair,0537620166,Pharmacie Zouhair Skhirat,Pharmacie Zouhair Skhirat,Skhirat,,Skhirat
6314,Pharmacie Salma,0537742257,Pharmacie Salma Skhirat,Pharmacie Salma Skhirat,Skhirat,,Skhirat
9161,Pharmacie Achokr,0537620376,333  Ain El Hayat 3   Skhirate - Maroc   ,Pharmacie Achokr Skhirate,Skhirate,,Skhirat
1271,Pharmacie Ouled Ghanem,0537742909,Pharmacie Ouled Ghanem Skhirat,Pharmacie Ouled Ghanem Skhirat,Skhirat,,Skhirat
8588,Pharmacie du Bien Etre,0537620564,Pharmacie du Bien Etre Skhirat,Pharmacie du Bien Etre Skhirat,Skhirat,,Skhirat
6249,Pharmacie Arrachade,0537742574,Pharmacie Arrachade Skhirat,Pharmacie Arrachade Skhirat,Skhirat,,Skhirat
8581,Pharmacie Bichifa,0537742664,Pharmacie Bichifa Skhirat,Pharmacie Bichifa Skhirat,Skhirat,,Skhirat
8657,Pharmacie Jaber,0537742612,Pharmacie Jaber Skhirat,Pharmacie Jaber Skhirat,Skhirat,,Skhirat
9214,Pharmacie Skhirat,0537742170,7  Aïn Rouz   Skhirate - Maroc   ,Pharmacie Skhirat Skhirate,Skhirate,,Skhirat
7251,Pharmacie Hicham,0537620578,Pharmacie Hicham Skhirat,Pharmacie Hicham Skhirat,Skhirat,,Skhirat
7220,Pharmacie Ain ELHayat,0533521617,Pharmacie Ain ELHayat Skhirat,Pharmacie Ain ELHayat Skhirat,Skhirat,,Skhirat
8088,Pharmacie Mounia,0537620030,Pharmacie Mounia Skhirat,Pharmacie Mounia Skhirat,Skhirat,,Skhirat
6618,Pharmacie Meriem,0537742577,Pharmacie Meriem Skhirat,Pharmacie Meriem Skhirat,Skhirat,,Skhirat
6096,Pharmacie Bouayba,0537620216,Pharmacie Bouayba Skhirat,Pharmacie Bouayba Skhirat,Skhirat,,Skhirat
8570,Pharmacie Mosquée ElHouda,0537620637,Pharmacie Mosquée ElHouda Skhirat,Pharmacie Mosquée ElHouda Skhirat,Skhirat,,Skhirat
8112,Pharmacie AlMajd,0537620187,Pharmacie AlMajd Skhirat,Pharmacie AlMajd Skhirat,Skhirat,,Skhirat
8526,Pharmacie Abderrahmane,0537742171,Pharmacie Abderrahmane Skhirat,Pharmacie Abderrahmane Skhirat,Skhirat,,Skhirat
7912,Pharmacie Palais des Congrés,0537742743,Pharmacie Palais des Congrés Skhirat,Pharmacie Palais des Congrés Skhirat,Skhirat,,Skhirat
2965,Pharmacie L'Amphitrite,0537620005,Pharmacie L'Amphitrite Skhirat,Pharmacie L'Amphitrite Skhirat,Skhirat,,Skhirat
7221,Pharmacie Aïn Attiq,0537741905,88  lotiss. Saada   AIN ATIQ,Pharmacie Aïn Attiq Aïn Atiq,Aïn Atiq,,Skhirat
10049,Pharmacie Val D’or ,0537749494,"No 22, Val D'or, Harhoura, Avenue Moulay Abdellah, 12040",Pharmacie Val D’or Harhoura,Harhoura,,Skhirat
2185,Pharmacie Assaka,0537403084,lotiss. Promosud   lot. n°1  Aïn atiq,Pharmacie Assaka Aïn Atiq,Aïn Atiq,,Skhirat
7565,Pharmacie Najm,0537612885,70  résid. Manzeh   AIN ATIQ,Pharmacie Najm Aïn Atiq,Aïn Atiq,,Skhirat
9288,Pharmacie Sid El Abed,0537623538,2  Amical Settat   plage Val d'Or  El Harhoura - Maroc   ,Pharmacie Sid El Abed El harhoura,El harhoura,,Skhirat
9821,Pharmacie Sup'Herbes,0673054609,Rte El Fellah   plage Sid El Abed  El Harhoura - Maroc,Pharmacie Sup'Herbes El harhoura,El harhoura,,Skhirat
960,Pharmacie Al Aïn,0537740344,Centre Aïn Attig   Aïn atiq,Pharmacie Al Aïn Aïn Atiq,Aïn Atiq,,Skhirat
3326,Pharmacie Masjid Annour,0537619778,39 gr.6 résidence annour 1 - tamesna  Temara,Pharmacie Masjid Annour Témara,Témara,,Skhirat
8988,Pharmacie Izdihar,0537626739,154  hay El Izdihar    El Harhoura - Maroc  ,Pharmacie Izdihar El harhoura,El harhoura,,Skhirat
9579,Pharmacie Amagour,0663612850,Secteur 1 Numéro 1066 Mers El Kheir Témara,Pharmacie Amagour Témara,Témara,,Skhirat
209,Pharmacie Sables D'or,0530050728,complexe commercial sid el abed n°4 harhoura Temara,Pharmacie Sables D'or Témara,Témara,,Skhirat
9982,Pharmacie Sable d'Or,0530375067, 4 Centre Sidi Abed El Harhoura,Pharmacie Sable d'Or El Harhoura,El Harhoura,,Skhirat
587,Pharmacie Vital,0808561232,résidence as-shams im b magasin 1 harhoura – Temara,Pharmacie Vital Témara,Témara,,Skhirat
9284,Pharmacie El Haq,0537643715,Témara Centre   Témara - Maroc   ,Pharmacie El Haq Témara,Témara,,Skhirat
2939,Pharmacie Firdaous,0537371679,322  bd Mohammed V   Kenitra,Pharmacie Firdaous Kenitra,Kénitra,,Kenitra
2039,Pharmacie de la province,0537375255,"27, bd hassan ii Kenitra",Pharmacie de la province Kenitra,Kénitra,,Kenitra
8211,Pharmacie Universelle,0537371888,"66 Bis, bd Youssef Ibn Tachfine  Kenitra",Pharmacie Universelle Kenitra,Kénitra,,Kenitra
2245,Pharmacie du Port,0537370978,Pharmacie du Port KENITRA,Pharmacie du Port Kenitra,Kénitra,,Kenitra
1819,Pharmacie centre ville,0537376729,bd Mohamed Diouri ang. rue Med. Amraoui  Kenitra,Pharmacie centre ville Kenitra,Kénitra,,Kenitra
4546,Pharmacie La Grande Pharmacie,0537371046,62  bd Mohamed Diouri   Kenitra,Pharmacie La Grande Pharmacie Kenitra,Kénitra,,Kenitra
2228,Pharmacie du Marché,0537371054,1  bd Prince Moulay Abdallah   Kenitra,Pharmacie du Marché Kenitra,Kénitra,,Kenitra
7512,Pharmacie Sidi Larbi Boujemaâ,0537364898,272  bd Mohammed V   Kenitra,Pharmacie Sidi Larbi Boujemaâ Kenitra,Kénitra,,Kenitra
3101,Pharmacie Hind,0537361296,81 X rue Oued Sebou   Kénitra,Pharmacie Hind Kenitra,Kénitra,,Kenitra
1214,Pharmacie Arsat Elcadi,0537382309,"bd mohammed v, lot n°4 Kenitra",Pharmacie Arsat Elcadi Kenitra,Kénitra,,Kenitra
3811,Pharmacie Karam,0661877817,lotiss. le Vallon   Kenitra,Pharmacie Karam Kenitra,Kénitra,,Kenitra
5270,Pharmacie Maâmora,0537376447,30  rue Hassan Bnou Tabit   Kenitra,Pharmacie Maâmora Kenitra,Kénitra,,Kenitra
2012,Pharmacie de la Gare,0537376175,162  bd Mohamed Diouri   Kenitra,Pharmacie de la Gare Kenitra,Kénitra,,Kenitra
2152,Pharmacie Des F.a.r,0537366748,bd des f.a.r. près de la grande gare Kenitra,Pharmacie Des F.a.r Kenitra,Kénitra,,Kenitra
2141,Pharmacie des F.A.R,0537374200,bd des F.a.r.   Kenitra,Pharmacie des F.A.R Kenitra,Kénitra,,Kenitra
7802,Pharmacie Takaddoum,0537379997,100  rue Sidi Mohammed   Kenitra,Pharmacie Takaddoum Kenitra,Kénitra,,Kenitra
3112,Pharmacie hôtel de ville,0537371398,"412, bd mohammed v Kenitra",Pharmacie hôtel de ville Kenitra,Kénitra,,Kenitra
98,Pharmacie Abderrahmane Nacer,0537371712,5  rue Tanger   Kenitra,Pharmacie Abderrahmane Nacer Kenitra,Kénitra,,Kenitra
5569,Pharmacie Mohamed,0661906890,Pharmacie Mohamed KENITRA,Pharmacie Mohamed Kenitra,Kénitra,,Kenitra
5634,Pharmacie Mohammed,0537373573,"2, rue ibn benna, mosquée lalla khadija Kenitra",Pharmacie Mohammed Kenitra,Kénitra,,Kenitra
2981,Pharmacie Ghani,0537379806,Pharmacie Ghani KENITRA,Pharmacie Ghani Kenitra,Kénitra,,Kenitra
7163,Pharmacie Rochdi,0537360404,Nouvelle Gare TGV   mag. K1  Kenitra,Pharmacie Rochdi Kenitra,Kénitra,,Kenitra
2008,Pharmacie Dar Doua,0537360288,rue Idriss Al Akbar   résid El Qods imm.G  Kenitra,Pharmacie Dar Doua Kenitra,Kénitra,,Kenitra
7276,Pharmacie Saknia,0537380034,hay Saknia   gpe Tadla n°1  Kenitra,Pharmacie Saknia Kenitra,Kénitra,,Kenitra
2046,Pharmacie De La Renaissance (annahda),0537382069,"169, bd bacha abdelhamid el alaoui Kenitra",Pharmacie De La Renaissance (annahda) Kenitra,Kénitra,,Kenitra
5743,Pharmacie Moussa,0537380172,210  lotiss. Andalous   lot O  Arfa  Kenitra,Pharmacie Moussa Kenitra,Kénitra,,Kenitra
3751,Pharmacie Jemaa,0537440975,Pharmacie Jemaa KENITRA,Pharmacie Jemaa Kenitra,Kénitra,,Kenitra
2308,Pharmacie El Bahaa,0611759872,"Z.i Bir Rami, Ouled M'barek n°75 Kenitra",Pharmacie El Bahaa Kenitra,Kénitra,,Kenitra
5065,Pharmacie L'Horizon,0537352569,Pharmacie L'Horizon KENITRA,Pharmacie L'Horizon Kenitra,Kénitra,,Kenitra
1569,Pharmacie Azharoun,0537350020,"363, lotiss. Azharoune  Kenitra",Pharmacie Azharoun Kenitra,Kénitra,,Kenitra
2276,Pharmacie Echam,0537351300,"hay sayad, coopératif el amal n°40 KENITRA",Pharmacie Echam Kenitra,Kénitra,,Kenitra
5424,Pharmacie Masjid Palestine,0537364406,"1, lotiss. el menzeh, bir rami est KENITRA",Pharmacie Masjid Palestine Kenitra,Kénitra,,Kenitra
7255,Pharmacie Route Mehdia,0537355407,"134, lotiss. Azharoune, n°1 Kenitra",Pharmacie Route Mehdia Kenitra,Kénitra,,Kenitra
1950,Pharmacie Dachra,0537440586,Pharmacie Dachra KENITRA,Pharmacie Dachra Kenitra,Kénitra,,Kenitra
1095,Pharmacie Arizq,0537387698,Pharmacie Arizq KENITRA,Pharmacie Arizq Kenitra,Kénitra,,Kenitra
4400,Pharmacie La Cigogne,0808374750,quartier la Cigogne   rue 330 n°14  Kenitra,Pharmacie La Cigogne Kenitra,Kénitra,,Kenitra
4418,Pharmacie La Cigogne,0537375896,Pharmacie La Cigogne KENITRA,Pharmacie La Cigogne Kenitra,Kénitra,,Kenitra
1751,Pharmacie Benlahsen,0537370350,"12, rue Ibn Batouta, ville haute Kenitra",Pharmacie Benlahsen Kenitra,Kénitra,,Kenitra
1818,Pharmacie Centrale,0537378080,Pl. Chouhada   rue 33  n°28 bis  diour Saniak  Kenitra,Pharmacie Centrale Kenitra,Kénitra,,Kenitra
4488,Pharmacie la Fontaine - Ennafoura,0537373281,401  bd Mohammed V   Kenitra,Pharmacie la Fontaine - Ennafoura Kenitra,Kénitra,,Kenitra
6305,Pharmacie marhaba,0537558297,Pharmacie marhaba KHEMISSET,Pharmacie marhaba Khemisset,Khemisset,,Khemisset
6870,Pharmacie AlMasjid AlKadim,0537556027,Pharmacie AlMasjid AlKadim KHEMISSET,Pharmacie AlMasjid AlKadim Khemisset,Khemisset,,Khemisset
6077,Pharmacie Essalam,0537553022,147  av. Bir Anzarane   hay Salam KHEMISSET,Pharmacie Essalam Khemisset,Khemisset,,Khemisset
6727,Pharmacie de Ville,0537551146,193  rue Oued Sebou   hay Zahra  KHEMISSET,Pharmacie de Ville Khemisset,Khemisset,,Khemisset
6572,Pharmacie Sidi Ghandour,0537551629,"510, hay Rettaha KHEMISSET",Pharmacie Sidi Ghandour Khemisset,Khemisset,,Khemisset
6402,Pharmacie Arrahma,0537558816,77 X rue Oued Tensift   Zahrra  KHEMISSET,Pharmacie Arrahma Khemisset,Khemisset,,Khemisset
6379,Pharmacie Marmouche,0537516743,Pharmacie Marmouche KHEMISSET,Pharmacie Marmouche Khemisset,Khemisset,,Khemisset
1659,Pharmacie des Zemmours,0537552794,274  bd Mohammed V   Khemisset,Pharmacie des Zemmours Khemisset,Khemisset,,Khemisset
6413,Pharmacie la Fontaine,0537559352,32  rue Hilali Larbi   Essalam  KHEMISSET,Pharmacie la Fontaine Khemisset,Khemisset,,Khemisset
7132,Pharmacie Firdaous,0537550550,158 X rue Cdt  Driss Harti   hay Essalam  KHEMISSET,Pharmacie Firdaous Khemisset,Khemisset,,Khemisset
9127,Pharmacie populaire,0537552543,147  Rue Ibnou Sina   Khémisset - Maroc   ,Pharmacie populaire Khémisset,Khémisset,,Khemisset
6926,Pharmacie Hourri,0537558474,rue Ait Baamrane   hay Najah  KHEMISSET,Pharmacie Hourri Khemisset,Khemisset,,Khemisset
6876,Pharmacie AlHouda,0537554466,Amicale Essafa n°116   hay Essada  KHEMISSET,Pharmacie AlHouda Khemisset,Khemisset,,Khemisset
7000,Pharmacie Hakamat,0537552444,28  rue Benzert   lot Hakamat  KHEMISSET,Pharmacie Hakamat Khemisset,Khemisset,,Khemisset
9092,Pharmacie du sahara,0537552164,128  Rue Zerktouni   Khémisset - Maroc   ,Pharmacie du sahara Khémisset,Khémisset,,Khemisset
10156,Pharmacie Diar Al Hamraa,0537559715,"hay Marrakech , Diour Alhomar Khémisset",Pharmacie Diar Al Hamraa Khemisset,Khemisset,,Khemisset
7122,Pharmacie AlAmal,0537555339,Pharmacie AlAmal KHEMISSET,Pharmacie AlAmal Khemisset,Khemisset,,Khemisset
6399,Pharmacie ElWahda,0537552713,Pharmacie ElWahda KHEMISSET,Pharmacie ElWahda Khemisset,Khemisset,,Khemisset
6621,Pharmacie Najah,0537551345,rue Ait Abbou   KHEMISSET,Pharmacie Najah Khemisset,Khemisset,,Khemisset
10213,Pharmacie Filatova,0537556085,"rue El Kayraouane , Izdihar Khémisset",Pharmacie Filatova Khémisset,Khémisset,,Khemisset
6209,Pharmacie Annasr,0537554125,Pharmacie Annasr KHEMISSET,Pharmacie Annasr Khemisset,Khemisset,,Khemisset
6369,Pharmacie Sidi Ghrib,0537559222,Pharmacie Sidi Ghrib KHEMISSET,Pharmacie Sidi Ghrib Khemisset,Khemisset,,Khemisset
952,Pharmacie Alwafae,0537558526,185  av. Mohammed V   Khemisset,Pharmacie Alwafae Khemisset,Khemisset,,Khemisset
5847,Pharmacie Zerktouni,0587558978,Pharmacie Zerktouni KHEMISSET,Pharmacie Zerktouni Khemisset,Khemisset,,Khemisset
6821,Pharmacie Zône Industrielle,0537559758,Pharmacie Zône Industrielle KHEMISSET,Pharmacie Zône Industrielle Khemisset,Khemisset,,Khemisset
6928,Pharmacie Maamora,0537556559,14  av. Abderrahmane Zemmouri   hay Maâmoura  KHEMISSET,Pharmacie Maamora Khemisset,Khemisset,,Khemisset
1150,Pharmacie des Cliniques,0537551018,av. Khalid Ibn El Oualid   lot Hakamat  Khemisset,Pharmacie des Cliniques Khemisset,Khemisset,,Khemisset
6493,Pharmacie Ibn AlBaytar,0537551110,61  lotiss. El Fath   KHEMISSET,Pharmacie Ibn AlBaytar Khemisset,Khemisset,,Khemisset
6718,Pharmacie Centrale,0537553226,149  rue Rahmani Allal   hay Essalam  KHEMISSET,Pharmacie Centrale Khemisset,Khemisset,,Khemisset
7177,Pharmacie Le Chateau,0537559290,393  av Mohamed Zerktouni   hay ElFarah I  KHEMISSET,Pharmacie Le Chateau Khemisset,Khemisset,,Khemisset
2431,Pharmacie AlMostakbal,0537551211,Pharmacie AlMostakbal KHEMISSET,Pharmacie AlMostakbal Khemisset,Khemisset,,Khemisset
7194,Pharmacie Naji,0537559453,Pharmacie Naji KHEMISSET,Pharmacie Naji Khemisset,Khemisset,,Khemisset
8212,Pharmacie la Belle Vie,0537550427,av Mohammed V   galerie Belle Vie  KHEMISSET,Pharmacie la Belle Vie Khemisset,Khemisset,,Khemisset
6122,Pharmacie Asmae,0537552285,Pharmacie Asmae KHEMISSET,Pharmacie Asmae Khemisset,Khemisset,,Khemisset
2743,Pharmacie Bel Hassan Louazani,0537556662,129  hay Riad   Khemisset,Pharmacie Bel Hassan Louazani Khemisset,Khemisset,,Khemisset
7076,Pharmacie Bouchaara,0537555444,94  av. Allal Ben Abdellah   KHEMISSET,Pharmacie Bouchaara Khemisset,Khemisset,,Khemisset
9120,Pharmacie de Khémisset,0537552131,4  rue de la Gendarmerie Royale   Khémisset - Maroc   ,Pharmacie de Khémisset Khémisset,Khémisset,,Khemisset
9109,Pharmacie Laboratoire Atlas,0537552670,142  Avenue Mohammed V   Khémisset - Maroc   ,Pharmacie Laboratoire Atlas Khémisset,Khémisset,,Khemisset
6195,Pharmacie lirac,0537556234,19  rue Abou Dhabi   KHEMISSET,Pharmacie lirac Khemisset,Khemisset,,Khemisset
6478,Pharmacie ElBassatine,0537555638,110  lot ElBassatine 2   KHEMISSET,Pharmacie ElBassatine Khemisset,Khemisset,,Khemisset
7619,Pharmacie Mansouri,0537502012,321  av Mohammed V   q. Khouribga  Sidi slimane,Pharmacie Mansouri Sidi Slimane,Sidi Slimane,,SidiSlimane
640,Pharmacie Al Azhar,0537502984,286  bd Mohammed V   Sidi slimane,Pharmacie Al Azhar Sidi Slimane,Sidi Slimane,,SidiSlimane
7894,Pharmacie Populaire,0537502762,av Istiqlal ang. av Nations Unies  Sidi slimane,Pharmacie Populaire Sidi Slimane,Sidi Slimane,,SidiSlimane
4244,Pharmacie ElHay ElJadid,0537500650,"av Zerktouni , hay ElJadid Sidi slimane",Pharmacie ElHay ElJadid Sidi Slimane,Sidi Slimane,,SidiSlimane
9201,Pharmacie Hôpital,0537500040,18  av Maghreb El Arabi   Sidi Slimane - Maroc   ,Pharmacie Hôpital Sidi slimane,Sidi slimane,,SidiSlimane
9132,Pharmacie Ibn Khaldoune,0537501968,hay Ibn Khaldoun   Sidi Slimane - Maroc   ,Pharmacie Ibn Khaldoune Sidi slimane,Sidi slimane,,SidiSlimane
2693,Pharmacie Bir Anzarane,0537502900,63  bd. Bir Anzarane   SIDI SLIMANE,Pharmacie Bir Anzarane Sidi Slimane,Sidi Slimane,,SidiSlimane
5411,Pharmacie la Résistance,0537503558,2  av la Résistance   SIDI SLIMANE,Pharmacie la Résistance Sidi Slimane,Sidi Slimane,,SidiSlimane
10232,Pharmacie du Gharb,0645512140,Sidi Slimane,Pharmacie du Gharb Sidi Slimane,Sidi Slimane,,SidiSlimane
3942,Pharmacie du Rharb,0537502254,28  bd Hassan II   Sidi slimane,Pharmacie du Rharb Sidi Slimane,Sidi Slimane,,SidiSlimane
7426,Pharmacie les Urgences,0537503690,av de la Résistance   SIDI SLIMANE,Pharmacie les Urgences Sidi Slimane,Sidi Slimane,,SidiSlimane
4641,Pharmacie Ibn Sina,0537500504,hay Essalam   bloc B n°6  Sidi slimane,Pharmacie Ibn Sina Sidi Slimane,Sidi Slimane,,SidiSlimane
4256,Pharmacie ElMerini,0537504925,6  av Hassan II   Sidi slimane,Pharmacie ElMerini Sidi Slimane,Sidi Slimane,,SidiSlimane
4393,Pharmacie Enassr,0537503029,"hay Essalam , bloc 2 n°32 Sidi slimane",Pharmacie Enassr Sidi Slimane,Sidi Slimane,,SidiSlimane
1876,Pharmacie Amine,0537502078,12  Av. Mohammed V   rte Dar Belamri  Sidi slimane,Pharmacie Amine Sidi Slimane,Sidi Slimane,,SidiSlimane
7835,Pharmacie Ouled Malek,0537505321,hay Ouled Zid   Sidi slimane,Pharmacie Ouled Malek Sidi Slimane,Sidi Slimane,,SidiSlimane
7991,Pharmacie Saih,0537502626,av Hassan II   hay Essalam  SIDI SLIMANE,Pharmacie Saih Sidi Slimane,Sidi Slimane,,SidiSlimane
4525,Pharmacie Essalam,0537501418,hay Essalam   bloc 10 n°63  Sidi slimane,Pharmacie Essalam Sidi Slimane,Sidi Slimane,,SidiSlimane
4803,Pharmacie Jalal,0537500442,hay Essalam   bloc G n°9  SIDI SLIMANE,Pharmacie Jalal Sidi Slimane,Sidi Slimane,,SidiSlimane
768,Pharmacie Al Marjane,0530650730,bd Hassan II - Autre ville   Sidi slimane,Pharmacie Al Marjane Sidi Slimane,Sidi Slimane,,SidiSlimane
2561,Pharmacie Beni Hssen,0537502176,55  av Mohamed Zerktouni   Ouled ElGhazi rte de Dar Amri  Sidi slimane,Pharmacie Beni Hssen Sidi Slimane,Sidi Slimane,garde 24h/24,SidiSlimane
726,Pharmacie Al Houda,0537505669,av Al Hansali   hay Essalam  bloc 20 n°9  Sidi slimane,Pharmacie Al Houda Sidi Slimane,Sidi Slimane,,SidiSlimane
8554,Pharmacie Yassine,0676306817,av la Resistance   ouled Malek  Sidi slimane,Pharmacie Yassine Sidi Slimane,Sidi Slimane,,SidiSlimane
7725,Pharmacie Ouled El Ghazi,0537505871,"10, av Zerktouni , lot. Lemhamed Sidi slimane",Pharmacie Ouled El Ghazi Sidi Slimane,Sidi Slimane,,SidiSlimane
6856,Pharmacie le Jasmin,0537502504,hay Salam   bloc 26 n°24  Sidi slimane,Pharmacie le Jasmin Sidi Slimane,Sidi Slimane,,SidiSlimane
4931,Pharmacie Karima,0661254737,141  q. administartif   lotiss. Marjane  Sidi slimane,Pharmacie Karima Sidi Slimane,Sidi Slimane,,SidiSlimane
9418,Pharmacie Karima,0661254737,141  q. administartif   lotiss. Marjane  Sidi Slimane - Maroc   ,Pharmacie Karima Sidi slimane,Sidi slimane,,SidiSlimane
298,Pharmacie Agdal,0537501033,72  lotiss. Jalil Tazi   Sidi slimane,Pharmacie Agdal Sidi Slimane,Sidi Slimane,,SidiSlimane
2697,Pharmacie Bismillah,0537500688,3  lotiss. Agdal   SIDI SLIMANE,Pharmacie Bismillah Sidi Slimane,Sidi Slimane,,SidiSlimane
777,Pharmacie Al Masjid,0537502513,hay Salam   bloc 17  n°23  SIDI SLIMANE,Pharmacie Al Masjid Sidi Slimane,Sidi Slimane,,SidiSlimane
3439,Pharmacie Debbarh,0661491076,lot Agdal   n° 3  Sidi slimane,Pharmacie Debbarh Sidi Slimane,Sidi Slimane,,SidiSlimane
3719,Pharmacie du Beht,0537502040,"56, bd Mohammed V  Sidi slimane",Pharmacie du Beht Sidi Slimane,Sidi Slimane,,SidiSlimane
7996,Pharmacie Sidi Slimane,0537503889,2  av Mohamed Diouri   hay Laymoune  Sidi slimane,Pharmacie Sidi Slimane Sidi Slimane,Sidi Slimane,,SidiSlimane
5022,Pharmacie la Clinique,0537501392,Hay Essalam   bloc 5 n°10  SIDI SLIMANE,Pharmacie la Clinique Sidi Slimane,Sidi Slimane,,SidiSlimane
1244,Pharmacie Assafae,0537391044,878  lotiss. Assafa   T.a. Saknia  Kénitra,Pharmacie Assafae Kenitra,Kénitra,,SidiSlimane
2114,Pharmacie Assafaa,0537501046,"Hay Essalam , bloc 40 n°8 Sidi slimane",Pharmacie Assafaa Sidi Slimane,Sidi Slimane,,SidiSlimane
7409,Pharmacie les Orangers,0537501965,12  av Mohammed V   Ghoumareyene  Sidi slimane,Pharmacie les Orangers Sidi Slimane,Sidi Slimane,,SidiSlimane
4834,Pharmacie Jbirat,0537505523,21  bd Hassan II - Autre ville   rte de Kenitra  SIDI SLIMANE,Pharmacie Jbirat Sidi Slimane,Sidi Slimane,,SidiSlimane
8417,Pharmacie Slimania,0537505922,"144, Slimania III  Sidi slimane",Pharmacie Slimania Sidi Slimane,Sidi Slimane,,SidiSlimane
3064,Pharmacie Chifaa,0537503034,hay Laymoune   bloc 27 n°7  SIDI SLIMANE,Pharmacie Chifaa Sidi Slimane,Sidi Slimane,,SidiSlimane
7483,Pharmacie Chrarda,0537595060,31  av Hassan II   SIDI KACEM,Pharmacie Chrarda Sidi Kacem,Sidi Kacem,,SidiKacem
268,Pharmacie Bir Anzarane,0537593598,78  Rue Bir Anzarane   Sidi kacem,Pharmacie Bir Anzarane Sidi Kacem,Sidi Kacem,,SidiKacem
30,Pharmacie Badr,0537592638,Rue 9   n°19  Sidi kacem,Pharmacie Badr Sidi Kacem,Sidi Kacem,,SidiKacem
8949,Pharmacie Al Houda,0668713111,route de Tanger   lot. n°241/2  Sidi Kacem - Maroc   ,Pharmacie Al Houda Sidi kacem,Sidi kacem,,SidiKacem
314,Pharmacie Al Amal,0537594527,11  q. Miloud   n° 16  Sidi kacem,Pharmacie Al Amal Sidi Kacem,Sidi Kacem,,SidiKacem
1342,Pharmacie Al Missaha (clinique),0537596624,32  hay Al Qods Sidi kacem,Pharmacie Al Missaha (clinique) Sidi Kacem,Sidi Kacem,,SidiKacem
2083,Pharmacie Al Wifak,0537593332,61  rte de Meknès - Autre ville   rue 16  hay El Kouch  Sidi kacem,Pharmacie Al Wifak Sidi Kacem,Sidi Kacem,,SidiKacem
7701,Pharmacie Al Joulane,0537591077,Pharmacie Al Joulane SIDI KACEM,Pharmacie Al Joulane Sidi Kacem,Sidi Kacem,,SidiKacem
9253,Pharmacie Jorf,0537909630,bd ElFarran   Jorf ElMelha  Sidi Kacem - Maroc   ,Pharmacie Jorf Sidi kacem,Sidi kacem,,SidiKacem
7300,Pharmacie ElFath,0537592707,bd de Rabat   rue 33 n°91  SIDI KACEM,Pharmacie ElFath Sidi Kacem,Sidi Kacem,,SidiKacem
7838,Pharmacie Ksar Aslouj,0537310026,Douar Ouled Moussa   SIDI KACEM,Pharmacie Ksar Aslouj Sidi Kacem,Sidi Kacem,,SidiKacem
8247,Pharmacie Esperance,0537909709,Boutrika   n°29 Teroaul  SIDI KACEM,Pharmacie Esperance Sidi Kacem,Sidi Kacem,,SidiKacem
7740,Pharmacie Zirara,0537594755,Zirara   Centre Slatna  SIDI KACEM,Pharmacie Zirara Sidi Kacem,Sidi Kacem,,SidiKacem
7570,Pharmacie Ain Dorrif,0537909473,Pharmacie Ain Dorrif SIDI KACEM,Pharmacie Ain Dorrif Sidi Kacem,Sidi Kacem,,SidiKacem
7633,Pharmacie Ain Deffali,0537460745,Pharmacie Ain Deffali SIDI KACEM,Pharmacie Ain Deffali Sidi Kacem,Sidi Kacem,,SidiKacem
8645,Pharmacie Sahraoua,0537596045,hay Sahraoua   rue 80 n°15  SIDI KACEM,Pharmacie Sahraoua Sidi Kacem,Sidi Kacem,,SidiKacem
8732,Pharmacie Kebdani,0537990426,lot. Hamid   rue 8 Jorf ElMelha  SIDI KACEM,Pharmacie Kebdani Sidi Kacem,Sidi Kacem,,SidiKacem
7392,Pharmacie Croissant Rouge,0537593376,Pharmacie Croissant Rouge SIDI KACEM,Pharmacie Croissant Rouge Sidi Kacem,Sidi Kacem,,SidiKacem
8184,Pharmacie Ibn Rochd,0672307537,Cité Nouvelle   rue 21 n°3  SIDI KACEM,Pharmacie Ibn Rochd Sidi Kacem,Sidi Kacem,,SidiKacem
7710,Pharmacie Sidi Bousber,0537597243,Sidi Bousber   Cercle de Ouazzane  SIDI KACEM,Pharmacie Sidi Bousber Sidi Kacem,Sidi Kacem,,SidiKacem
7729,Pharmacie Al Khawarizmi,0537595584,Pharmacie Al Khawarizmi SIDI KACEM,Pharmacie Al Khawarizmi Sidi Kacem,Sidi Kacem,,SidiKacem
738,Pharmacie AlKhawarizmi,0690875123,Nouveau Quartier   rue 20 n°2  Sidi kacem,Pharmacie AlKhawarizmi Sidi Kacem,Sidi Kacem,,SidiKacem
8548,Pharmacie Maghreb Arrabe,0537594539,142  bd Mohammed V   SIDI KACEM,Pharmacie Maghreb Arrabe Sidi Kacem,Sidi Kacem,,SidiKacem
2859,Pharmacie Rmila,0537596024,33  rte de Rabat   rue N2  Hay Rmila  Sidi kacem,Pharmacie Rmila Sidi Kacem,Sidi Kacem,,SidiKacem
2864,Pharmacie nouvelle,0537593346,33  Rue 22   Sidi kacem,Pharmacie nouvelle Sidi Kacem,Sidi Kacem,,SidiKacem
7697,Pharmacie Errazi,0537595193,Mlahla   rue 67 n°6  SIDI KACEM,Pharmacie Errazi Sidi Kacem,Sidi Kacem,,SidiKacem
7734,Pharmacie Ouargha,0537998133,31  av Hassan II   Khnichat  SIDI KACEM,Pharmacie Ouargha Sidi Kacem,Sidi Kacem,,SidiKacem
7636,Pharmacie Lemnie,0537593590,hay Lmers   rue 46 n°54 bis SIDI KACEM,Pharmacie Lemnie Sidi Kacem,Sidi Kacem,,SidiKacem
3095,Pharmacie Ezzahra,0537593065,rte de Tanger   n°376  SIDI KACEM,Pharmacie Ezzahra Sidi Kacem,Sidi Kacem,,SidiKacem
7764,Pharmacie AlWahda,0537909663,q. Nouveau   Khenichet  SIDI KACEM,Pharmacie AlWahda Sidi Kacem,Sidi Kacem,,SidiKacem
7309,Pharmacie Chifa,0537909604,Jorf ElMalha   SIDI KACEM,Pharmacie Chifa Sidi Kacem,Sidi Kacem,,SidiKacem
7910,Pharmacie ElJoulane,0537591012,hay ElMerse   n°39  SIDI KACEM,Pharmacie ElJoulane Sidi Kacem,Sidi Kacem,garde 24h/24,SidiKacem
8754,Pharmacie Principale,0537596989,23  bd Mohammed V   SIDI KACEM,Pharmacie Principale Sidi Kacem,Sidi Kacem,,SidiKacem
9437,Pharmacie AlWahda,0537998405,q. Nouveau   Khenichet  Sidi Kacem - Maroc   ,Pharmacie AlWahda Sidi kacem,Sidi kacem,,SidiKacem
8100,Pharmacie Allaymoune,0537590334,hay Yasmine   bloc C n°471  SIDI KACEM,Pharmacie Allaymoune Sidi Kacem,Sidi Kacem,,SidiKacem
8165,Pharmacie AlWahda,0537998418,Pharmacie AlWahda SIDI KACEM,Pharmacie AlWahda Sidi Kacem,Sidi Kacem,,SidiKacem
8246,Pharmacie Azghar,0537591302,q. Azghar ang. rue 1 n°94  SIDI KACEM,Pharmacie Azghar Sidi Kacem,Sidi Kacem,,SidiKacem
8280,Pharmacie Haouafate,0537905504,q. Haouafate  souk Jemaa  SIDI KACEM,Pharmacie Haouafate Sidi Kacem,Sidi Kacem,,SidiKacem
8293,Pharmacie Aissaoui,0537799311,Pharmacie Aissaoui SIDI KACEM,Pharmacie Aissaoui Sidi Kacem,Sidi Kacem,,SidiKacem
9188,Pharmacie El Hekim,0667051774,hay Jawhara   n° 1237  Sidi Kacem - Maroc   ,Pharmacie El Hekim Sidi kacem,Sidi kacem,,SidiKacem
7651,Pharmacie Marhaba,0535641381,"hay el mernissi sidi brahim, a coté poste sidi brahim et hotel fès inn FES",Pharmacie Marhaba Fès,Fès,,Fes-Centre
4640,Pharmacie Douiet,0535726023,Pharmacie Douiet FES,Pharmacie Douiet Fès,Fès,,Fes-Centre
7102,Pharmacie La Lavande,0535607879,hay Rajae   rue 2 n°13 Champ de Cours  Fès,Pharmacie La Lavande Fès,Fès,,Fes-Centre
7541,Pharmacie Louageryine,0535940033,Pharmacie Louageryine FES,Pharmacie Louageryine Fès,Fès,,Fes-Centre
8067,Pharmacie Nouzha,0535610374,route ain chqef. mosquée mouad ibn jabel. lotissement nouzha. face écoles al falah Fes,Pharmacie Nouzha Fès,Fès,,Fes-Centre
2267,Pharmacie Annamae,0608186722,"pharmacie annamae, hay annamae lot 354 bensouda, route hay al massira Fes",Pharmacie Annamae Fès,Fès,,Fes-Centre
3469,Pharmacie Benmimoun,0535610848,"pharmacie benmimoun, 60, rue annasr hay riad, route ain smen FES",Pharmacie Benmimoun Fès,Fès,,Fes-Centre
3417,Pharmacie Benjelloun,0535610967,"lotiss krikach, n°24 hay tarik a coté de l'école malaika en face du palais FES",Pharmacie Benjelloun Fès,Fès,,Fes-Centre
5608,Pharmacie Haoudi,0535642005,Pharmacie Haoudi FES,Pharmacie Haoudi Fès,Fès,,Fes-Centre
5812,Pharmacie Hay Laalou,0535751978,"n°30. hay laalou. hay ain haroun agadir, proche du terminus des bus 7-8-49 Fes",Pharmacie Hay Laalou Fès,Fès,,Fes-Centre
7921,Pharmacie Mounad,0535763503,hay Sehb El Ward   rue 1 n°17 bis  blad Raiss  Fès,Pharmacie Mounad Fès,Fès,,Fes-Centre
3077,Pharmacie Bab Guissa,0535635584,numéro 25 bab guissa a cote du palais jamaai Fes,Pharmacie Bab Guissa Fès,Fès,,Fes-Centre
3155,Pharmacie Bab Siffer,0535646136,Pharmacie Bab Siffer FES,Pharmacie Bab Siffer Fès,Fès,,Fes-Centre
5451,Pharmacie Fes Shore,0535619528,"n° 212 lot alhawaa el jamil. 200m de la faculté du médecine, route sidi hrazem Fes",Pharmacie Fes Shore Fès,Fès,,Fes-Centre
7587,Pharmacie Mabrouka,0535700377,"27, lotiss. mabrouka 2, belkhayat, terminus 37 Fes",Pharmacie Mabrouka Fès,Fès,,Fes-Centre
3065,Pharmacie Bab Elkhokha,0535649610,5  lotiss. Najah   Bab El Khokha  Fès,Pharmacie Bab Elkhokha Fès,Fès,,Fes-Centre
6786,Pharmacie La Baraka,0535748766,numéro 15 lot firdaws hay adarissa a cote de mosquée al baraka a cote de ista Fes,Pharmacie La Baraka Fès,Fès,,Fes-Centre
2869,Pharmacie Bab Boujloud,0535633222,place bab boujloud fès médina Fes,Pharmacie Bab Boujloud Fès,Fès,,Fes-Centre
2794,Pharmacie Azzaytoune,0535726898,"pharmacie azzaytoune, lot. azzaytoune km 7 n 8 ras el ma bensouda Fes",Pharmacie Azzaytoune Fès,Fès,,Fes-Centre
6719,Pharmacie Karaouine,0535640749,Pharmacie Karaouine FES,Pharmacie Karaouine Fès,Fès,,Fes-Centre
2527,Pharmacie Asmae,0535732193,"122 s narjis , 42 bd rachad , 200 metres du hamam narjis Fes",Pharmacie Asmae Fès,Fès,,Fes-Centre
7644,Pharmacie Malaika,0535962247,hay badr 1 lot. mehdi n°50 pres ecole malaika Fes,Pharmacie Malaika Fès,Fès,,Fes-Centre
5463,Pharmacie Filali,0535622163,boulevard obaida ibn aljarah .proche du consulat de la france Fes,Pharmacie Filali Fès,Fès,,Fes-Centre
3585,Pharmacie Blad Skallia,0535764271,Pharmacie Blad Skallia FES,Pharmacie Blad Skallia Fès,Fès,,Fes-Centre
5367,Pharmacie Fares,0535751912,dhar lkhmis 4. hafrat ben slimane. a coté collège abd el ali benchakroun Fes,Pharmacie Fares Fès,Fès,,Fes-Centre
4101,Pharmacie Complexe Sportif,0535732873,"28, bd arrahma narjis d. hay al qods. près de l'école al bakri et mosquée arrahma FES",Pharmacie Complexe Sportif Fès,Fès,,Fes-Centre
7375,Pharmacie Lavande,0536607879,Pharmacie Lavande FES,Pharmacie Lavande Fès,Fès,,Fes-Centre
8537,Pharmacie Tadamoune,0535649215,hay Sahrij Gnaoua   bloc 30 B n°54  Elmenzeh  Fès,Pharmacie Tadamoune Fès,Fès,,Fes-Centre
4362,Pharmacie Derb Lamty,0535761583,"n°1, derb lamty, rue fouah, r'cif Fes",Pharmacie Derb Lamty Fès,Fès,,Fes-Centre
7452,Pharmacie Les Merinides,0535645169,"numéro 24, hay ben zakour dher lkhmiss en face préfecture meriniyine Fes",Pharmacie Les Merinides Fès,Fès,,Fes-Centre
7464,Pharmacie les Trois Sources,0535963300,rte d'imouzzer   lotiss. labar n°61 FES,Pharmacie les Trois Sources Fès,Fès,,Fes-Centre
6466,Pharmacie Jbel Tghat,0535750788,hay tghat a cote de préfecture zouagha moulay yacoub route marjane Fes,Pharmacie Jbel Tghat Fès,Fès,,Fes-Centre
628,Pharmacie Aïn Smen,0535602419,bloc b 172 hay al wifaq route ain smen Fes,Pharmacie Aïn Smen Fès,Fès,,Fes-Centre
7307,Pharmacie Laguzira,0535763900,n° 13 fran chrarda laguzira a coté de la mosquée al makhfiya et cinéma al amal FES,Pharmacie Laguzira Fès,Fès,,Fes-Centre
8750,Pharmacie Zemmouri,0535601446,"pharmacie zemmouri, route ain smen a cote istea Fes",Pharmacie Zemmouri Fès,Fès,,Fes-Centre
8734,Pharmacie Zalagh,0535701025,lot hadika tranche 2.  route entre dauaa et oued fès Fes,Pharmacie Zalagh Fès,Fès,,Fes-Centre
8106,Pharmacie Oued Zhoun,0535635969,"numéro 47 , arssat betioui oued zhoun Fes",Pharmacie Oued Zhoun Fès,Fès,,Fes-Centre
583,Pharmacie Ain Kadouss,0535646094,"av. youssef ben tachfine, ain kadous proche du cinéma mauritanie Fes",Pharmacie Ain Kadouss Fès,Fès,,Fes-Centre
8411,Pharmacie Sebti,0535640666,"n°1, bloc c, rue benzakour. en face du lycée ben tachfine - clinique riyad atlas FES",Pharmacie Sebti Fès,Fès,garde 24h/24,Fes-Centre
8681,Pharmacie Youssef Ibn Tachfine,0535753702,lot riad limoune s14 n°3 route meknes Fes,Pharmacie Youssef Ibn Tachfine Fès,Fès,,Fes-Centre
4684,Pharmacie Driss,0532002800,"2 lot. almssala, hay al mssala bab ftouh Fes",Pharmacie Driss Fès,Fès,,Fes-Est
8264,Pharmacie R'cif,0535633323,"rahbat tben, bab jdid .r'cif Fes",Pharmacie R'cif Fès,Fès,,Fes-Est
1288,Pharmacie Al Hanae,0535763516,"jnane tbib hay el m'cela, dehors bab lftouh. en face lot. tajmouati Fes",Pharmacie Al Hanae Fès,Fès,,Fes-Est
2207,Pharmacie Amine,0535760770,n°32 double route jadida rassif proche de l'hopital route el jadida Fes,Pharmacie Amine Fès,Fès,,Fes-Est
7856,Pharmacie Mouene,0535711748,hay Msallah   lotiss. Andalous  Fès,Pharmacie Mouene Fès,Fès,,Fes-Est
5394,Pharmacie Fatima Fihria,0535741353,"pharmacie fihria, n°167, derb bouajjara, bab jdid Fes",Pharmacie Fatima Fihria Fès,Fès,,Fes-Est
8756,Pharmacie Ziat,0535634446,12 hay ziat bathaa -,Pharmacie Ziat Fès,Fès,,Fes-Est
2882,Pharmacie Bab El Hamra,0535648220,"n°6 ras kaleaa, derrière sidi ali boughaleb, a coté dépot municipal Fes",Pharmacie Bab El Hamra Fès,Fès,,Fes-Est
3623,Pharmacie Bled Tahiriyine,0535630682,bled belmakhlouf n°46 rue1. tahiriyine Fes,Pharmacie Bled Tahiriyine Fès,Fès,,Fes-Est
8156,Pharmacie Oum El Banine,0535635562,"n°10, boulevard ahmed mekouar, bathaa, près du lycée oum el banine Fes",Pharmacie Oum El Banine Fès,Fès,,Fes-Est
5416,Pharmacie Fatima Zahra,0535604521,"pharmacie fatima zahra, 2 lot. tourya anas 3 a coté clinique arrazi FES",Pharmacie Fatima Zahra Fès,Fès,,Fes-Est
7544,Pharmacie Louizate,0535629882,"pharmacie louizate, bled diouri n°44, douar riafa, bab ftouh Fes",Pharmacie Louizate Fès,Fès,,Fes-Est
899,Pharmacie Al Anouar,0535649077,"place lahbabi, bab el khokha lfakharine Fes",Pharmacie Al Anouar Fès,Fès,garde 24h/24,Fes-Est
8426,Pharmacie Sehb Elward,0535761484,"5, sehb elward, rue 3 en d'hors du bab ftouh Fes",Pharmacie Sehb Elward Fès,Fès,,Fes-Est
6672,Pharmacie Kamal,0535762065,numéro 12 rue blad saadani sehb al ward a cote du terminus 53 Fes,Pharmacie Kamal Fès,Fès,,Fes-Est
8432,Pharmacie Sehrij Gnaoua,0535630816,"n°201 blad tahri, sahrij gnaoua FES",Pharmacie Sehrij Gnaoua Fès,Fès,,Fes-Est
3853,Pharmacie Boutouil,0535652845,"46 boutouil, derb btatha, fes jdid a cote ecole bab ryafa",Pharmacie Boutouil Fès,Fès,,Fes-Est
8005,Pharmacie Nationale,0535634313,n°42. rue talaa sghira Fes,Pharmacie Nationale Fès,Fès,,Fes-Est
6190,Pharmacie Ilya,0631713183,Pharmacie Ilya FES,Pharmacie Ilya Fès,Fès,,Fes-Est
6178,Pharmacie Ilya,0613917179,"lot. bab elghoul a5 dher elmahraz, proche de l'hopital el ghassani Fes",Pharmacie Ilya Fès,Fès,,Fes-Est
8451,Pharmacie Sidi Ali Boughaleb,0535649500,drouj malakia bab ftouh Fes,Pharmacie Sidi Ali Boughaleb Fès,Fès,,Fes-Est
5005,Pharmacie El Menzeh,0535711096,"sehrij guenaoua, n°46, bab ftouh -",Pharmacie El Menzeh Fès,Fès,,Fes-Est
8228,Pharmacie Populaire,0535621929,"92, bab jyaf en face de bab samarine boulkhsisat, fes jdid",Pharmacie Populaire Fès,Fès,,Fes-Est
3650,Pharmacie Blida,0632775720,"n°30 chouwara. hay blida fès medina, entre sidi ahmed tijani et dar dbagh Fes",Pharmacie Blida Fès,Fès,,Fes-Est
8365,Pharmacie Sagha,0535634042,hay sagha Fes,Pharmacie Sagha Fès,Fès,,Fes-Est
3146,Pharmacie Bab Lghoul,0535626927,n° 85. bab lghoul. dhar lmehraz. a coté de l'hopital al ghassani Fès,Pharmacie Bab Lghoul Fès,Fès,,Fes-Est
8452,Pharmacie Sidi Boujida,0535648703,sidi boujida Fes,Pharmacie Sidi Boujida Fès,Fès,,Fes-Est
3695,Pharmacie Blida,0667410073,"pharmacie blida, 30 chouwara hay blida, entre sidi ahmed tijani et dar dbagh  Fes",Pharmacie Blida Fès,Fès,,Fes-Est
6569,Pharmacie Jnane Drader,0535763849,"pharmacie jnane drader, 34 rue 3 jnane drader sidi boujida Fes",Pharmacie Jnane Drader Fès,Fès,,Fes-Est
5599,Pharmacie Hanane,0535649181,"54a bis, jnane bennis, route bab khokha. (face du mosquée tajmouaati) Fes",Pharmacie Hanane Fès,Fès,,Fes-Est
4126,Pharmacie Dar Dmana,0535630740,hafrat bennis a coté du centre santé ain nokbi FES,Pharmacie Dar Dmana Fès,Fès,,Fes-Est
9607,Pharmacie Oxygène,0535657902,2  hay Dhar El Mehraz    rue Tarik Al Moqadassa   Fès - Maroc,Pharmacie Oxygène Fès,Fès,,Fes-Est
8182,Pharmacie Oxygène,0611706272,cité 2 rue tariq al moqadassa dher lmahraz Fes,Pharmacie Oxygène Fès,Fès,,Fes-Est
8047,Pharmacie Nour,0535943513,n° 85. bd les marinides. mellah Fes,Pharmacie Nour Fès,Fès,,Fes-Est
5885,Pharmacie Ibn Baytar,0535669035,"4, rue Senhaja, Jnane suissi Fès",Pharmacie Ibn Baytar Fès,Fès,,Fes-Est
3400,Pharmacie Belmhani,0535733993,Pharmacie Belmhani FES,Pharmacie Belmhani Fès,Fès,,Fes-Est
7149,Pharmacie La Menara,0535615672,635  bd al karaouiyine   narjiss c rte de sefrou Fes,Pharmacie La Menara Fès,Fès,,Fes-Est
7232,Pharmacie la Ménara,0535658694,635  bd Al Karaouiyine   Narjiss C rtede Sefrou  Fès,Pharmacie la Ménara Fès,Fès,,Fes-Est
1252,Pharmacie Al Ghassani,0535940078,douar al asker. route hopital al ghassani. face de la caserne militaire Fes,Pharmacie Al Ghassani Fès,Fès,,Fes-Est
9995,pharmacie olha ,0677208990,"N° 1 lot A151 lot,bab el ghoul tranche 2 dhar mahraz-fes a cote hôtel saharai",pharmacie olha Fès,Fès,,Fes-Est
1117,Pharmacie Bounoua,0535521809,3  rue Bir Anzarane   Rte ElHajeb  Meknès,Pharmacie Bounoua Meknès,Meknès,,Meknes
450,Pharmacie Al Wassila,0535520123,8  rue El kifa   av. des F.a.r.  Meknes,Pharmacie Al Wassila Meknès,Meknès,,Meknes
1511,Pharmacie du Borj,0535523535,11  bd Khalid Bnou Loualid   secteur 9  Meknes,Pharmacie du Borj Meknès,Meknès,,Meknes
2412,Pharmacie Injad,0535530092,297  lotiss. Dakhla   hay Salam  Meknes,Pharmacie Injad Meknès,Meknès,,Meknes
2405,Pharmacie In Yansorkom Allah,0535502246,"35, lotiss. Al Bassatine  Meknes",Pharmacie In Yansorkom Allah Meknès,Meknès,,Meknes
9554,Pharmacie Bahri,0535554120,622 à côté du dispensaire ancienne préfecture ismailla Agdal,Pharmacie Bahri Meknès,Meknès,,Meknes
3622,Pharmacie Nassim,0535554478,"hay Sidi Baba, douar Jdid n°63 Meknes",Pharmacie Nassim Meknès,Meknès,,Meknes
6576,Pharmacie Safae,0535536056,lotiss. Annasr   rue 8 n°190  Rte d'agourai  Meknes,Pharmacie Safae Meknès,Meknès,,Meknes
2177,Pharmacie Hayati,0535500128,hay Al Bassatine   18 Olm Ext. Sud  Meknes,Pharmacie Hayati Meknès,Meknès,,Meknes
6820,Pharmacie Sarameto,0662530605,sarameto 5 diour l'erac 2ème rue après la radem sbata près de 12ème arondisement de police touargua Meknes,Pharmacie Sarameto Meknès,Meknès,garde 24h/24,Meknes
1832,Pharmacie Fac De Droit,0676240193,hay takaddoum douar jbala derrière fac de droit borj machkouk Meknes,Pharmacie Fac De Droit Meknès,Meknès,,Meknes
2893,Pharmacie Lina,0535402751,"10, rue El Mourabitine  Meknes",Pharmacie Lina Meknès,Meknès,,Meknes
6846,Pharmacie Saramito,0535536581,hay Touarga   Saramito 5 n°35  Meknes,Pharmacie Saramito Meknès,Meknès,,Meknes
1182,Pharmacie Chams,0535500881,"rue Essaadiyine, résid. Mabrouka, imm. B ElBassatine Meknes",Pharmacie Chams Meknès,Meknès,,Meknes
6852,Pharmacie Sbai,0535467356,lotiss. Mansour 2 A  imm. B1 n°3 et 4  Meknès,Pharmacie Sbai Meknès,Meknès,,Meknes
3094,Pharmacie Mausolée,0535555347,5  derb Filala   Mly Ismail  Meknes,Pharmacie Mausolée Meknès,Meknès,,Meknes
7101,Pharmacie Sidi Amer,0535559292,109  derb Souahel   sidi Amer  Meknes,Pharmacie Sidi Amer Meknès,Meknès,,Meknes
596,Pharmacie Ancienne Médina,0535559272,ancienne Médina   souikat Jbala n°13  Meknes,Pharmacie Ancienne Médina Meknès,Meknès,,Meknes
8670,Pharmacie Zitouna,0661352429,4  Al Mansouria   imm. 1 et 2  Meknes,Pharmacie Zitouna Meknès,Meknès,,Meknes
3807,Pharmacie Oued Jdida,0535546598,Pharmacie Oued Jdida MEKNES,Pharmacie Oued Jdida Meknès,Meknès,,Meknes
3185,Pharmacie Millenaire,0535402094,"hay borj Moulay Omar, anciens combatants, imm. Zerhoune bloc D n°10 Meknes",Pharmacie Millenaire Meknès,Meknès,,Meknes
2863,Pharmacie les Nobles,0535466151,hay Marjane 1   tranche 2 Samouni n°26  Meknes,Pharmacie les Nobles Meknès,Meknès,,Meknes
1231,Pharmacie Cornette,0535403096,10  Pl. Dr Giguet Cornette   Meknes,Pharmacie Cornette Meknès,Meknès,,Meknes
1116,Pharmacie Boumehdi,0535547511,Pharmacie Boumehdi MEKNES,Pharmacie Boumehdi Meknès,Meknès,,Meknes
1890,Pharmacie Gare Routière,0535555474,hay Sidi Said   cplxe Walili  Meknes,Pharmacie Gare Routière Meknès,Meknès,,Meknes
900,Pharmacie Ayachi,0535451162,92 X rue El Maarka   Meknes,Pharmacie Ayachi Meknès,Meknès,,Meknes
2643,Pharmacie Lahlimi,0535535008,"664, hay Agdal  Meknes",Pharmacie Lahlimi Meknès,Meknès,,Meknes
2673,Pharmacie Larhlimi,0535537123,Pharmacie Larhlimi MEKNES,Pharmacie Larhlimi Meknès,Meknès,,Meknes
3197,Pharmacie Mimousa,0535450824,hay Al Wahda 1   n°6 Sidi Bouzekri  Meknes,Pharmacie Mimousa Meknès,Meknès,,Meknes
7648,Pharmacie Sidi Slimane,0535300148,Pharmacie Sidi Slimane MEKNES,Pharmacie Sidi Slimane Meknès,Meknès,,Meknes
915,Pharmacie Bab Kbich,0535439584,23  rue Zair   Sidi M'barek Zitoune  Meknes,Pharmacie Bab Kbich Meknès,Meknès,,Meknes
930,Pharmacie Bab Khemis,0535537868,1  rue Meknès   Riad  Meknes,Pharmacie Bab Khemis Meknès,Meknès,,Meknes
7609,Pharmacie Sidi Massoud,0535404002,Pharmacie Sidi Massoud MEKNES,Pharmacie Sidi Massoud Meknès,Meknès,,Meknes
7923,Pharmacie Squalli,0535467722,5  lotiss. Marjana - Autre ville   tranche 1  Meknes,Pharmacie Squalli Meknès,Meknès,,Meknes
5986,Pharmacie Route de Fès,0535515966,"bd des F.a.r., lotiss. Al Wifaq Meknes",Pharmacie Route de Fès Meknès,Meknès,,Meknes
295,Pharmacie Jennat (Al Inbiâat),0535467740,"hay Kamilia, lot Al Inbiâat 2 n°19 Meknes",Pharmacie Jennat (Al Inbiâat) Meknès,Meknès,,Meknes
3869,Pharmacie Oujah Arrous,0535532606,4021  bd El Kebir   Oujah Arrous  Meknes,Pharmacie Oujah Arrous Meknès,Meknès,,Meknes
8875,El Menzah Médical,0535511320,2  bd des F.a.r.   résid. Shahrazad  v.n  Meknès - Maroc   ,Parapharmacie El Menzah Médical Meknès,Meknès,,Meknes
9189,Pharmacie Allali,0532550033,476  z.i. Mejjat    lot Bridiya  Meknès - Maroc   ,Pharmacie Allali Meknès,Meknès,,Meknes
1335,Pharmacie de la Santé,0535521045,"60, bd Allal Ben Abdallah  Meknes",Pharmacie de la Santé Meknès,Meknès,,Meknes
6542,Pharmacie Iris,0535567576,Marché Municipale   IFRANE,Pharmacie Iris Ifrane,Ifrane,,Ifrane
6284,Pharmacie Timahdite,0535560460,Centre Timahdite   IFRANE,Pharmacie Timahdite Ifrane,Ifrane,,Ifrane
7950,Pharmacie du Bouling,0535567784,bd la Marche Verte   résid. Ifrane Bowling Center hay Ryad,Pharmacie du Bouling Ifrane,Ifrane,,Ifrane
1964,Pharmacie Michlifen,0535566496,7  rue des Erables   Ifrane,Pharmacie Michlifen Ifrane,Ifrane,,Ifrane
7848,Pharmacie Belyazid,0535566415,hay Essalam   bloc Gb n°20  IFRANE,Pharmacie Belyazid Ifrane,Ifrane,,Ifrane
586,Pharmacie Du Dispensaire,0535566060,369 hay essalam Ifrane,Pharmacie Du Dispensaire Ifrane,Ifrane,,Ifrane
8799,Pharmacie Essalam,0535566677,186  hay Essalam   IFRANE,Pharmacie Essalam IFRANE,IFRANE,,Ifrane
6152,Pharmacie AlFadila,0535567546,146  hay AlAtlas   IFRANE,Pharmacie AlFadila Ifrane,Ifrane,,Ifrane
9949,Pharmacie Al Amraoui,0538344898, Essanaoubar Azrou,Pharmacie Al Amraoui Azrou,Azrou,,Ifrane
510,Pharmacie Ramis,0535561820,365  lotiss. Essanaoubar   Ahaddaf  Azrou,Pharmacie Ramis Azrou,Azrou,,Ifrane
482,Pharmacie Sara,0669887676,13  lotiss. Haimadi   Ahadaf  Azrou,Pharmacie Sara Azrou,Azrou,,Ifrane
3735,Pharmacie Sanawbar,0535560333,Nakhil III   Ahadaf n°280  Azrou,Pharmacie Sanawbar Azrou,Azrou,,Ifrane
6655,Pharmacie Sidi AlMakhfi,0535867613,Pharmacie Sidi AlMakhfi AZROU,Pharmacie Sidi AlMakhfi Azrou,Azrou,,Ifrane
6913,Pharmacie Zouhair,0535562447,rte de Midelt   Ajellab  AZROU,Pharmacie Zouhair Azrou,Azrou,,Ifrane
7786,Pharmacie Youssra,0535561131,"Lotiss. Ain Aghbal , rte du souk Azrou",Pharmacie Youssra Azrou,Azrou,garde 24h/24,Ifrane
7818,Pharmacie Ain Aghbal,0535562101,1072  lot. Ain Aghbal   AZROU,Pharmacie Ain Aghbal Azrou,Azrou,,Ifrane
7434,Pharmacie Marina,0534934571,lotiss. El Hassania   Ahadaf n°36  AZROU,Pharmacie Marina Azrou,Azrou,,Ifrane
2964,Pharmacie Merchich,0535561111,hay El Farah   lotiss. Farah II rte de Meknès  Azrou,Pharmacie Merchich Azrou,Azrou,,Ifrane
1705,Pharmacie Nakhil,0535564248,105  lotiss. Nakhil   Ahadaf  Azrou,Pharmacie Nakhil Azrou,Azrou,,Ifrane
7468,Pharmacie Nakhil,0670695386,Pharmacie Nakhil AZROU,Pharmacie Nakhil Azrou,Azrou,,Ifrane
6253,Pharmacie Ahadaf,0535561239,90  rue Casablanca   Ahadaf  AZROU,Pharmacie Ahadaf Azrou,Azrou,,Ifrane
2082,Pharmacie Adam,0771855060,lotiss. Adam   Azrou,Pharmacie Adam Azrou,Azrou,,Ifrane
1138,Pharmacie Moyen Atlas,0535562873,1  bd Moulay Abdelkader   Azrou,Pharmacie Moyen Atlas Azrou,Azrou,,Ifrane
3370,Pharmacie Takouine,0535564333,Atlas II   n°122 Ahadaf Azrou,Pharmacie Takouine Azrou,Azrou,,Ifrane
291,Pharmacie Al Arabi,0535561970,15  av Hassan II   P 21  Azrou,Pharmacie Al Arabi Azrou,Azrou,,Ifrane
983,Pharmacie Sakhra,0535561498,Pl. Mohammed V   Azrou,Pharmacie Sakhra Azrou,Azrou,,Ifrane
7840,Pharmacie la Mosquée,0535564403,Pharmacie la Mosquée AZROU,Pharmacie la Mosquée Azrou,Azrou,,Ifrane
4468,Pharmacie Hanane,0535561417,"143, rue Mauritanie , Kechla Azrou",Pharmacie Hanane Azrou,Azrou,,Ifrane
6143,Pharmacie Al Arz,0535564268,quartier Ahadaf   rue 17 n°152  AZROU,Pharmacie Al Arz Azrou,Azrou,,Ifrane
7975,Pharmacie Masjid Essaada,0535564141,Ahadaf   rue 15 n°578  AZROU,Pharmacie Masjid Essaada Azrou,Azrou,,Ifrane
8980,Pharmacie Akchmir,0535564641,quartier Michlifen II   Ahadaf n°17  Azrou - Maroc   ,Pharmacie Akchmir Azrou,Azrou,,Ifrane
1109,Pharmacie Oum Rayane,0535560438,82  q. Tabadlit Al Jdida   rue 7  Azrou,Pharmacie Oum Rayane Azrou,Azrou,,Ifrane
8386,Pharmacie Rachad,0535564940,41  rue Sekkaya   AZROU,Pharmacie Rachad Azrou,Azrou,,Ifrane
818,Pharmacie Ibn Sina,0535560616,Bouykour Ahadaf   rue 33 n°9  Azrou,Pharmacie Ibn Sina Azrou,Azrou,,Ifrane
6060,Pharmacie Wiwane,0535569164,Pharmacie Wiwane AZROU,Pharmacie Wiwane Azrou,Azrou,,Ifrane
6359,Pharmacie Oussaden,0535562238,127  bd Hassan II   quartier Ahadaf  AZROU,Pharmacie Oussaden Azrou,Azrou,,Ifrane
1553,Pharmacie Al Ihssane,0664187395,lot El Fath n°106  Azrou,Pharmacie Al Ihssane Azrou,Azrou,,Ifrane
5809,Pharmacie Principale,0535562983,9  rue prince Mly Abdellah   Azrou,Pharmacie Principale Azrou,Azrou,,Ifrane
6938,Pharmacie AlAmraoui,0535564974,Pharmacie AlAmraoui AZROU,Pharmacie AlAmraoui Azrou,Azrou,,Ifrane
7940,Pharmacie El Bouchra,0535563706,Hay Mly Hassan Tizi   rue 1 n°37  AZROU,Pharmacie El Bouchra Azrou,Azrou,,Ifrane
1345,Pharmacie Azrou,0535560910,25  rue Tit Hcen   Azrou,Pharmacie Azrou Azrou,Azrou,,Azrou
6057,Pharmacie El Houda,0535560696,54  rue de Marrakech   lot Mimoza  AZROU,Pharmacie El Houda Azrou,Azrou,,Azrou
3756,Pharmacie El Fath Saoudi,0535563347,207  bd Hassan II   Ahadaf  Azrou,Pharmacie El Fath Saoudi Azrou,Azrou,,Azrou
9830,Pharmacie Tigrigra,0767531606,Kasbah Ait Yahya Ouaalla   Azrou - Maroc,Pharmacie Tigrigra Azrou,Azrou,,Azrou
6625,Pharmacie Alouafae,0535563850,Pharmacie Alouafae IFRANE,Pharmacie Alouafae Ifrane,Ifrane,,Azrou
8169,Pharmacie Hay El Farah,0535683073,"hay El Farah , station Ziz Sefrou",Pharmacie Hay El Farah Séfrou,Séfrou,,Sefrou
1176,Pharmacie Bab ElMakam,0535661765,4  rue Ibn Tachfine   SEFROU,Pharmacie Bab ElMakam Séfrou,Séfrou,,Sefrou
8391,Pharmacie Zine El Abidine,0535969632,"lotiss. Atlas , Ben Seffar Sefrou",Pharmacie Zine El Abidine Séfrou,Séfrou,,Sefrou
207,Pharmacie Charifi,0535660689,av ElIdrissi   rue 227 n°97 Habouna  Séfrou,Pharmacie Charifi Séfrou,Séfrou,garde 24h/24,Sefrou
8488,Pharmacie Route de Boulmane,0611262805,"72, lotiss. Moulay Ismail  Sefrou",Pharmacie Route de Boulmane Séfrou,Séfrou,,Sefrou
7335,Pharmacie Pasteur,0535969580,Pharmacie Pasteur SEFROU,Pharmacie Pasteur Séfrou,Séfrou,,Sefrou
8971,Pharmacie Razi,0535969460,220  av Yaâcoub El Mansour   Séfrou - Maroc   ,Pharmacie Razi Séfrou,Séfrou,,Sefrou
9029,Pharmacie Habitat,0535969242,114  bd Hassan 1ér   Sette Massouda  Séfrou    ,Pharmacie Habitat Séfrou,Séfrou,,Sefrou
1370,Pharmacie Hay Sidi Boumediane,0535969448,hay Sidi Boumediane   lot. Hind n°130  Séfrou,Pharmacie Hay Sidi Boumediane Séfrou,Séfrou,,Sefrou
357,Pharmacie Sidi Lahcen Lyoussi,0535660429,281  derb El Miter   Sefrou,Pharmacie Sidi Lahcen Lyoussi Séfrou,Séfrou,,Sefrou
7319,Pharmacie du Stade,0535662572,72  Lotissement Ben Hamza   Massy  Sefrou,Pharmacie du Stade Séfrou,Séfrou,garde 24h/24,Sefrou
7769,Pharmacie Ben Seffar,0535969013,"104, lotissement Hind , hay Ennahda lot. n°5 Sefrou",Pharmacie Ben Seffar Séfrou,Séfrou,,Sefrou
7561,Pharmacie Aïn Karma,0535404271,Pharmacie Aïn Karma SEFROU,Pharmacie Aïn Karma Séfrou,Séfrou,,Sefrou
8207,Pharmacie Setti Massaouda,0535660672,134  bd Moulay Ismail   SEFROU,Pharmacie Setti Massaouda Séfrou,Séfrou,,Sefrou
2773,Pharmacie Assalam,0533740720,887  av. Mohamed Yakhlaf Ben Seffar   Sefrou,Pharmacie Assalam Séfrou,Séfrou,,Sefrou
7522,Pharmacie Slaoui Al Jadida,0535969200,530  av Yacoub El Mansour   SEFROU,Pharmacie Slaoui Al Jadida Séfrou,Séfrou,,Sefrou
8251,Pharmacie les Cérises,0535683583,140  Ibnou Zaidoun   Habouna  SEFROU,Pharmacie les Cérises Séfrou,Séfrou,,Sefrou
8791,Pharmacie Chabbak,0535969207,"Q. Chabbak 1 , n°117 bis Sefrou",Pharmacie Chabbak Séfrou,Séfrou,,Sefrou
1,Pharmacie centrale,0535660484,1  pl. Bab El Mrabaa   Sefrou,Pharmacie centrale Séfrou,Séfrou,,Sefrou
8997,Pharmacie Route de Fès,0535969538,route de Fès   Séfrou - Maroc   ,Pharmacie Route de Fès Séfrou,Séfrou,,Sefrou
2815,Pharmacie de Sefrou,0535660268,Boulevard Mohammed V   Sefrou,Pharmacie de Sefrou Séfrou,Séfrou,,Sefrou
8972,Pharmacie Hay Elouz,0535661394,q. Elouz   Ben Seffar n°44  Séfrou - Maroc   ,Pharmacie Hay Elouz Séfrou,Séfrou,,Sefrou
7882,Pharmacie la Province,0535682139,q. chram   v.n.  Sefrou,Pharmacie la Province Séfrou,Séfrou,,Sefrou
7423,Pharmacie Al Amal,0535660265,Rfaif  Sefrou,Pharmacie Al Amal Séfrou,Séfrou,,Sefrou
9014,Pharmacie Sidi Ahmed Tadli,0535660348,318  bd Abdelkrim Khattabi   Séfrou - Maroc   ,Pharmacie Sidi Ahmed Tadli Séfrou,Séfrou,,Sefrou
2674,Pharmacie Zghari,0659797970,12 x bd Hassan II   lot Karim  hay Ennasr  Sefrou,Pharmacie Zghari Séfrou,Séfrou,,Sefrou
971,Pharmacie Lmassjid,0661355153,lot Massay   n°118  Sefrou,Pharmacie Lmassjid Séfrou,Séfrou,,Sefrou
119,Pharmacie Laaouini,0535683887,102  Lotissement Lalla Moulati   rte. El Menzel  Sefrou,Pharmacie Laaouini Séfrou,Séfrou,,Sefrou
8579,Pharmacie Laaouini,0535969429,Pharmacie Laaouini SEFROU,Pharmacie Laaouini Séfrou,Séfrou,,Sefrou
7509,Pharmacie Khalil,0535660737,1218  Zalagh Ben Sefar   SEFROU,Pharmacie Khalil Séfrou,Séfrou,,Sefrou
2226,Pharmacie Rachad,0550116595,rue Errachad   Séfrou,Pharmacie Rachad Séfrou,Séfrou,,Sefrou
8346,Pharmacie de Garde,0614571759,Pharmacie de Garde SEFROU,Pharmacie de Garde Séfrou,Séfrou,,Sefrou
221,Pharmacie Avicenne,0535660562,bd Amir Abdelkader   Sefrou,Pharmacie Avicenne Séfrou,Séfrou,,Sefrou
612,Pharmacie Boudarham 2,0535682479,Rte Al Manzel   n°558  hay Boudarham  Sefrou,Pharmacie Boudarham 2 Séfrou,Séfrou,,Sefrou
1678,Pharmacie Mhirez,0535682650,lotiss. Essalam   n°32  Mhirez  Sefrou,Pharmacie Mhirez Séfrou,Séfrou,garde 24h/24,Sefrou
728,Pharmacie Cascades,0535682925,rue Errachad   bloc 2 n°°167  Séfrou,Pharmacie Cascades Séfrou,Séfrou,,Sefrou
3118,Pharmacie la Famille,0535662264,lotissement Bir Anzarane   Ben Seffar n°19  Séfrou,Pharmacie la Famille Séfrou,Séfrou,,Sefrou
7915,Pharmacie Fadil,0535661818,648  rue Aghaliba   Sefrou,Pharmacie Fadil Séfrou,Séfrou,,Sefrou
7589,Pharmacie Rhizlane,0535683411,Pharmacie Rhizlane SEFROU,Pharmacie Rhizlane Séfrou,Séfrou,,Sefrou
7896,Pharmacie Bouayad,0534439606,Pharmacie Bouayad SEFROU,Pharmacie Bouayad Séfrou,Séfrou,,Sefrou
5953,Pharmacie Friouato,0535285766,hay ElMassoudia   villa n°3 mosquée Badr  TAZA,Pharmacie Friouato Taza,Taza,,Taza
776,Pharmacie Oued Dahab,0656851775,91  hay Oued Eddahab - Autre ville   douar Jdid  Taza,Pharmacie Oued Dahab Taza,Taza,,Taza
788,Pharmacie Mly Youssef,0535285801,bd. My Youssef   résid. Sara n°6  Taza,Pharmacie Mly Youssef Taza,Taza,,Taza
2556,Pharmacie Aharrach,0535270008,Place Mly ElHassan  Taza haut,Pharmacie Aharrach Taza,Taza,,Taza
1355,Pharmacie Al Massbah,0535283384,24  Hay Jiarine B   Taza,Pharmacie Al Massbah Taza,Taza,,Taza
6647,Pharmacie El Fath,0535672364,3  av. 11 Janvier hay Tennis   TAZA,Pharmacie El Fath Taza,Taza,,Taza
8725,Pharmacie Maarid,0535284189,cité Massoudia   Taza ElJadida n°253,Pharmacie Maarid Taza,Taza,,Taza
1656,Pharmacie de l'Hôpital,0535673363,15  rue Amssoune   hay Ibn Baja  Taza,Pharmacie de l'Hôpital Taza,Taza,,Taza
9426,Pharmacie Jammaa Lakbir,0535270358,5  bd. Abdelkhalek Torrès   Taza - Maroc   ,Pharmacie Jammaa Lakbir Taza,Taza,,Taza
6518,Pharmacie Lbaladiya,0535285356,110  rue Sfax   TAZA,Pharmacie Lbaladiya Taza,Taza,,Taza
9289,Pharmacie Mabrouka,0538980624,66  lotiss. Mabrouka    propreté Dar Safou  Taza - Maroc   ,Pharmacie Mabrouka Taza,Taza,,Taza
208,Nouvelle Pharmacie Taza,0676892633,36  rte de Fès - Autre ville   Taza,Nouvelle Pharmacie Taza Taza,Taza,,Taza
6778,Pharmacie Taza,0535270051,266  lotiss. Koucha   TAZA,Pharmacie Taza Taza,Taza,,Taza
6506,Pharmacie Bab Zitouna,0535270268,bd. My Ismaïl   TAZA,Pharmacie Bab Zitouna Taza,Taza,garde 24h/24,Taza
9327,Pharmacie Bab Rih,0535270188,50  rue Riad Aznak   Taza - Maroc   ,Pharmacie Bab Rih Taza,Taza,,Taza
6946,Pharmacie Imam Malek,0535673609,9 X bd 11 Janvier   TAZA,Pharmacie Imam Malek Taza,Taza,,Taza
1747,Pharmacie Ourida,0535673819,111  Avenue Allal Ben Abdallah   Taza,Pharmacie Ourida Taza,Taza,,Taza
7343,Pharmacie Syndicat des Pharmaciens de Taza,0535281813,Syndicat des Pharmaciens de Taza,Pharmacie Syndicat des Pharmaciens de Taza Taza,Taza,,Taza
7231,Pharmacie de la victoire,0535673459,place Zerktouni   TAZA,Pharmacie de la victoire Taza,Taza,,Taza
7617,Pharmacie Centre,0535275231,Pharmacie Centre TAZA,Pharmacie Centre Taza,Taza,,Taza
1304,Pharmacie El Koucha,0535270178,hay El Koucha   Takaddoum I  bloc 4 n°1  Taza,Pharmacie El Koucha Taza,Taza,,Taza
1187,Pharmacie Assalam,0535672848,49  lotiss. Ourida - Autre ville   Gh B  Taza,Pharmacie Assalam Taza,Taza,,Taza
8995,Pharmacie Rachad,0535285298,hay Rachad   bloc 2 n°75  Taza - Maroc   ,Pharmacie Rachad Taza,Taza,,Taza
7654,Pharmacie Bni Fath,0535285061,Pharmacie Bni Fath TAZA,Pharmacie Bni Fath Taza,Taza,,Taza
6186,Pharmacie Anouar La Sophal,0535285190,26  hay Anouar   TAZA,Pharmacie Anouar La Sophal Taza,Taza,,Taza
6423,Pharmacie Jiyarine,0535283703,hay Jiyarine   TAZA,Pharmacie Jiyarine Taza,Taza,,Taza
828,Pharmacie Hay ElHassani Hajra,0535282222,hay ElHassani Jiyarine   bloc E n°232  Taza,Pharmacie Hay ElHassani Hajra Taza,Taza,,Taza
7399,Pharmacie Had Msillah,0535283535,Pharmacie Had Msillah TAZA,Pharmacie Had Msillah Taza,Taza,,Taza
5837,Pharmacie Mouatamir,0535211805,Pharmacie Mouatamir TAZA,Pharmacie Mouatamir Taza,Taza,,Taza
9413,Pharmacie ElAlaouiyine,0535282973,hay ElAlaouiyine   n°45  Taza - Maroc   ,Pharmacie ElAlaouiyine Taza,Taza,,Taza
8593,Pharmacie Tizi Ouzli,0535214125,Pharmacie Tizi Ouzli TAZA,Pharmacie Tizi Ouzli Taza,Taza,,Taza
584,Pharmacie Al Mountazah,0601622727,311  lotiss. Seddik 1 - Autre ville   Rte Oujda  hay Al Mountazah,Pharmacie Al Mountazah Taza,Taza,,Taza
9025,Pharmacie Principale,0535672582,av. de la gare   Taza    ,Pharmacie Principale Taza,Taza,,Taza
5942,Pharmacie Victoria,0535281146,Cité Ourida C n°87   TAZA,Pharmacie Victoria Taza,Taza,,Taza
839,Pharmacie Centrale,0535673585,Place de l'Indépendance   Taza,Pharmacie Centrale Taza,Taza,,Taza
6299,Pharmacie ElAmal,0535674804,quartier Aviation   bloc 3 n°75  TAZA,Pharmacie ElAmal Taza,Taza,,Taza
342,Pharmacie Al Gaada,0535284848,rue Sebta   Taza,Pharmacie Al Gaada Taza,Taza,,Taza
9060,Pharmacie Ibn Rochd,0535672133,85  rue Sultan Abou Elhassan   Taza - Maroc   ,Pharmacie Ibn Rochd Taza,Taza,,Taza
6586,Pharmacie Ibnou Baja,0535673075,25  Av. Hassan II   imm. Couscous  TAZA,Pharmacie Ibnou Baja Taza,Taza,,Taza
2625,Pharmacie Omar Khayam,0703050712,17  rte Oujda   lotiss. Konouz  Taza,Pharmacie Omar Khayam Taza,Taza,,Taza
7050,Pharmacie Abouchane,0535586858,64 X Rue 20 Aôut   KHENIFRA,Pharmacie Abouchane Khénifra,Khénifra,,Khenifra
166,Pharmacie El Habri,0535383003,185  bd El Massira   Amalou Ighriben  KHENIFRA,Pharmacie El Habri Khénifra,Khénifra,,Khenifra
5974,Pharmacie Centre El Ksab,0535394150,155  bd Hassan II   El kbab  KHENIFRA,Pharmacie Centre El Ksab Khénifra,Khénifra,,Khenifra
2771,Pharmacie Oum El Qora,0535384143,Lotissement El Abdellaoui   rte. de Meknés n°31 bis  KHENIFRA,Pharmacie Oum El Qora Khénifra,Khénifra,,Khenifra
5844,Pharmacie Fleurs,0535382242,hay Essalam   bloc H n°361  KHENIFRA,Pharmacie Fleurs Khénifra,Khénifra,,Khenifra
7151,Pharmacie Karaouia,0535384848,1  bd Abdellah Chefchaouni   hay Ismailia  KHENIFRA,Pharmacie Karaouia Khénifra,Khénifra,,Khenifra
8447,Pharmacie Noor,0535586643,Pharmacie Noor KHENIFRA,Pharmacie Noor Khénifra,Khénifra,,Khenifra
6755,Pharmacie Atlas,0535586506,37  bd Mohammed V   KHENIFRA,Pharmacie Atlas Khénifra,Khénifra,,Khenifra
3165,Pharmacie Zayan,0535586041,3  bd. Mohamed V   Khénifra,Pharmacie Zayan Khénifra,Khénifra,,Khenifra
6395,Pharmacie Cèdre,0535586582,261  rue Massira   Amalou Ighriben  KHENIFRA,Pharmacie Cèdre Khénifra,Khénifra,,Khenifra
7026,Pharmacie Jabbour,0535588847,17  bd Massira Khadra   KHENIFRA,Pharmacie Jabbour Khénifra,Khénifra,,Khenifra
1091,Pharmacie nouvelle,0535586521,237  bd. Mohamed V   Khénifra,Pharmacie nouvelle Khénifra,Khénifra,,Khenifra
10117,Pharmacie Healing Atlas,0535381983,Khénifra,Pharmacie Healing Atlas Khénifra,Khénifra,,Khenifra
2717,Pharmacie 8 Mars,0535586395,Cité Pam   rue 1 n°20  Khénifra,Pharmacie 8 Mars Khénifra,Khénifra,,Khenifra
711,Pharmacie des Cliniques,0661649124,54  lotiss. Oum Rabii - Autre ville   Amalou  Khénifra,Pharmacie des Cliniques Khénifra,Khénifra,,Khenifra
8315,Pharmacie Achbaro,0535588867,hay Ennassim   bloc 1 n°13  KHENIFRA,Pharmacie Achbaro Khénifra,Khénifra,,Khenifra
449,Pharmacie Afilal,0535384751,Centre Tighessaline   Khénifra,Pharmacie Afilal Khénifra,Khénifra,,Khenifra
6243,Pharmacie Ibn Sina,0535588808,34  rue Elmassira   cité Oum Rabia  KHENIFRA,Pharmacie Ibn Sina Khénifra,Khénifra,,Khenifra
7054,Pharmacie Azir,0535587757,11  rue Diour Chioukh   ancienne Médina  KHENIFRA,Pharmacie Azir Khénifra,Khénifra,garde 24h/24,Khenifra
6435,Pharmacie Alfath,0535382552,105  rue 1   Hay Alfath  KHENIFRA,Pharmacie Alfath Khénifra,Khénifra,,Khenifra
6745,Pharmacie Afilal,0535596969,Pharmacie Afilal KHENIFRA,Pharmacie Afilal Khénifra,Khénifra,,Khenifra
5895,Pharmacie Najah,0535384545,hay Najah   rue 3 n°2  KHENIFRA,Pharmacie Najah Khénifra,Khénifra,,Khenifra
6521,Pharmacie Kaf Nsour,0535382941,Pharmacie Kaf Nsour KHENIFRA,Pharmacie Kaf Nsour Khénifra,Khénifra,,Khenifra
6063,Pharmacie Nasr,0535383672,68  bd Massira   Amalou  KHENIFRA,Pharmacie Nasr Khénifra,Khénifra,,Khenifra
6373,Pharmacie Razi,0535587344,Pharmacie Razi KHENIFRA,Pharmacie Razi Khénifra,Khénifra,,Khenifra
5988,Pharmacie El Amal,0535384166,58  rue oued Sebou   hay Hamria  KHENIFRA,Pharmacie El Amal Khénifra,Khénifra,,Khenifra
6840,Pharmacie Tighessaline,0535596006,bd Mohammed V   Tighessaline  KHENIFRA,Pharmacie Tighessaline Khénifra,Khénifra,,Khenifra
6062,Pharmacie Touhami,0535587800,33  quartier Ikhamen   KHENIFRA,Pharmacie Touhami Khénifra,Khénifra,,Khenifra
6951,Pharmacie Rahma,0535588468,Route de Béni Mellal KHENIFRA,Pharmacie Rahma Khénifra,Khénifra,,Khenifra
6914,Pharmacie Centre de Santé,0535399315,Ait Ishak   KHENIFRA,Pharmacie Centre de Santé Khénifra,Khénifra,,Khenifra
6134,Pharmacie Tounifit,0535580622,7  place Marche Verte   Tounifit  KHENIFRA,Pharmacie Tounifit Khénifra,Khénifra,,Khenifra
6183,Pharmacie Principale,0535384606,69  Casablanca KHENIFRA,Pharmacie Principale Khénifra,Khénifra,,Khenifra
251,Pharmacie Ghrissi,0535587857,66  bd Mohammed V   cité Hassan II  Khénifra,Pharmacie Ghrissi Khénifra,Khénifra,,Khenifra
8470,Pharmacie Ibn Rochd,0535588889,Cité Agricate   rue 6 n°26  KHENIFRA,Pharmacie Ibn Rochd Khénifra,Khénifra,,Khenifra
6932,Pharmacie la Gare,0535382038,200  bd Zerktouni   cité Michlifen  KHENIFRA,Pharmacie la Gare Khénifra,Khénifra,,Khenifra
10075,Pharmacie Hamria,0535586701,139 lot. Al Arz 2 Khénifra,Pharmacie Hamria Khénifra,Khénifra,,Khenifra
10215,Pharmacie Al Course,0535588558," hay Course , rue 2 n°23 Khénifra",Pharmacie Al Course Khénifra,Khénifra,,Khenifra
6278,Pharmacie Al Massira,0535385205,313  rue Massira   Amalou Ighriben  KHENIFRA,Pharmacie Al Massira Khénifra,Khénifra,,Khenifra
7956,Pharmacie Ennajd,0624820550,Hay Ennajd   n°179  KHENIFRA,Pharmacie Ennajd Khénifra,Khénifra,,Khenifra
10110,Pharmacie Chaab,0538695890,"quartier Champs de course , rue 2 Khénifra",Pharmacie Chaab Khénifra,Khénifra,,Khenifra
6261,Pharmacie Le Caducee,0524361343,"17, Ighly 7, M'hamid près du dispensaire Marrakech",Pharmacie Le Caducee Marrakech,Marrakech,,Marrakech-Centre
1639,Pharmacie Binlakchali,0524436082,"142, Bine Lekchali 300 m après Victor Hugo Route de Targa à droite Marrakech",Pharmacie Binlakchali Marrakech,Marrakech,,Marrakech-Centre
6258,Pharmacie Le 11 Janvier,0524447470,"Bd. 11 Janvier, entre la Gare Routière Bab Doukkala et la Wilaya à côté de la Station Ifriquia Marrakech",Pharmacie Le 11 Janvier Marrakech,Marrakech,,Marrakech-Centre
38,Pharmacie Abihafs,0524017896,"Route d'Essaouira vers Marjane Massira, tournez à droite Addoha Douja 20 n°5 Les Portes de Marrakech",Pharmacie Abihafs Marrakech,Marrakech,,Marrakech-Centre
2201,Pharmacie Du Citoyen,0524373998,"372, Lot. Ibn Sina Maatallah Mhamid, à côté de Douar El Hafra et Ecole Primaire El Ahd El Jadid Marrakech",Pharmacie Du Citoyen Marrakech,Marrakech,,Marrakech-Centre
6416,Pharmacie Les Vergers,0524423378,Lot. Badr 16 près de la Résidence Abir 2 Hay Mabrouka Marrakech,Pharmacie Les Vergers Marrakech,Marrakech,,Marrakech-Centre
3132,Pharmacie Hay El Hassani,0524491553,"268 B, Toualat Massira II, entre terminus n° 8 et Lycée Salaheddine Ayoubi Marrakech",Pharmacie Hay El Hassani Marrakech,Marrakech,09H A 23H,Marrakech-Centre
3682,Pharmacie Houman El Fatouaki,0524405554,"956, Av. Houman El Fatouaki, Sidi Youssef Ben Ali à côté du garage Hmad-Mouh Marrakech",Pharmacie Houman El Fatouaki Marrakech,Marrakech,,Marrakech-Centre
2035,Pharmacie Dar Lahlib,0524458364,"144, Hay Zaytoune Jdid à côté de l'école de la Gendarmerie Royale derrière le pont Dar Lahlib Marrakech",Pharmacie Dar Lahlib Marrakech,Marrakech,,Marrakech-Centre
2169,Pharmacie Douar Graoua,0524377650,"43, Douar Graoua à côté de Dar My Driss Kennaria Marrakech",Pharmacie Douar Graoua Marrakech,Marrakech,,Marrakech-Centre
2111,Pharmacie Derb Dabachi,0524426834,"54, Derb Dabachi Souika Médina MARRAKECH",Pharmacie Derb Dabachi Marrakech,Marrakech,,Marrakech-Centre
8191,Pharmacie Tabhirte,0524380019,"92, El Moukef entre le Marché de Légumes et Bab Debagh Toualat Tabhirt Marrakech",Pharmacie Tabhirte Marrakech,Marrakech,,Marrakech-Centre
2077,Pharmacie Debagh,0524377097,Pharmacie Debagh MARRAKECH,Pharmacie Debagh Marrakech,Marrakech,,Marrakech-Centre
1279,Pharmacie Azzahra,0524443424,"107, Place Rahba Lakdima Marrakech",Pharmacie Azzahra Marrakech,Marrakech,09H A 23H,Marrakech-Centre
1903,Pharmacie Chater,0524376444,"51, Arset Bardii près de Harat Soura MARRAKECH",Pharmacie Chater Marrakech,Marrakech,,Marrakech-Centre
1293,Pharmacie Bab Ailen,0524443738,à 100m de Bab Aïlen près de Moulay Ali Cherif et à côté de Derb El Majjat MARRAKECH,Pharmacie Bab Ailen Marrakech,Marrakech,,Marrakech-Centre
5874,Pharmacie Kennaria,0524427521,Pharmacie Kennaria MARRAKECH,Pharmacie Kennaria Marrakech,Marrakech,,Marrakech-Centre
2787,Pharmacie El Moukef,0670371717,"79 Bis, Toualat El Moukef, à côté de l'Hôpital El Antaki Marrakech",Pharmacie El Moukef Marrakech,Marrakech,,Marrakech-Centre
7825,Pharmacie Sidi Boutchich,0525200516,Rue Sidi Boutchich auprès du Hammam et Mosquée Jnane Ben Chagra Marrakech,Pharmacie Sidi Boutchich Marrakech,Marrakech,,Marrakech-Centre
7777,Pharmacie Sidi Abdelaaziz,0524443576,Pharmacie Sidi Abdelaaziz MARRAKECH,Pharmacie Sidi Abdelaaziz Marrakech,Marrakech,,Marrakech-Centre
7797,Pharmacie Sidi Abdelaziz,0696171904,"4 Bis, Riad Laârouss Souk Jeled près du mausolée Sidi Abdelaziz Marrakech",Pharmacie Sidi Abdelaziz Marrakech,Marrakech,,Marrakech-Centre
6012,Pharmacie La Famille,0524394920,"Fin Av. Tachfine Qt. Riad Al Menara (nouveau quartier), direction l'Aéroport à côté de la Mosquée Al Ghorfrane MARRAKECH",Pharmacie La Famille Marrakech,Marrakech,,Marrakech-Centre
1349,Pharmacie Bab Fteuh,0524442678,"46, Place Bab Fteuh, près de la Place Jamaâ El Fna, à côté du café Argana Marrakech",Pharmacie Bab Fteuh Marrakech,Marrakech,,Marrakech-Centre
5804,Pharmacie Kawtar,0524328892,Pharmacie Kawtar MARRAKECH,Pharmacie Kawtar Marrakech,Marrakech,,Marrakech-Centre
5793,Pharmacie Kawtar,0524292696,"C9, Lot. Kawtar Ennakhil Sud en face de la porte de Aouda Saadia vers la gauche à côté de Ferran Laaraj Marrakech",Pharmacie Kawtar Marrakech,Marrakech,09H A 23H,Marrakech-Centre
6794,Pharmacie Morakab Souk Lkhmiss,0660757325,"1, Morakab Bab Lkhmiss ( à côté de Souk Lkhmiss) MARRAKECH",Pharmacie Morakab Souk Lkhmiss Marrakech,Marrakech,,Marrakech-Centre
6111,Pharmacie La Place,0766883557,Place Jemaâ El Fna Marrakech,Pharmacie La Place Marrakech,Marrakech,,Marrakech-Centre
1047,Pharmacie Arrahma,0524383038,"8, Diour Saboun, à 300 m de Bab Taghzout vers Sakayat (Ch'reb ou Chouf) Marrakech",Pharmacie Arrahma Marrakech,Marrakech,,Marrakech-Centre
2721,Pharmacie El Machouer,0524376063,"1, Sidi Amara «Squala» d’Agdal entre les portes d’Agdal et Ighli sur la Rte d’Ourika Marrakech",Pharmacie El Machouer Marrakech,Marrakech,,Marrakech-Centre
2488,Pharmacie El Antaki,0524378928,"Place Bab El khmiss, en face de l’Hôpital El Antaki Marrakech",Pharmacie El Antaki Marrakech,Marrakech,,Marrakech-Centre
1069,Pharmacie Arset Banni,0524387963,En face de Bab Aghmat à côté de Khiria Bd. Cadi Ayad Marrakech,Pharmacie Arset Banni Marrakech,Marrakech,,Marrakech-Centre
6817,Pharmacie Mouassine,0524441725,Après 100 m de Kouass Laqsour près de Mosquée Mouassine et à côté de Derb Snane MARRAKECH,Pharmacie Mouassine Marrakech,Marrakech,,Marrakech-Centre
5973,Pharmacie Ksar ElHamra,0524426154,Pharmacie Ksar ElHamra MARRAKECH,Pharmacie Ksar ElHamra Marrakech,Marrakech,,Marrakech-Centre
2907,Pharmacie Fakhara,0524314672,"130, Hay Fekhara, à côté du Village Touristique Rte Wilaya SYBA (entre Bab Kechich et Bab Dbagh) MARRAKECH",Pharmacie Fakhara Marrakech,Marrakech,,Marrakech-Centre
5438,Pharmacie Jnane El Afia,0524376476,"4, Rue Jnane El Afia Toualate El Miara Hay Essalam, face du cimetière juif Mellah Marrakech",Pharmacie Jnane El Afia Marrakech,Marrakech,,Marrakech-Centre
7242,Pharmacie Populaire,0524382293,"336, Place Riad Laarousse Marrakech",Pharmacie Populaire Marrakech,Marrakech,,Marrakech-Centre
2772,Pharmacie El Mellah,0524385229,1 et 2 Derb Sekkaya Hay Salam (EL Mellah) près des Herboristes Médina MARRAKECH,Pharmacie El Mellah Marrakech,Marrakech,,Marrakech-Centre
9190,Pharmacie Sidi Belabbès,0524380583,71  Pl. Bab Taghzout   Marrakech - Maroc   ,Pharmacie Sidi Belabbès Marrakech,Marrakech,,Marrakech-Centre
2514,Pharmacie El Bahia,0524445476,"99-100, Bd. Houmane El Fatouaki Arset Lamaâch en face Marché Mellah El Kher à côté du Commissariat et Collège Ibn Al Banna Marrakech",Pharmacie El Bahia Marrakech,Marrakech,,Marrakech-Centre
9903,pharmacie El hrichi ,0524011175,"9 Tranche 12, Marrakech 40000",pharmacie El hrichi  Marrakech,Marrakech,,Marrakech-Centre
7709,Pharmacie Salma,0524372247,"Lot. Zerktouni Bouâkkaz 1436, à côté de l'Ecole Assabila et l'Academie Taher Lakhlaj M'hamid Marrakech",Pharmacie Salma Marrakech,Marrakech,,Marrakech-Sud
593,Pharmacie Al Manal,0524372708,"877, Bouakkaz derrière station Afriquia à côté de Boulangerie Ezzarktouni et près de l’Aéroport Marrakech",Pharmacie Al Manal Marrakech,Marrakech,,Marrakech-Sud
7266,Pharmacie Prestigio,0524391866,Av. Mohamed VI Village Marrakech Prestigia (à côté de Bureau de Vente Prestigia et 6éme Café),Pharmacie Prestigio Marrakech,Marrakech,09H A 23H,Marrakech-Sud
1097,Pharmacie Assafwa,0529177676,"Lot. Zerktouni n°139, Bouakkaz Extension Mhamid près de la Mosquée Al Amira (Al Houda) Marrakech",Pharmacie Assafwa Marrakech,Marrakech,09H A 23H,Marrakech-Sud
5705,Pharmacie Kabbadj,0524372626,"1197, Lot. Zerktouni Bouakkaz M’hamid en face de Masjid El Houda (La Grande Mosquée) Marrakech",Pharmacie Kabbadj Marrakech,Marrakech,,Marrakech-Sud
7525,Pharmacie Riad Al Atlas,0524018000,"14, Lot. Embarka 3 les Riads de l'Atlas à côté de l'Hôpital privé de Marrakech et en face de HEM (ve",Pharmacie Riad Al Atlas Marrakech,Marrakech,,Marrakech-Sud
6157,Pharmacie l'Aéroport de Marrakech,0524446038,Pharmacie l'Aéroport de Marrakech,Pharmacie l'Aéroport de Marrakech Marrakech,Marrakech,,Marrakech-Sud
4796,Pharmacie Jardins Hay Chrifia,0524202175,"Rue des Ecoles, à côté de la Mosquée Al Houda (Al Amira) à Bouakkaz, en face de Hammam Walili Jardins Hay Chrifia Marrakech",Pharmacie Jardins Hay Chrifia Marrakech,Marrakech,,Marrakech-Sud
391,Pharmacie Al Hamd,0524361040,"251, Lot. Zerktouni Bouakkaz devant nouvelle entrée de l’Aéroport «Rond Point» à côté de Hamam Ali Ben Fellah Marrakech",Pharmacie Al Hamd Marrakech,Marrakech,,Marrakech-Sud
7046,Pharmacie Oualili,0524360780,"546, Lot. Zerktouni (Bouakkaz) M’hamid en face du Lycée Takadoum Marrakech",Pharmacie Oualili Marrakech,Marrakech,,Marrakech-Sud
7353,Pharmacie Qortoba,0524372836,"77, Lot. Zerktouni Bouakkaz M’hamid en face de la piscine municipale et le 20èmes Arrondissement de  Marrakech",Pharmacie Qortoba Marrakech,Marrakech,,Marrakech-Sud
7932,Pharmacie Skalli,0524370294,"M’hamid3 à côté entrée l’Aéroport derrière la RADEEMA et Sailane,en face école Moulik à côté clinique Al Matar MARRAKECH",Pharmacie Skalli Marrakech,Marrakech,,Marrakech-Sud
7269,Pharmacie Principale Chrifia,0524204114,Res. Jardins Hay Chrifia (Bouakkaz) derrière Mosquée Al Amira et Boulangerie Gaza Bouakkaz Marrakech,Pharmacie Principale Chrifia Marrakech,Marrakech,,Marrakech-Sud
9912,Pharmacie 7ème Art,0524377885,"H2V6+V6V, Av. du 7ème Art, Marrakech",Pharmacie 7ème Art Marrakech,Marrakech,,Marrakech-Sud
665,Pharmacie Al Mounir,0524360636,"633 A, M'hamid I, en face Hammam douche Douar Chaouf, en face de l’école Al Adarissa Marrakech",Pharmacie Al Mounir Marrakech,Marrakech,,Marrakech-Sud
4348,Pharmacie Ibn Zohr,0524372795,"547, M’hamid 4 (Chaouf), derrière école Annassim Marrakech",Pharmacie Ibn Zohr Marrakech,Marrakech,,Marrakech-Sud
6193,Pharmacie Lamhamid,0524360159,"241, Saâda IV Lamhamid Laqwas, près du Docteur Haraki MARRAKECH",Pharmacie Lamhamid Marrakech,Marrakech,,Marrakech-Sud
6431,Pharmacie L'hÔpital Regional,0525093377,"30, Op. Badr 2, Bouakkaz Mhamid Sud Marrakech",Pharmacie L'hÔpital Regional Marrakech,Marrakech,,Marrakech-Sud
7771,Pharmacie Sheraton,0524433083,Av. Mohammed VI residence Meriem à côté de la Banque Populaire et Ménara Mall MARRAKECH,Pharmacie Sheraton Marrakech,Marrakech,,Marrakech-Sud
662,Pharmacie Al Matar,0524360800,"64, Ighli I M'hamid Imm. ERAC Lakwass Marrakech",Pharmacie Al Matar Marrakech,Marrakech,,Marrakech-Sud
7394,Pharmacie Rahimi,0524431005,Pharmacie Rahimi MARRAKECH,Pharmacie Rahimi Marrakech,Marrakech,,Marrakech-Sud
248,Pharmacie Al Akwas,0524361486,"372, M’hamid 4, entre Douar Chaouf et l’Ecole Ibn Zaïdoune Marrakech",Pharmacie Al Akwas Marrakech,Marrakech,,Marrakech-Sud
1817,Pharmacie Carrefour Almazar,0524378061,Pharmacie Carrefour Almazar MARRAKECH,Pharmacie Carrefour Almazar Marrakech,Marrakech,,Marrakech-Sud
1815,Pharmacie Carrefour,0625545253,"Centre Commercial Al Mazar, route d'Ourika zone touristique Agdal Marrakech",Pharmacie Carrefour Marrakech,Marrakech,,Marrakech-Sud
6039,Pharmacie La Grande Pharmacie,0524370333,"86, M'hamid Saâda I, Bd. El Boughaz à côté de l'Etablissement Al Inchirah Marrakech",Pharmacie La Grande Pharmacie Marrakech,Marrakech,,Marrakech-Sud
7583,Pharmacie SaÂda 5,0524370885,Saada 5 à côté de l'école Al Imam Mouslim et Imm. Ittifak ou bien à 600m de la Mosquée Chkili en dir Marrakech,Pharmacie SaÂda 5 Marrakech,Marrakech,,Marrakech-Sud
1143,Pharmacie Assounna,0524361622,"384, M'hamid C, près du café Al Boughaz en face du collège Tarek Ibn Ziad MARRAKECH",Pharmacie Assounna Marrakech,Marrakech,,Marrakech-Sud
6750,Pharmacie Miftah Al Atlas,0526355356,"Lamhamid Bouakkaz, Op. Miftah Al Atlas Imm. n° 13 Magasin n° 3, près de Marché de Poisson et du Terrain de Foot Marrakech",Pharmacie Miftah Al Atlas Marrakech,Marrakech,,Marrakech-Sud
9154,Pharmacie les Jardins D'Anas,0525550150,5  Av. Guemmassa   imm.1  Marrakech - Maroc   ,Pharmacie les Jardins D'Anas Marrakech,Marrakech,,Marrakech-Sud
8977,Pharmacie M Avenue,0524446158,2  bd de la Ménara    Marrakech - Maroc   ,Pharmacie M Avenue Marrakech,Marrakech,,Marrakech-Sud
9693,Pharmacie Pestana,0524439070,33  bd Moulay Hassan - Autre ville   r?sid. Hivernage Garden imm. DM  Marrakech - Maroc,Pharmacie Pestana Marrakech,Marrakech,23H A 09H,Marrakech-Sud
7880,Pharmacie Sidi Mimoun,0524384243,"37, Quartier Sidi Mimoun à côté de l'hôpital Mamounia MARRAKECH",Pharmacie Sidi Mimoun Marrakech,Marrakech,,Marrakech-Sud
552,Pharmacie Al Khalil,0524383662,"251 Bis, Kasba prés de Sidi Mansour rue Mechouar Marrakech",Pharmacie Al Khalil Marrakech,Marrakech,,Marrakech-Sud
6700,Pharmacie Masjid Nahda,0524361356,Nahda Assoghra à 200m du Café Taiba vers la direction du Lycée Collège Idriss Ben Zikri Marrakech,Pharmacie Masjid Nahda Marrakech,Marrakech,,Marrakech-Sud
7002,Pharmacie Natura,0524447797,Pharmacie Natura MARRAKECH,Pharmacie Natura Marrakech,Marrakech,,Marrakech-Sud
216,Pharmacie Al Akhawayne,0524205244,"2531, Lot Azzouzia, à 100m du centre de santé urbaine Azzouzia Marrakech",Pharmacie Al Akhawayne Marrakech,Marrakech,,Marrakech-Sud
7594,Pharmacie Saadiens,0524381852,Rue Boutouil Kasbah Marrakech,Pharmacie Saadiens Marrakech,Marrakech,,Marrakech-Sud
6805,Pharmacie Mosquée Chrifia,0524384214,Pharmacie Mosquée Chrifia MARRAKECH,Pharmacie Mosquée Chrifia Marrakech,Marrakech,,Marrakech-Sud
6484,Pharmacie Lina,0524361117,Mhamid5 près du nouveau centre de santé et lycée Abdellah Ibrahim (centre mhamid5) Marrakech,Pharmacie Lina Marrakech,Marrakech,,Marrakech-Sud
534,Pharmacie Al Kasbah,0524376778,"Ksibt Nhass, 33-34 Trik Sahrij Gnawa Kasbah Marrakech",Pharmacie Al Kasbah Marrakech,Marrakech,,Marrakech-Sud
1653,Pharmacie Borj Ennakhil,0524329789,"Route de Fès "" Nakhla al 3ouja "" Entrée Tamsna en face du Jnane Lkbir MARRAKECH",Pharmacie Borj Ennakhil Marrakech,Marrakech,,Marrakech-Nord
3003,Pharmacie Guennoun,0524328518,"Rte menant de Wilaya de la Sureté Nationale Ain Itti vers Rte de Casa, nouveau pont Guennoun face Belbekkar MARRAKECH",Pharmacie Guennoun Marrakech,Marrakech,,Marrakech-Nord
2667,Pharmacie El Imame Ali,0524328868,"631, Zohour I Aïn Itti, à côté de l’Hôtel Tikida et poste de Police Ain Itti Marrakech",Pharmacie El Imame Ali Marrakech,Marrakech,,Marrakech-Nord
6636,Pharmacie Mammar An-nakhil,0524307876,"336, Belbekkar 2 Hay El Mohamadi, à 280m de la Mosquée Belbekkar et à côté de Jet Sakane face Douar Guennoun Marrakech",Pharmacie Mammar An-nakhil Marrakech,Marrakech,,Marrakech-Nord
1896,Pharmacie Chatebi,0524304396,"535, Bel Bekkar 2 Hay Mohammadi à côte du Collège Chatebi MARRAKECH",Pharmacie Chatebi Marrakech,Marrakech,,Marrakech-Nord
1562,Pharmacie Bennouna,0524302582,"283, Belbekkar 2 près du Marché Municipal Daoudiate et Jet sakane derrière la Mosquée Belbekkar MARRAKECH",Pharmacie Bennouna Marrakech,Marrakech,,Marrakech-Nord
8250,Pharmacie Tikida,0524328323,"152, Rte de Meknès Aïn Itti en face de la BP et la RADEEMA et près de la Station Ifriquia MARRAKECH",Pharmacie Tikida Marrakech,Marrakech,,Marrakech-Nord
1488,Pharmacie Belbekkar,0524314794,"Hay Belbekar fin Av. de Palestine 264 Sakar en face de SPANA, Diour Masakin MARRAKECH",Pharmacie Belbekkar Marrakech,Marrakech,,Marrakech-Nord
151,Pharmacie Ain Itti,0524329798,"8, Qt. Ain Itti Jnanat V, prés de la poste et du Centre de Santé Ain Itti MARRAKECH",Pharmacie Ain Itti Marrakech,Marrakech,,Marrakech-Nord
7033,Pharmacie Nour Ennakhil,0524328234,Pharmacie Nour Ennakhil MARRAKECH,Pharmacie Nour Ennakhil Marrakech,Marrakech,,Marrakech-Nord
1775,Pharmacie C.h.u.,0524313567,En face de Diour L’masakine à côté de l'école Mohamed Abdou entre SPANA et le Marché Municipal Hay Mohammadi Marrakech,Pharmacie C.h.u. Marrakech,Marrakech,,Marrakech-Nord
6136,Pharmacie la Province,0524309431,Pharmacie la Province MARRAKECH,Pharmacie la Province Marrakech,Marrakech,,Marrakech-Nord
2070,Pharmacie Dar Tounsi,0524329652,"66, Biout El Boun Rte de Meknès après Aïn Itti et en face de Villas Borj Ennakhil et près de METRO MARRAKECH",Pharmacie Dar Tounsi Marrakech,Marrakech,,Marrakech-Nord
1024,Pharmacie Ariha,0524312173,Pharmacie Ariha MARRAKECH,Pharmacie Ariha Marrakech,Marrakech,,Marrakech-Nord
6896,Pharmacie Moutadamine,0524307372,"1, Unité III Daoudiate au centre de Diour Al Massakine, près du poste de Police MARRAKECH",Pharmacie Moutadamine Marrakech,Marrakech,,Marrakech-Nord
2572,Pharmacie El Hamidi,0524307350,"26, Aïn Itti devant le cimetière de Bab lakhmis Marrakech",Pharmacie El Hamidi Marrakech,Marrakech,,Marrakech-Nord
406,Pharmacie Al Ihssane,0524302410,"39, Dar Al Bir Wa Al Ihssane à côté de l'Hôpital CHU Mohamed 6 et Merchich Marrakech",Pharmacie Al Ihssane Marrakech,Marrakech,,Marrakech-Nord
8752,Pharmacie Zohour,0524328342,Zohour 2 Aïn Itti derrière cimetière Bab Khmiss près de la nouvelle Station Total Rte Méknès MARRAKECH,Pharmacie Zohour Marrakech,Marrakech,23H A 09H,Marrakech-Nord
9911,Pharmacie Masjid Aicha,0524311040,"M294+2XC, Marrakech 40000",Pharmacie Masjid Aicha Marrakech,Marrakech,,Marrakech-Nord
7465,Pharmacie Razi,0524314600,"398, Unité 2 Hay Mohamadi en face Boulangerie Takadoum et près station Taxi de Sidi Youssef (Daoudiate) Marrakech",Pharmacie Razi Marrakech,Marrakech,,Marrakech-Nord
7320,Pharmacie Qaryia Syahyia,0524306547,"Qaria Syahia, rte Bab khmis, en face porte Kechich entre Fekhara et Zouhour Ain Itti Marrakech",Pharmacie Qaryia Syahyia Marrakech,Marrakech,,Marrakech-Nord
3550,Pharmacie HÔpital Mohamed Vi,0524290002,"169, Lot. Boumassmar CHU Mohammed VI Cité de L’Hôpital Errazi Amerchich -Sakar- Marrakech",Pharmacie HÔpital Mohamed Vi Marrakech,Marrakech,,Marrakech-Nord
3529,Pharmacie Hôpital Med VI,0524300002,Pharmacie Hôpital Med VI MARRAKECH,Pharmacie Hôpital Med VI Marrakech,Marrakech,,Marrakech-Nord
6690,Pharmacie Masjid Daoudiate,0524309782,"597, Unité II Bloc 41, près du cinéma Rif et en face du Masjid Daoudiate Marrakech",Pharmacie Masjid Daoudiate Marrakech,Marrakech,,Marrakech-Nord
8603,Pharmacie Wilayat Al Amne,0524300305,"N°4 et 5, Complexe commercial Saqar à côté de la préfecture de police et du centre de la visite technique e Marrakech",Pharmacie Wilayat Al Amne Marrakech,Marrakech,,Marrakech-Nord
1851,Pharmacie Chahrazade,0524305757,"212, derrière le Stade de Foot Hay Mohammadi Unité III (Diour L’massakine) Marrakech",Pharmacie Chahrazade Marrakech,Marrakech,,Marrakech-Nord
6141,Pharmacie La Victoire,0524300331,"798, Unité 4, à côté de Diour Massakine et Boulangerie Ayourli Marrakech",Pharmacie La Victoire Marrakech,Marrakech,09H A 23H,Marrakech-Nord
1347,Pharmacie Bab Elkhemis,0524301284,Pharmacie Bab Elkhemis MARRAKECH,Pharmacie Bab Elkhemis Marrakech,Marrakech,,Marrakech-Nord
1861,Pharmacie Chair El Hamra,0524302766,"Rue Abou Oubaïda cité Mohammadia Unité 2, daoudiate, à côté de la Salle Couverte et lycée Al Kadissia Marrakech",Pharmacie Chair El Hamra Marrakech,Marrakech,,Marrakech-Nord
1588,Pharmacie Koulyate ,0524300608,"2, Lot. Razi en face Fac des Lettres et près de la Fac de Droit Amerchich derrière C.H.U Mohamed VI Marrakech",Pharmacie Koulyate  Marrakech,Marrakech,,Marrakech-Nord
7705,Pharmacie Salle Couverte,0524311723,"185, Hay Mohammadi, Unité 2 Daoudiate à côté du Cinéma Al Massira et la Salle Couverte MARRAKECH",Pharmacie Salle Couverte Marrakech,Marrakech,,Marrakech-Nord
6526,Pharmacie Loughribi,0524328055,"244, Dar Tounsi en face de Metro Arrondissement Ennakhil Marrakech",Pharmacie Loughribi Marrakech,Marrakech,09H A 23H,Marrakech-Nord
9924,Pharmacie Palmeraie Elbahja,0524330009,"N1, Passage palmeraie, porte 20, Marrakech 40000",Pharmacie Palmeraie Elbahja Marrakech ,Marrakech ,,Marrakech-Nord
5919,Pharmacie Khalid Ben Walid,0524309094,"12, Unité 5 à côté du Stade Daoudiate Marrakech",Pharmacie Khalid Ben Walid Marrakech,Marrakech,,Marrakech-Nord
2820,Pharmacie ElGhorfi,0524376262,Pharmacie ElGhorfi MARRAKECH,Pharmacie ElGhorfi Marrakech,Marrakech,,Marrakech-Nord
6779,Pharmacie Mohammadia,0524302878,Av. La Palestine Daoudiate Marrakech,Pharmacie Mohammadia Marrakech,Marrakech,,Marrakech-Nord
8441,Pharmacie Unité Quatre,0524302030,"450, au centre de l’Unité Quatre, devant l’école Aicha Oum al Mouminin et à côté de Mosquée l’Unité IV MARRAKECH",Pharmacie Unité Quatre Marrakech,Marrakech,,Marrakech-Nord
4389,Pharmacie AlQods,0524630362,"rue Jardin Public , Jnane Fessiane Safi",Pharmacie AlQods Safi,Safi,,Safi
4140,Pharmacie AlBouchra,0524622146,1  rue 5  Tancre II   ville nouvelle  Safi,Pharmacie AlBouchra Safi,Safi,,Safi
5769,Pharmacie Achbar,0524623888,"rue Bel Vue , ang. Mimosa Safi",Pharmacie Achbar Safi,Safi,,Safi
1325,Pharmacie Arrazi,0524622379,23  bd Zerktouni    imm. Anaville  Safi,Pharmacie Arrazi Safi,Safi,,Safi
8999,Grande Pharmacie Française,0524464225,28  Place de l'indépendance   Safi - Maroc   ,Grande Pharmacie Française Safi,Safi,,Safi
3723,Pharmacie la Marine,0524630608,83  bd Chakib Arssalane   oued ElBacha  Safi,Pharmacie la Marine Safi,Safi,,Safi
5797,Pharmacie la Santé,0524462774,25  bd. Mohammed Ben Abdellah   Safi,Pharmacie la Santé Safi,Safi,,Safi
7868,Pharmacie Ejjennane,0524667318,2  rue Doukkala   Ejjennene  Safi,Pharmacie Ejjennane Safi,Safi,09H A 21H,Safi
914,Pharmacie Benmira,0524622510,59  rue Oualidia - Biada   Safi,Pharmacie Benmira Safi,Safi,,Safi
4166,Pharmacie Les Jasmins,0524462731,"av. Mohammed V, coin de Paris  Safi",Pharmacie Les Jasmins Safi,Safi,,Safi
2307,Pharmacie Annassiha,0524653117,hay Kaouki   bloc 4 rue 16 n°1 bis  Safi,Pharmacie Annassiha Safi,Safi,,Safi
1316,Pharmacie Nass Lahcen,0524464639,M'rayat El Beid   Safi,Pharmacie Nass Lahcen Safi,Safi,,Safi
203,Pharmacie Afiya,0525069393,quartier ezzouhour bloc 53 n 123 safi,Pharmacie Afiya Safi,Safi,,Safi
3644,Pharmacie Hadmi,0524611066,"1, lotiss. Bouzoubâa , q. Plateau Safi",Pharmacie Hadmi Safi,Safi,,Safi
5060,Pharmacie Attae,0524668353,Sidi Abdelkerim 1   lot. 173  Safi,Pharmacie Attae Safi,Safi,,Safi
5674,Pharmacie Pasteur,0524630564,"7, rue ElKendi , v.n. Safi",Pharmacie Pasteur Safi,Safi,,Safi
9417,Pharmacie Internationale,0663465897,2  lotiss. Marjana    rte souk sebt  Safi - Maroc   ,Pharmacie Internationale Safi,Safi,,Safi
5132,Pharmacie Abc,0524629831,"161, av Mohammed V  Safi",Pharmacie Abc Safi,Safi,,Safi
5491,Pharmacie ElHassania,0524650189,"5, rue Kobba , Sidi Ouassel Safi",Pharmacie ElHassania Safi,Safi,,Safi
5088,Pharmacie l'Avenir,0524623559,"115, av Marche Verte  Safi",Pharmacie l'Avenir Safi,Safi,,Safi
911,Pharmacie Chagar,0626740405,"1, rue Oued Tensift  Safi",Pharmacie Chagar Safi,Safi,,Safi
3023,Pharmacie Mouslih,0525033989,931  lotiss. Marja   q. Chems  Safi,Pharmacie Mouslih Safi,Safi,,Safi
1825,Pharmacie Skalli,0524623248,hay Mohammadi   n° 2048  Safi,Pharmacie Skalli Safi,Safi,,Safi
3720,Pharmacie Lamine,0524652219,"231, rue Manzil , sidi Ouassel Safi",Pharmacie Lamine Safi,Safi,,Safi
5148,Pharmacie Al Yousr,0524651929,lotiss. Soumiya   qt. Matar  Safi,Pharmacie Al Yousr Safi,Safi,,Safi
5450,Pharmacie AlAndalous,0524651577,"160, rue Omar , ElQors Safi",Pharmacie AlAndalous Safi,Safi,,Safi
3860,Pharmacie du Plateau,0524627281,14  bd Mly Ismail   v.n.  Safi,Pharmacie du Plateau Safi,Safi,,Safi
7277,Pharmacie Laghiat,0524635203,Pharmacie Laghiat SAFI,Pharmacie Laghiat Safi,Safi,,Safi
2125,Pharmacie Miftah Arraha,0524628416,lot Miftah Arraha   q. Lamia  Safi,Pharmacie Miftah Arraha Safi,Safi,,Safi
856,Pharmacie Mirabelle,0524611610,hay Anas   rue 38 n°9  Safi,Pharmacie Mirabelle Safi,Safi,,Safi
6837,Pharmacie AlMatar,0524652134,Lotiss. de l'Aviation   SAFI,Pharmacie AlMatar Safi,Safi,,Safi
1234,Pharmacie Hadirat Al Mohit,0525116957,323  Rte Sidi Abderrahman   rue 4 lot Salma  Safi,Pharmacie Hadirat Al Mohit Safi,Safi,,Safi
9519,Pharmacie Ezzakani,0529255178,hay Sidi M'barek   lot Biyar  Oulja Ilane  Safi - Maroc,Pharmacie Ezzakani Safi,Safi,,Safi
7930,Pharmacie Addouha,0524640057,Pharmacie Addouha SAFI,Pharmacie Addouha Safi,Safi,,Safi
4392,Pharmacie de l'Hôpital,0524461555,"102, bd Kennedy  Safi",Pharmacie de l'Hôpital Safi,Safi,,Safi
3234,Pharmacie Kodali,0524610417,5  centre commercial   Safi,Pharmacie Kodali Safi,Safi,,Safi
261,Pharmacie El jouri,0617301368,Lot N 129 LOTISSEMENT AMOUNI SECTEUR 3 Safi (M),Pharmacie El jouri Safi,Safi,,Safi
7492,Pharmacie Lafraidi,0524668073,330  Lot. Sidi Abdelkerim   SAFI,Pharmacie Lafraidi Safi,Safi,,Safi
2846,Pharmacie la Vallée,0524621010,7  bd Hassan II - Autre ville ang. dar Si Aissa  imm.A4  Safi,Pharmacie la Vallée Safi,Safi,,Safi
9419,Pharmacie Internationale,0663465897,2  lotiss. Marjana    rte souk sebt  Safi - Maroc   ,Pharmacie Internationale Safi,Safi,,Safi
6620,Pharmacie Hôpital,0524475307,135 X bd Mohamed ElKery   ESSAOUIRA,Pharmacie Hôpital Essaouira,Essaouira,,Essaouira
6318,Pharmacie Populaire,0524474474,av. El Aqaba   ESSAOUIRA,Pharmacie Populaire Essaouira,Essaouira,,Essaouira
6119,Pharmacie Les Dunes,0524473003,583  bd  Al Aqaba   lot. n°4  ESSAOUIRA,Pharmacie Les Dunes Essaouira,Essaouira,,Essaouira
8755,Pharmacie Almasjid,0524794504,Pharmacie Almasjid ESSAOUIRA,Pharmacie Almasjid Essaouira,Essaouira,,Essaouira
6181,Pharmacie Sidi Magdoul,0524472935,lotiss. La Lagune   lot 5  n°1  ESSAOUIRA,Pharmacie Sidi Magdoul Essaouira,Essaouira,,Essaouira
6604,Pharmacie Najib,0524474226,5  bd ElAkaba   Dar Taleb  ESSAOUIRA,Pharmacie Najib Essaouira,Essaouira,,Essaouira
6332,Pharmacie Azlef,0524474232,626  lot. Azlef   ESSAOUIRA,Pharmacie Azlef Essaouira,Essaouira,,Essaouira
3111,Pharmacie El Ghazoua Mogador,0524792947,17  lotiss. Regraga   hay El Ghazoua  Essaouira,Pharmacie El Ghazoua Mogador Essaouira,Essaouira,,Essaouira
8628,Pharmacie Koutoubia,0524474390,365  bd Koutoubia - Autre ville   lotiss. 5  ESSAOUIRA,Pharmacie Koutoubia Essaouira,Essaouira,,Essaouira
860,Pharmacie Koutoubia,0701573275,"365 bd koutoubia, lot. 5 Essaouira",Pharmacie Koutoubia Essaouira,Essaouira,,Essaouira
7791,Pharmacie Mogador,0524472535,42  av. 2 Mars   ESSAOUIRA,Pharmacie Mogador Essaouira,Essaouira,,Essaouira
6728,Pharmacie la Plage,0524785848,1  av Lalla Amina   imm. Bounar  ESSAOUIRA,Pharmacie la Plage Essaouira,Essaouira,,Essaouira
7245,Pharmacie Lalla Amina,0524473443,7  complexe commercial Lalla Amina   ESSAOUIRA,Pharmacie Lalla Amina Essaouira,Essaouira,,Essaouira
10040,Pharmacie AL Yasser,0639955195,6 bd Al Moukaouama - Autre ville Essaouira ,Pharmacie AL Yasser Essaouira ,Essaouira ,,Essaouira
10065,Pharmacie Chifaa,0524783895,rue Abou Moussa El Achari Essaouira,Pharmacie Chifaa Essaouira,Essaouira,,Essaouira
9229,Pharmacie  Hizam Al Akhdar,0808530494,2  Av Attaif   lot Azlef  Essaouira - Maroc   ,Pharmacie  Hizam Al Akhdar Essaouira,Essaouira,00H A 09H,Essaouira
922,Pharmacie Massira,0524475996,bd de la marche verte Essaouira,Pharmacie Massira Essaouira,Essaouira,,Essaouira
278,Pharmacie El Massira,0524473030,40  av. Al Massira Al Khadra Essaouira,Pharmacie El Massira Essaouira,Essaouira,,Essaouira
5898,Pharmacie Bab Marrakech,0524472307,135  rue Med. ElQuorry ESSAOUIRA,Pharmacie Bab Marrakech Essaouira,Essaouira,,Essaouira
9222,Pharmacie la Mosquée,0524784683,243  av Ibnou Toufail   n°1  Essaouira - Maroc   ,Pharmacie la Mosquée Essaouira,Essaouira,,Essaouira
6809,Pharmacie ElBorj,0524783438,5  rue 11 Janvier ElBorj I   ESSAOUIRA,Pharmacie ElBorj Essaouira,Essaouira,,Essaouira
1197,Pharmacie Smimou,0524784421,av Al Massira   Smimou ESSAOUIRA,Pharmacie Smimou Essaouira,Essaouira,,Essaouira
7125,Pharmacie la Gare,0524472750,av. Mly Driss 1   ESSAOUIRA,Pharmacie la Gare Essaouira,Essaouira,,Essaouira
6246,Pharmacie Bouhaira,0524472568,102  rue Allal El Fassi ESSAOUIRA,Pharmacie Bouhaira Essaouira,Essaouira,,Essaouira
360,Pharmacie Bab Doukkala,0524475198,av. ElMassira ElKhadra Essaouira,Pharmacie Bab Doukkala Essaouira,Essaouira,,Essaouira
7071,Pharmacie Principale,0524474794,1  rue Boutouile   ESSAOUIRA,Pharmacie Principale Essaouira,Essaouira,,Essaouira
9242,Pharmacie Al Haddadah,0524473714,63  bd AlIstiqlal   Essaouira - Maroc   ,Pharmacie Al Haddadah Essaouira,Essaouira,,Essaouira
6271,Pharmacie ElMostakbal,0524785977,652  lotiss. AlMostakbal   borj 1  ESSAOUIRA,Pharmacie ElMostakbal Essaouira,Essaouira,,Essaouira
6988,Pharmacie Mallah Kdim,0524476022,122  rue Mohamed Ben Abdellah   ESSAOUIRA,Pharmacie Mallah Kdim Essaouira,Essaouira,,Essaouira
2528,Pharmacie Erraounak,0524473464,164  lotiss. Erraounak   Essaouira,Pharmacie Erraounak Essaouira,Essaouira,,Essaouira
2945,Pharmacie Hamad,0524475163,5  Place Chefchaouni   Essaouira,Pharmacie Hamad Essaouira,Essaouira,,Essaouira
9215,Pharmacie la Kasbah,0524475151,14  rue Allal Ben Abdellah   Essaouira - Maroc   ,Pharmacie la Kasbah Essaouira,Essaouira,,Essaouira
6412,Pharmacie Ibn Sina,0524475980,54  av. Akaba   q.i.  ESSAOUIRA,Pharmacie Ibn Sina Essaouira,Essaouira,,Essaouira
1026,Pharmacie AlYamama,0524472222,341  lotiss. Tafoukte I   Essaouira,Pharmacie AlYamama Essaouira,Essaouira,,Essaouira
6594,Pharmacie La Sakala,0524783684,28  bd ElAqaba   lot. Regraga  ESSAOUIRA,Pharmacie La Sakala Essaouira,Essaouira,,Essaouira
10211,Pharmacie Nour,0524784440,"404 Lotissement, Rue Argana, ",Pharmacie Nour Essaouira,Essaouira,,Essaouira
10064,Pharmacie Argana,0529899516,lotissement Argana Essaouira,Pharmacie Argana Essaouira,Essaouira,,Essaouira
6733,Pharmacie Charrouj,0524472788,av Farhat Hachad n°13-52  Sekala ESSAOUIRA,Pharmacie Charrouj Essaouira,Essaouira,,Essaouira
8758,Pharmacie Al Kodss,0524780619,Pharmacie Al Kodss TLATA HANCHANE,Pharmacie Al Kodss Tlata Hanchane,Tlata Hanchane,,Essaouira
8248,Pharmacie El Hanchane,0612036012,Pharmacie El Hanchane TLATA HANCHANE,Pharmacie El Hanchane Tlata Hanchane,Tlata Hanchane,,Essaouira
52,Pharmacie Achraf Al Idrissi,0523374920,bd Khalil Jabrane   Diar Al Mansour imm. 8 GH 52  n°6  El jadida,Pharmacie Achraf Al Idrissi El Jadida,El jadida,,ElJadida
4868,Pharmacie Karim,0523373867,18  rue Ahmed Tounsi   El jadida,Pharmacie Karim El Jadida,El jadida,,ElJadida
6281,Pharmacie Pierre Corail Hajar Almarjanne,0523387278,"13, GH3 , resid. Diar Almarjanne El jadida",Pharmacie Pierre Corail Hajar Almarjanne El Jadida,El jadida,,ElJadida
6055,Pharmacie Omam Motahida,0808541448,12  bd Allal Fassi   hay Al Matar  El jadida,Pharmacie Omam Motahida El Jadida,El jadida,,ElJadida
4240,Pharmacie Grande Pharmacie,0523364652,Grande Pharmacie EL JADIDA,Pharmacie Grande Pharmacie El Jadida,El jadida,,ElJadida
4935,Pharmacie la Côte,0523345148,Pharmacie la Côte EL JADIDA,Pharmacie la Côte El Jadida,El jadida,,ElJadida
4913,Pharmacie Kouassem,0521032697,2  rond-point Hassan II - Autre ville   El jadida,Pharmacie Kouassem El Jadida,El jadida,,ElJadida
4891,Pharmacie Khmiss Metouh,0523364309,Pharmacie Khmiss Metouh EL JADIDA,Pharmacie Khmiss Metouh El Jadida,El jadida,,ElJadida
9375,Pharmacie du Plateau,0523343002,138 Bis bd Abi Chouaib Doukkali   El Jadida - Maroc   ,Pharmacie du Plateau El jadida,El jadida,09H A 21H,ElJadida
3653,Pharmacie ElHamde,0523399013,Pharmacie ElHamde EL JADIDA,Pharmacie ElHamde El Jadida,El jadida,,ElJadida
8556,Pharmacie Zine,0523364141,Pharmacie Zine EL JADIDA,Pharmacie Zine El Jadida,El jadida,,ElJadida
2491,Pharmacie Maghreb El Jadida,0680703131,lot Maghreb El Jadid   Larache,Pharmacie Maghreb El Jadida Larache,Larache,,ElJadida
4421,Pharmacie Hefti,0523352826,Pharmacie Hefti EL JADIDA,Pharmacie Hefti El Jadida,El jadida,,ElJadida
1124,Pharmacie AlImam Malik,0523390950,"15, lotiss. Laaroussi, rue Laksiba El jadida",Pharmacie AlImam Malik El Jadida,El jadida,,ElJadida
6485,Pharmacie Rabie,0529818104,33  bd Al Maghrib Al Arabi   lotiss. Haraz  El jadida,Pharmacie Rabie El Jadida,El jadida,,ElJadida
4446,Pharmacie Ibn Tofail,0523356721,Pharmacie Ibn Tofail EL JADIDA,Pharmacie Ibn Tofail El Jadida,El jadida,,ElJadida
1595,Pharmacie Habouna El Jadida,0535661894,312  av Ibnou Sina   Habouna  Séfrou,Pharmacie Habouna El Jadida Séfrou,Séfrou,,ElJadida
3721,Pharmacie Elkoudia,0523353313,"4, bd Mohamed Ben Larbi Alaoui, Koudiat Ben Driss El jadida",Pharmacie Elkoudia El Jadida,El jadida,,ElJadida
5767,Pharmacie Moderne,0523351930,102  bd Moulay Ismail   El jadida,Pharmacie Moderne El Jadida,El jadida,,ElJadida
3603,Pharmacie ElFalah,0523356122,Pharmacie ElFalah EL JADIDA,Pharmacie ElFalah El Jadida,El jadida,,ElJadida
2708,Pharmacie de Garde à El Jadida,0523348946,Station Afriquia Route Moulay Abdellah Sidi Bouzid El Jadida,Pharmacie de Garde à El Jadida El Jadida,El jadida,,ElJadida
5236,Pharmacie le Dauphin,0523393916,"lotiss. Al Manar, (Bencherki), zone 6 n°130 El jadida",Pharmacie le Dauphin El Jadida,El jadida,,ElJadida
6711,Pharmacie Saiss,0523386003,Pharmacie Saiss EL JADIDA,Pharmacie Saiss El Jadida,El jadida,,ElJadida
5142,Pharmacie la Victoire,0523390196,1  lotiss. Annasr   mouilha  El jadida,Pharmacie la Victoire El Jadida,El jadida,,ElJadida
5980,Pharmacie Oasis,0523353431,3  bd Khalil Jabrane - Autre ville   resid. Diar Al Mansour GH7 Lot 59  El jadida,Pharmacie Oasis El Jadida,El jadida,,ElJadida
6121,Pharmacie Ouassat Eljadida,0523390577,bd Bandong  El jadida,Pharmacie Ouassat Eljadida El Jadida,El jadida,,ElJadida
2802,Pharmacie de l'Union,0523343364,160  bd Mohammed V   El jadida,Pharmacie de l'Union El Jadida,El jadida,,ElJadida
6220,Pharmacie Ouled Hamdane,0523386161,Pharmacie Ouled Hamdane EL JADIDA,Pharmacie Ouled Hamdane El Jadida,El jadida,,ElJadida
9111,Pharmacie la Lune,0523393533,25  avenue Ennasr   Rte cotière  El Jadida - Maroc   ,Pharmacie la Lune El jadida,El jadida,,ElJadida
813,Pharmacie AlBalssam,0527651649,39 X bd Bir Anzarane   lotiss. Ezzahraoui  EL JADIDA,Pharmacie AlBalssam El Jadida,El jadida,,ElJadida
7248,Pharmacie Tissir,0523350570,70  bd Bir Anzarane   El jadida,Pharmacie Tissir El Jadida,El jadida,,ElJadida
5240,Pharmacie le Grand Parc,0634654049,74  av. Ibn Badis   El jadida,Pharmacie le Grand Parc El Jadida,El jadida,,ElJadida
2778,Pharmacie de la Paix,0523353372,bd Mohamed Toufani  El jadida,Pharmacie de la Paix El Jadida,El jadida,,ElJadida
875,Pharmacie Albreija,0523343928,59  Pl. Abdelkrim Khattabi   El jadida,Pharmacie Albreija El Jadida,El jadida,,ElJadida
5279,Pharmacie les Parents,0523332187,bd Abdelhamid Bnou Badis ang. rue Brahim Roudani c.com. Acima B 3 El jadida,Pharmacie les Parents El Jadida,El jadida,,ElJadida
4512,Pharmacie Imad,0523348303,Pharmacie Imad EL JADIDA,Pharmacie Imad El Jadida,El jadida,,ElJadida
16,Pharmacie Achifaa,0523372858,19  lotiss. Ennajd I   résid. Addam  El jadida,Pharmacie Achifaa El Jadida,El jadida,,ElJadida
1732,Pharmacie Ben Badiss,0523370832,"4, bd Abdelhamid Bnou Badis, lotiss. AlQods El jadida",Pharmacie Ben Badiss El Jadida,El jadida,,ElJadida
1371,Pharmacie Annakhil,0523350220,"1 Bis, rue Baghdad  El jadida",Pharmacie Annakhil El Jadida,El jadida,,ElJadida
5194,Pharmacie Lalla Zahra,0523343794,95  bd Chouhada   El jadida,Pharmacie Lalla Zahra El Jadida,El jadida,,ElJadida
689,Pharmacie Grande pharmacie d'Azemmour,0523347127,"47, bd Zerktouni  Azemmour",Pharmacie Grande pharmacie d'Azemmour Azemmour,Azemmour,,Azemmour
9784,Pharmacie ElIdrissi,0523358949,50  bd My ElHassan   Azemmour - Maroc,Pharmacie ElIdrissi Azemmour,Azemmour,,Azemmour
6024,Pharmacie Ibn Sina,0523347771,Pharmacie Ibn Sina AZEMMOUR,Pharmacie Ibn Sina Azemmour,Azemmour,,Azemmour
5835,Pharmacie ElManzah,0523347778,Pharmacie ElManzah AZEMMOUR,Pharmacie ElManzah Azemmour,Azemmour,,Azemmour
6966,Pharmacie la Gloire,0523347388,Pharmacie la Gloire AZEMMOUR,Pharmacie la Gloire Azemmour,Azemmour,,Azemmour
7876,Pharmacie la Fontaine,0523357607,Pharmacie la Fontaine AZEMMOUR,Pharmacie la Fontaine Azemmour,Azemmour,,Azemmour
6110,Pharmacie Dar Achabab,0523358094,Pharmacie Dar Achabab AZEMMOUR,Pharmacie Dar Achabab Azemmour,Azemmour,,Azemmour
6445,Pharmacie Badr,0523358477,Pharmacie Badr AZEMMOUR,Pharmacie Badr Azemmour,Azemmour,,Azemmour
6922,Pharmacie le Palmier,0612201363,Pharmacie le Palmier AZEMMOUR,Pharmacie le Palmier Azemmour,Azemmour,,Azemmour
6543,Pharmacie 20 Aout,0523358990,Pharmacie 20 Aout AZEMMOUR,Pharmacie 20 Aout Azemmour,Azemmour,,Azemmour
5929,Pharmacie Pam,0523347290,Pharmacie Pam AZEMMOUR,Pharmacie Pam Azemmour,Azemmour,,Azemmour
6234,Pharmacie Belayachi,0523347342,Pharmacie Belayachi AZEMMOUR,Pharmacie Belayachi Azemmour,Azemmour,,Azemmour
6626,Pharmacie de Peuple,0523347019,Pharmacie de Peuple AZEMMOUR,Pharmacie de Peuple Azemmour,Azemmour,,Azemmour
8306,Pharmacie Moulay Smail,0523347455,Pharmacie Moulay Smail AZEMMOUR,Pharmacie Moulay Smail Azemmour,Azemmour,,Azemmour
7199,Pharmacie Douar Dghoughi,0676206417,Pharmacie Douar Dghoughi AZEMMOUR,Pharmacie Douar Dghoughi Azemmour,Azemmour,,Azemmour
6880,Pharmacie Ikram,0523347528,Pharmacie Ikram AZEMMOUR,Pharmacie Ikram Azemmour,Azemmour,,Azemmour
7634,Pharmacie El Yosr,0523376420,Pharmacie El Yosr AZEMMOUR,Pharmacie El Yosr Azemmour,Azemmour,,Azemmour
9814,Pharmacie AlMahata,0523358737,30  bd Boujdour   Azemmour - Maroc,Pharmacie AlMahata Azemmour,Azemmour,,Azemmour
9745,Pharmacie Mohamed V,0523347090,324  Bd Mohamed V   Azemmour - Maroc,Pharmacie Mohamed V Azemmour,Azemmour,,Azemmour
9715,Pharmacie Mohamed V,0523347090,324  Bd Mohamed V   Azemmour - Maroc,Pharmacie Mohamed V Azemmour,Azemmour,,Azemmour
6916,Pharmacie Derb Jdid,0523357867,Pharmacie Derb Jdid AZEMMOUR,Pharmacie Derb Jdid Azemmour,Azemmour,,Azemmour
6757,Pharmacie Ennasr,0523358239,Pharmacie Ennasr AZEMMOUR,Pharmacie Ennasr Azemmour,Azemmour,,Azemmour
9831,Pharmacie Ennasr,0523358750,19  av. ElMassira   lotiss. Ennasr  Azemmour - Maroc,Pharmacie Ennasr Azemmour,Azemmour,,Azemmour
9806,Pharmacie Laila,0523358911,74 Bis bd. Laayoune   Azemmour - Maroc,Pharmacie Laila Azemmour,Azemmour,,Azemmour
9774,Pharmacie El Amal,0523357754,321  Bd Mohamed V   Azemmour - Maroc,Pharmacie El Amal Azemmour,Azemmour,,Azemmour
7001,Pharmacie Oum Rabii,0523358261,Pharmacie Oum Rabii AZEMMOUR,Pharmacie Oum Rabii Azemmour,Azemmour,,Azemmour
6968,Pharmacie les Iris,0523357406,Pharmacie les Iris AZEMMOUR,Pharmacie les Iris Azemmour,Azemmour,,Azemmour
3791,Pharmacie ElMohit,0523343754,"124, bd Mohammed VI  El jadida",Pharmacie ElMohit El Jadida,El jadida,,Azemmour
10007,Pharmacie Nouvelle Florida,0523350204,lot florida el jadida ,Pharmacie Nouvelle Florida El jadida,El jadida,09H A 21H,Azemmour
10052,Pharmacie Kouassem,0540030711,rond-point Hassan II El Jadida,Pharmacie Kouassem El Jadida,El Jadida,,Azemmour
5334,Pharmacie l'Hôpital,0523355745,32  rue Fès   Plateau  El jadida,Pharmacie l'Hôpital El Jadida,El jadida,,Azemmour
9192,Pharmacie ElHamrae,0766382826,rte douar Lachab n°6  El Jadida - Maroc   ,Pharmacie ElHamrae El jadida,El jadida,,Azemmour
683,Pharmacie Al Wahat,0523371171,"lotiss. Al Irfane, n°3 El jadida",Pharmacie Al Wahat El Jadida,El jadida,,Azemmour
2055,Pharmacie Californie,0523344936,7  lotiss. Al Massira   av. Al Massira  El jadida,Pharmacie Californie El Jadida,El jadida,,Azemmour
3616,Pharmacie ElGhorba,0523350202,Pharmacie ElGhorba EL JADIDA,Pharmacie ElGhorba El Jadida,El jadida,,Azemmour
4049,Pharmacie Espace Massira,0523343204,2  bd Massira El Khadra - Autre ville   El jadida,Pharmacie Espace Massira El Jadida,El jadida,,Azemmour
1794,Pharmacie Biladi,0523380226,Pharmacie Biladi EL JADIDA,Pharmacie Biladi El Jadida,El jadida,,Azemmour
2588,Pharmacie Cherif,0523371150,570  hay Essalam   El jadida,Pharmacie Cherif El Jadida,El jadida,,Azemmour
4545,Pharmacie Imane,0523350683,"2, bd Annakhil  El jadida",Pharmacie Imane El Jadida,El jadida,,Azemmour
6377,Pharmacie Portugaise,0523342102,"84, rue Hachmi Bahbah, cité portugaise El jadida",Pharmacie Portugaise El Jadida,El jadida,09H A 21H,Azemmour
10146,Pharmacie Sidi Bennour,0523349271,"Av. Mohamed V, Sidi Bennour",Pharmacie Sidi Bennour sidi-bennour,Sidi-bennour,,SidiBennour
6171,Pharmacie Ibnou Rochd,0523349518,10  bd. Hassan II   SIDI BENNOUR,Pharmacie Ibnou Rochd Sidi Bennour,Sidi Bennour,,SidiBennour
8388,Pharmacie Ahlam,0523349916,44  rue Aswane   SIDI BENNOUR,Pharmacie Ahlam Sidi Bennour,Sidi Bennour,,SidiBennour
1099,Pharmacie AlMoustakbal,0523349421,13  Bd Moulay Abdellah   kiss. AlMoustakbal  Sidi bennour,Pharmacie AlMoustakbal Sidi Bennour,Sidi Bennour,,SidiBennour
6507,Pharmacie AlHassania,0523359035,18  rue Ibrahim Roudani   SIDI BENNOUR,Pharmacie AlHassania Sidi Bennour,Sidi Bennour,,SidiBennour
1385,Pharmacie Bouroud,0523369210,705  Bd Mohamed V hay El Massira   Sidi bennour,Pharmacie Bouroud Sidi Bennour,Sidi Bennour,,SidiBennour
2531,Pharmacie Ain Chifa,0523359104,127  Bd Mohamed V   Sidi bennour,Pharmacie Ain Chifa Sidi Bennour,Sidi Bennour,,SidiBennour
6529,Pharmacie Belcouyed,0523359245,bd. Atoufah Ard ElKhair   SIDI BENNOUR,Pharmacie Belcouyed Sidi Bennour,Sidi Bennour,,SidiBennour
1260,Pharmacie Grar,0523349647,250  Bd Dakhla citée Pam   Sidi bennour,Pharmacie Grar Sidi Bennour,Sidi Bennour,,SidiBennour
7065,Pharmacie Nadia,0523359068,68 X bd Hassan Ouazzani   SIDI BENNOUR,Pharmacie Nadia Sidi Bennour,Sidi Bennour,,SidiBennour
8695,Pharmacie Ouled Aissa,0523386247,Had Oulad Aissa   SIDI BENNOUR,Pharmacie Ouled Aissa Sidi Bennour,Sidi Bennour,,SidiBennour
8680,Pharmacie Zyayna,0661152808,Pharmacie Zyayna SIDI BENNOUR,Pharmacie Zyayna Sidi Bennour,Sidi Bennour,,SidiBennour
7911,Pharmacie du Village,0523349588,centre AlKaria   cercle Rural Bouhman  SIDI BENNOUR,Pharmacie du Village Sidi Bennour,Sidi Bennour,,SidiBennour
1081,Pharmacie AlMotahida,0523349220,Avenue de l'armée royale   Sidi bennour,Pharmacie AlMotahida Sidi Bennour,Sidi Bennour,,SidiBennour
7935,Pharmacie ElGrichet,0523369199,centre ElGrichet   Cercle Sidi Bennour,Pharmacie ElGrichet Sidi Bennour,Sidi Bennour,,SidiBennour
7034,Pharmacie Rajaa,0523369842,lotissement Amane n°38   SIDI BENNOUR,Pharmacie Rajaa Sidi Bennour,Sidi Bennour,,SidiBennour
6470,Pharmacie AlWafaa,0523349314,Lotiss. Essaada II n°2   SIDI BENNOUR,Pharmacie AlWafaa Sidi Bennour,Sidi Bennour,,SidiBennour
9103,Pharmacie de l'hôpital,0523359354,9  lot Ammar   Sidi Bennour - Maroc   ,Pharmacie de l'hôpital Sidi bennour,Sidi bennour,,SidiBennour
6145,Pharmacie El Ghazali,0523359170,43  bd Al Amir Sidi Mohamed   SIDI BENNOUR,Pharmacie El Ghazali Sidi Bennour,Sidi Bennour,,SidiBennour
8567,Pharmacie Kridid,0523356793,Sebt ElMaarif   n°40  SIDI BENNOUR,Pharmacie Kridid Sidi Bennour,Sidi Bennour,,SidiBennour
715,Pharmacie Ibn Sina,0523349034,2  Bd Oued Eddahab Pam   Sidi bennour,Pharmacie Ibn Sina Sidi Bennour,Sidi Bennour,,SidiBennour
1489,Pharmacie la santé,0523359291,479  Pam bloc 5   Sidi bennour,Pharmacie la santé Sidi Bennour,Sidi Bennour,,SidiBennour
5969,Pharmacie Issaad,0523349975,rue Laayoune  bd. Allal Ben Abdellah   SIDI BENNOUR,Pharmacie Issaad Sidi Bennour,Sidi Bennour,,SidiBennour
6580,Pharmacie Errazi,0523369437,hay Pam n°627   SIDI BENNOUR,Pharmacie Errazi Sidi Bennour,Sidi Bennour,,SidiBennour
8358,Pharmacie Ouled Si Bouhya,0523376070,centre ElGrichet   SIDI BENNOUR,Pharmacie Ouled Si Bouhya Sidi Bennour,Sidi Bennour,,SidiBennour
9078,Pharmacie Essalam,0523369377,41 Bis bd Houmane ElFetouaki   Sidi Bennour - Maroc   ,Pharmacie Essalam Sidi bennour,Sidi bennour,,SidiBennour
7181,Pharmacie Meftah Elkhair,0523359622,lotiss. Massira   n°491  SIDI BENNOUR,Pharmacie Meftah Elkhair Sidi Bennour,Sidi Bennour,,SidiBennour
6138,Pharmacie Errahma,0523369260,bd. My Abdellah  1 rue Imam Malek   SIDI BENNOUR,Pharmacie Errahma Sidi Bennour,Sidi Bennour,,SidiBennour
9090,Pharmacie la Famille,0523369392,250  lot Widad   Sidi Bennour - Maroc   ,Pharmacie la Famille Sidi bennour,Sidi bennour,,SidiBennour
10172,Pharmacie la Cité,0529824286," av la Marche Verte , résid. Asaad, i4, mm. B1, bloc A n°4 Sidi Bennour",Pharmacie la Cité Sidi Bennour,Sidi Bennour,,SidiBennour
7160,Pharmacie AlWidad,0523349922,132  bd. Amir Sidi Mohamed   SIDI BENNOUR,Pharmacie AlWidad Sidi Bennour,Sidi Bennour,,SidiBennour
2041,Pharmacie Al Qods,0523349292,413  Bd Massira   lotiss. Widad  Sidi bennour,Pharmacie Al Qods Sidi Bennour,Sidi Bennour,,SidiBennour
6031,Pharmacie Charafi,0523359346,231  bd. ElMokhtar Essoussi   Lot. Fath  SIDI BENNOUR,Pharmacie Charafi Sidi Bennour,Sidi Bennour,,SidiBennour
2653,Pharmacie Badr,0523349224,335  Avenue Massira   Sidi bennour,Pharmacie Badr Sidi Bennour,Sidi Bennour,,SidiBennour
2837,Pharmacie Centrale,0523349145,109  bd Dakhla   lotiss. Pam  SIDI BENNOUR,Pharmacie Centrale Sidi Bennour,Sidi Bennour,,SidiBennour
6769,Pharmacie Noury,0523359130,28  lotiss. Ard Alkhair   SIDI BENNOUR,Pharmacie Noury Sidi Bennour,Sidi Bennour,,SidiBennour
1321,Pharmacie la victoire,0523349320,Bd des F.a.r   Sidi bennour,Pharmacie la victoire Sidi Bennour,Sidi Bennour,,SidiBennour
10045,Pharmacie Tarik,0523369275,Lotiss. Ard Lkheir Sidi Bennour,Pharmacie Tarik Sidi Bennour,Sidi Bennour,,SidiBennour
2117,Pharmacie Al Masjid,0523359463,509  Av 20 Aout bloc Pam   Sidi bennour,Pharmacie Al Masjid Sidi Bennour,Sidi Bennour,garde 24h/24,SidiBennour
6903,Pharmacie Alyassine,0523349060,42  lotiss. Alyassine   SIDI BENNOUR,Pharmacie Alyassine Sidi Bennour,Sidi Bennour,,SidiBennour
9959, Pharmacie Louis Gentil,0524660950,14 Bis bd Sebta - Autre ville hay Mohammadi Youssoufia, Pharmacie Louis Gentil Youssoufia,Youssoufia,,Youssoufia
9139,Pharmacie El Khiria,0524648216,25  rue Meknés   cité Hassani  Youssoufia - Maroc   ,Pharmacie El Khiria Youssoufia,Youssoufia,,Youssoufia
2231,Pharmacie Nejmi,0524649089,Rue Walili quart.Takadoum   Youssoufia,Pharmacie Nejmi Youssoufia,Youssoufia,,Youssoufia
1470,Pharmacie Zaid,0524645212,13  rue Melilia - Autre ville   hay Mohammadie  Youssoufia,Pharmacie Zaid Youssoufia,Youssoufia,garde 24h/24,Youssoufia
2261,Pharmacie Essaada,0524646707,6  av AlAhram   Youssoufia,Pharmacie Essaada Youssoufia,Youssoufia,,Youssoufia
7832,Pharmacie Annour,0524649312,hay Laghdir   n°314  YOUSSOUFIA,Pharmacie Annour Youssoufia,Youssoufia,,Youssoufia
8090,Pharmacie Errahma,0524647752,66  rue Hamid ElKhatib   YOUSSOUFIA,Pharmacie Errahma Youssoufia,Youssoufia,garde 24h/24,Youssoufia
9157,Pharmacie Inas,0524645524,11  bd Damas   q. Salam Youssoufia  Youssoufia - Maroc   ,Pharmacie Inas Youssoufia,Youssoufia,,Youssoufia
7469,Pharmacie Dakhla,0524648206,180  bd du Nil   q. Dakhla  YOUSSOUFIA,Pharmacie Dakhla Youssoufia,Youssoufia,,Youssoufia
7369,Pharmacie du Souk,0524645060,cité Erac   q. com. n°31  YOUSSOUFIA,Pharmacie du Souk Youssoufia,Youssoufia,,Youssoufia
8319,Pharmacie Baghdad,0524649474,22  cité Laghdir   YOUSSOUFIA,Pharmacie Baghdad Youssoufia,Youssoufia,,Youssoufia
611,Pharmacie Ahmar,0524649112,24  Rue Oued Eddahab   Youssoufia,Pharmacie Ahmar Youssoufia,Youssoufia,,Youssoufia
8648,Pharmacie AlQods,0524647546,hay ElWahda 3   n°23  YOUSSOUFIA,Pharmacie AlQods Youssoufia,Youssoufia,,Youssoufia
7454,Pharmacie Chefchaouni,0524649508,Pharmacie Chefchaouni YOUSSOUFIA,Pharmacie Chefchaouni Youssoufia,Youssoufia,,Youssoufia
9170,Pharmacie de l'Hôpital,0524646108,25  q. Manar   rue n°9  Youssoufia - Maroc   ,Pharmacie de l'Hôpital Youssoufia,Youssoufia,,Youssoufia
9542,Pharmacie Zineb,0524645909,342  lotiss. Agendis   Youssoufia - Maroc,Pharmacie Zineb Youssoufia,Youssoufia,,Youssoufia
2002,Pharmacie Zytouna,0524660704,65  hay Smara   Al Arsa  Youssoufia,Pharmacie Zytouna Youssoufia,Youssoufia,,Youssoufia
7944,Pharmacie la Municipalité,0524645265,1  rue Abou Bakr Essadik   q. Hassani  YOUSSOUFIA,Pharmacie la Municipalité Youssoufia,Youssoufia,,Youssoufia
3067,Pharmacie Kachkat,0524649270,9  Rue Imam Malik   Youssoufia,Pharmacie Kachkat Youssoufia,Youssoufia,,Youssoufia
10083,pharmacie al fath,0524646060,"331 Hay El Fath, Youssoufia 46300",pharmacie al fath Youssoufia ,Youssoufia ,,Youssoufia
7727,Pharmacie Eddoukali,0524645922,15  rue Mouatamid Ben Abbad   YOUSSOUFIA,Pharmacie Eddoukali Youssoufia,Youssoufia,,Youssoufia
7489,Pharmacie Moderne,0524649669,9  rue Laâyoune  q. Hassani  YOUSSOUFIA,Pharmacie Moderne Youssoufia,Youssoufia,,Youssoufia
10181,Pharmacie Ibn Sina,0524648294,"1 rue Abda , hay Zallaka Youssoufia",Pharmacie Ibn Sina Youssoufia,Youssoufia,,Youssoufia
10161,Pharmacie Erreteb,0617564964,"hay Nahda , rue 7 n°3 Youssoufia",Pharmacie Erreteb Youssoufia,Youssoufia,,Youssoufia
8749,Pharmacie Agendis,0524646491,34  lotiss. Agendis   YOUSSOUFIA,Pharmacie Agendis Youssoufia,Youssoufia,,Youssoufia
9974,Pharmacie Afaq,0524649818,131 hay Agendis Youssoufia,Pharmacie Afaq Youssoufia,Youssoufia,,Youssoufia
10101,Pharmacie Iksir,0524646350," lotiss. Smara , rue 18 n°9 Youssoufia",Pharmacie Iksir Youssoufia,Youssoufia,,Youssoufia
8137,Pharmacie Sidi Ahmed,0524649719,41  hay Mohamadi   Kariat Sidi Ahmed  YOUSSOUFIA,Pharmacie Sidi Ahmed Youssoufia,Youssoufia,,Youssoufia
9421,Pharmacie Sidi Ahmed,0524649718,41  hay Mohamadi   Kariat Sidi Ahmed  Youssoufia - Maroc   ,Pharmacie Sidi Ahmed Youssoufia,Youssoufia,,Youssoufia
6114,Pharmacie Marche Verte,0524468010,Pharmacie Marche Verte CHEMAIA,Pharmacie Marche Verte Chemaia,Chemaia,,Youssoufia
6226,Pharmacie Essalam,0524468666,Pharmacie Essalam CHEMAIA,Pharmacie Essalam Chemaia,Chemaia,,Youssoufia
5853,Pharmacie Hnider,0524468656,Pharmacie Hnider CHEMAIA,Pharmacie Hnider Chemaia,Chemaia,,Youssoufia
6589,Pharmacie Chemaia,0524468053,Pharmacie Chemaia,Pharmacie Chemaia Chemaia,Chemaia,,Youssoufia
7756,Pharmacie Sidi Boualam,0524468116,Pharmacie Sidi Boualam CHEMAIA,Pharmacie Sidi Boualam Chemaia,Chemaia,,Youssoufia
7657,Pharmacie Souk Zima,0524469127,Pharmacie Souk Zima CHEMAIA,Pharmacie Souk Zima Chemaia,Chemaia,,Youssoufia
6983,Pharmacie Smara,0528899133,Pharmacie Smara,Pharmacie Smara Smara,Smara,,Youssoufia
8018,Pharmacie Principale,0524642313,Pharmacie Principale JEMAA SEHAIM,Pharmacie Principale Jemaa Sehaim,Jemaa Sehaim,,Youssoufia
6161,Pharmacie Centrale,0524642045,Pharmacie Centrale JEMAA SEHAIM,Pharmacie Centrale Jemaa Sehaim,Jemaa Sehaim,,Youssoufia
6985,Pharmacie AlHamd,0524642670,Pharmacie AlHamd JEMAA SEHAIM,Pharmacie AlHamd Jemaa Sehaim,Jemaa Sehaim,,Youssoufia
7438,Pharmacie Taieb,0524642651,Pharmacie Taieb JEMAA SEHAIM,Pharmacie Taieb Jemaa Sehaim,Jemaa Sehaim,,Youssoufia
3495,Pharmacie Abouali,0523434237,"111, bd Allal ben abdellah  Fkih ben salah",Pharmacie Abouali Fkih Ben Salah,Fkih ben salah,,FquihBenSalah
762,Pharmacie Bab Tlat,0523435238,91  rue Bab Tlat   Fkih ben salah,Pharmacie Bab Tlat Fkih Ben Salah,Fkih ben salah,,FquihBenSalah
4350,Pharmacie Boukhari,0523439312,139  lot Khaled   Fkih ben salah,Pharmacie Boukhari Fkih Ben Salah,Fkih ben salah,,FquihBenSalah
2369,Pharmacie Hôpital,0523433780,quartier M'salla   rue 91 n°213  Fkih ben salah,Pharmacie Hôpital Fkih Ben Salah,Fkih ben salah,,FquihBenSalah
5312,Pharmacie ElAmana,0523439431,Oulad Sidi Chennane   Fkih ben salah,Pharmacie ElAmana Fkih Ben Salah,Fkih ben salah,,FquihBenSalah
5582,Pharmacie ElYassamine,0523433156,"141, bd Allal Ben Abdellah  Fkih ben salah",Pharmacie ElYassamine Fkih Ben Salah,Fkih ben salah,,FquihBenSalah
863,Pharmacie Hay M'ssala,0523438646,hay massala   rue 59 n°138  Fkih ben salah,Pharmacie Hay M'ssala Fkih Ben Salah,Fkih ben salah,,FquihBenSalah
9086,Pharmacie Béni Oukil,0523420310,centre Béni Oukil   Fkih Ben Salah - Maroc   ,Pharmacie Béni Oukil Fkih ben salah,Fkih ben salah,,FquihBenSalah
4673,Pharmacie Zohour,0523439470,cité Zohour  Fkih ben salah,Pharmacie Zohour Fkih Ben Salah,Fkih ben salah,,FquihBenSalah
5768,Pharmacie Zerktouni,0523432583,29  bd Zerktouni   Fkih ben salah,Pharmacie Zerktouni Fkih Ben Salah,Fkih ben salah,,FquihBenSalah
3980,Pharmacie Pasteur,0523434793,"98, lot. ElYassmine  Fkih ben salah",Pharmacie Pasteur Fkih Ben Salah,Fkih ben salah,,FquihBenSalah
3668,Pharmacie Souk Jdid,0523433510,"166, Izza Khouyti  Fkih ben salah",Pharmacie Souk Jdid Fkih Ben Salah,Fkih ben salah,,FquihBenSalah
5490,Pharmacie Ibn Rochd,0523432860,Ibtissam 2   bloc 1 n°6  Fkih ben salah,Pharmacie Ibn Rochd Fkih Ben Salah,Fkih ben salah,,FquihBenSalah
3699,Pharmacie AlQods,0523436424,50  bd Allal Ben Abdellah   Fkih ben salah,Pharmacie AlQods Fkih Ben Salah,Fkih ben salah,,FquihBenSalah
3972,Pharmacie Andalous,0523431977,cité Andalous   ouled sidi Chennane  Fkih ben salah,Pharmacie Andalous Fkih Ben Salah,Fkih ben salah,,FquihBenSalah
8360,Pharmacie Yaqine,0523432222,Pharmacie Yaqine FKIH BEN SALAH,Pharmacie Yaqine Fkih Ben Salah,Fkih ben salah,,FquihBenSalah
481,Pharmacie Abou Fadl,0523436867,hay Zohour 1   n°11 bloc 40  Fkih ben salah,Pharmacie Abou Fadl Fkih Ben Salah,Fkih ben salah,,FquihBenSalah
4771,Pharmacie Nezha 1,0523434141,"hay Nezha 1 , bloc A n°50 bis Fkih ben salah",Pharmacie Nezha 1 Fkih Ben Salah,Fkih ben salah,,FquihBenSalah
4756,Pharmacie AlAmal,0523435109,"255, av. Allal Ben Abdellah  Fkih ben salah",Pharmacie AlAmal Fkih Ben Salah,Fkih ben salah,,FquihBenSalah
1959,Pharmacie Al Fath,0623882688,"178, q. Al Fath  Fkih ben salah",Pharmacie Al Fath Fkih Ben Salah,Fkih ben salah,,FquihBenSalah
348,Pharmacie Alyosr,0523438044,av. AlMassira Alkhadra  Fkih ben salah,Pharmacie Alyosr Fkih Ben Salah,Fkih ben salah,,FquihBenSalah
3534,Pharmacie La Victoire,0523439292,"228 Bis, cité Zohour E  Fkih ben salah",Pharmacie La Victoire Fkih Ben Salah,Fkih ben salah,,FquihBenSalah
4134,Pharmacie AlMoujahid,0523437426,bd des Far   Fkih ben salah,Pharmacie AlMoujahid Fkih Ben Salah,Fkih ben salah,,FquihBenSalah
5609,Pharmacie Errahma,0523435733,65  rue Mohamed ElQori   Fkih ben salah,Pharmacie Errahma Fkih Ben Salah,Fkih ben salah,,FquihBenSalah
4487,Pharmacie Doha,0523431046,"hay Farida , rue 6 n°81 Fkih ben salah",Pharmacie Doha Fkih Ben Salah,Fkih ben salah,,FquihBenSalah
993,Pharmacie Oulad Hdiddou,0523437951,rue Oulad Hdiddou   Fkih ben salah,Pharmacie Oulad Hdiddou Fkih Ben Salah,Fkih ben salah,,FquihBenSalah
5868,Pharmacie de la Gare,0523436564,Pharmacie de la Gare FKIH BEN SALAH,Pharmacie de la Gare Fkih Ben Salah,Fkih ben salah,,FquihBenSalah
979,Pharmacie Meskaoui,0523438680,bd Palestine   Fkih ben salah,Pharmacie Meskaoui Fkih Ben Salah,Fkih ben salah,,FquihBenSalah
2280,Pharmacie Souk El Arbeaa,0523435922,bd Allal Ben Abdallah - Autre ville   hay Farida  Fkih ben salah,Pharmacie Souk El Arbeaa Fkih Ben Salah,Fkih ben salah,,FquihBenSalah
3343,Pharmacie Raja,0523437557,3  rue Beni Mellal   Fkih ben salah,Pharmacie Raja Fkih Ben Salah,Fkih ben salah,,FquihBenSalah
5188,Pharmacie AlFarabi,0523437046,"1, bd. Allal Ben Abdellah ang. place de la liberté Fkih ben salah",Pharmacie AlFarabi Fkih Ben Salah,Fkih ben salah,,FquihBenSalah
4480,Pharmacie Alkindi,0523437150,"119, cité Jamila  Fkih ben salah",Pharmacie Alkindi Fkih Ben Salah,Fkih ben salah,,FquihBenSalah
2988,Pharmacie Nahda,0523439383,98  rue Imam Malik   hay Nahda  Fkih ben salah,Pharmacie Nahda Fkih Ben Salah,Fkih ben salah,,FquihBenSalah
4206,Pharmacie ElHansali,0523438176,"73, rue ElHansali  Fkih ben salah",Pharmacie ElHansali Fkih Ben Salah,Fkih ben salah,,FquihBenSalah
1543,Pharmacie Chifaa,0523439076,"av. Hassan II , cité AlMajd n°46 Fkih ben salah",Pharmacie Chifaa Fkih Ben Salah,Fkih ben salah,,FquihBenSalah
1575,Pharmacie DHIRAT,0662631612,Ouled aissa ouled ali dhirat  Fquih Ben Salah,Pharmacie DHIRAT Fkih Ben Salah,Fkih ben salah,,FquihBenSalah
2464,Pharmacie populaire,0523439258,34  av. Hassan II   Fkih ben salah,Pharmacie populaire Fkih Ben Salah,Fkih ben salah,,FquihBenSalah
2585,Pharmacie ElModafar,0523436565,97  bd Houmane Fetouaki   Fkih ben salah,Pharmacie ElModafar Fkih Ben Salah,Fkih ben salah,,FquihBenSalah
5001,Pharmacie Sabil,0523432180,lot. Nezha II   325 bloc D  Fkih ben salah,Pharmacie Sabil Fkih Ben Salah,Fkih ben salah,,FquihBenSalah
5913,Pharmacie Hafir,0523432312,Pharmacie Hafir FKIH BEN SALAH,Pharmacie Hafir Fkih Ben Salah,Fkih ben salah,,FquihBenSalah
1822,Pharmacie Elhansali,0523482165,9  bd Ahmed Elhansali   Beni Mellal,Pharmacie Elhansali Beni Mellal,Beni Mellal,,BeniMellal
1537,Pharmacie du Maroc,0523482540,av. Taha Houcine   bloc 6 n°1  q. Salem  Beni mellal,Pharmacie du Maroc Beni Mellal,Beni Mellal,,BeniMellal
120,Pharmacie Ait Tisslit,0523486772,80  lotiss. Jamila - Autre ville   place Ait Tisslit  Beni Mellal,Pharmacie Ait Tisslit Beni Mellal,Beni Mellal,,BeniMellal
7157,Pharmacie Sidi Abdelhalim,0523487202,Pharmacie Sidi Abdelhalim BENI MELLAL,Pharmacie Sidi Abdelhalim Beni Mellal,Beni Mellal,,BeniMellal
6418,Pharmacie Populaire,0523483870,"205, bd Laâyoune  Beni Mellal",Pharmacie Populaire Beni Mellal,Beni Mellal,,BeniMellal
6849,Pharmacie Rmila,0523485660,"173, bd 9 Septembre  Beni mellal",Pharmacie Rmila Beni Mellal,Beni Mellal,,BeniMellal
2686,Pharmacie Laghdira Hamra,0523420528,Ghdira Hamra   Beni mellal,Pharmacie Laghdira Hamra Beni Mellal,Beni Mellal,,BeniMellal
994,Pharmacie Dar Dbagh,0523424041,107  bd Nouakchot   rue 10 q. dar Dbagh  BENI MELLAL,Pharmacie Dar Dbagh Beni Mellal,Beni Mellal,,BeniMellal
2327,Pharmacie Hay Redouane,0523485103,lot Redouane   Beni mellal,Pharmacie Hay Redouane Beni Mellal,Beni Mellal,,BeniMellal
2646,Pharmacie Laayayta,0523460293,Pharmacie Laayayta BENI MELLAL,Pharmacie Laayayta Beni Mellal,Beni Mellal,,BeniMellal
1565,Pharmacie El Mamoune,0662703580,Pharmacie El Mamoune BENI MELLAL,Pharmacie El Mamoune Beni Mellal,Beni Mellal,,BeniMellal
700,Pharmacie Bin ElOuidane,0523483248,"hay AlMassira II , bloc 27 n°3 Beni Mellal",Pharmacie Bin ElOuidane Beni Mellal,Beni Mellal,,BeniMellal
2164,Pharmacie Foum Elanceur,0523420543,Pharmacie Foum Elanceur BENI MELLAL,Pharmacie Foum Elanceur Beni Mellal,Beni Mellal,,BeniMellal
1693,Pharmacie ElAmal,0523484914,"hay ElAmal , bloc 12 n°43 Beni Mellal",Pharmacie ElAmal Beni Mellal,Beni Mellal,,BeniMellal
3076,Pharmacie Orangers,0523420340,"cité Limoune , villa Geoise, bloc 2 n°2 Beni Mellal",Pharmacie Orangers Beni Mellal,Beni Mellal,,BeniMellal
6535,Pharmacie Quartier Administratif,0523429997,hay Darkoum   bloc 7 n°14  Beni mellal,Pharmacie Quartier Administratif Beni Mellal,Beni Mellal,,BeniMellal
2205,Pharmacie Ghorm Elam,0523447345,Pharmacie Ghorm Elam BENI MELLAL,Pharmacie Ghorm Elam Beni Mellal,Beni Mellal,,BeniMellal
6085,Pharmacie Ouled Yaiche,0523516185,Pharmacie Ouled Yaiche BENI MELLAL,Pharmacie Ouled Yaiche Beni Mellal,Beni Mellal,,BeniMellal
1975,Pharmacie Ennajat,0523485982,av. Laayoune   n°151  bloc 15 hay El Houda  Beni Mellal,Pharmacie Ennajat Beni Mellal,Beni Mellal,,BeniMellal
2087,Pharmacie Farabi,0523447439,Pharmacie Farabi BENI MELLAL,Pharmacie Farabi Beni Mellal,Beni Mellal,,BeniMellal
7040,Pharmacie Sabraoui,0523455894,Pharmacie Sabraoui BENI MELLAL,Pharmacie Sabraoui Beni Mellal,Beni Mellal,,BeniMellal
686,Pharmacie Beni Mellal,0523483652,16  rue des Martyrs   Beni Mellal,Pharmacie Beni Mellal Beni Mellal,Beni Mellal,,BeniMellal
1525,Pharmacie du marché,0523482204,84  place du Marché Ibn Batouta   Beni mellal,Pharmacie du marché Beni Mellal,Beni Mellal,,BeniMellal
1854,Pharmacie ElHouda,0523422639,Quartier ElHouda   c. com. ElHouda n°20  Beni Mellal,Pharmacie ElHouda Beni Mellal,Beni Mellal,,BeniMellal
1272,Pharmacie de la gare,0523483372,"238, bd Mohammed V  Beni mellal",Pharmacie de la gare Beni Mellal,Beni Mellal,,BeniMellal
2822,Pharmacie Meryem,0679499050,15  bd Mohammed V - Autre ville   Beni Mellal,Pharmacie Meryem Beni Mellal,Beni Mellal,,BeniMellal
7437,Pharmacie Takadoum,0523486949,hay Takadoum   bd. Bouzkri Ben Khalouk n°9  bloc 28  Beni mellal,Pharmacie Takadoum Beni Mellal,Beni Mellal,,BeniMellal
913,Pharmacie Chifa,0523486464,Dchira rue 1 n°12   Beni mellal,Pharmacie Chifa Beni Mellal,Beni Mellal,,BeniMellal
1887,Pharmacie ElMsalla,0523422709,Hay Aït Kourchi   rue 1 n°54  Ouled Ayad  Beni mellal,Pharmacie ElMsalla Beni Mellal,Beni Mellal,,BeniMellal
734,Pharmacie Bouachouch,0523423935,bd Doubai   rue 1 n°51  Beni Mellal,Pharmacie Bouachouch Beni Mellal,Beni Mellal,,BeniMellal
7486,Pharmacie Tamagnount,0523481892,"121, av Tamagnount  Beni Mellal",Pharmacie Tamagnount Beni Mellal,Beni Mellal,,BeniMellal
81,Pharmacie Aïn Asserdoun,0523487591,bd Houmane ElFetouaki  Beni Mellal,Pharmacie Aïn Asserdoun Beni Mellal,Beni Mellal,,BeniMellal
607,Pharmacie Balsam,0523420202,bd. Mohammed V rte de Tadla   Beni Mellal,Pharmacie Balsam Beni Mellal,Beni Mellal,,BeniMellal
767,Pharmacie Centrale,0523482166,Bd. Mohammed V  Beni Mellal,Pharmacie Centrale Beni Mellal,Beni Mellal,,BeniMellal
778,Pharmacie Chakib,0523486676,av. des F.a.r   Beni Mellal,Pharmacie Chakib Beni Mellal,Beni Mellal,,BeniMellal
2997,Pharmacie Nour,0523480200,"387, av. Hassan II  Beni mellal",Pharmacie Nour Beni Mellal,Beni Mellal,garde 24h/24,BeniMellal
870,Pharmacie Cherkaoui,0523429752,ouled Ayad   Beni mellal,Pharmacie Cherkaoui Beni Mellal,Beni Mellal,garde 24h/24,BeniMellal
15,Pharmacie 20 Août,0523483101,"2, bd du 20 Août  Beni mellal",Pharmacie 20 Août Beni Mellal,Beni Mellal,,BeniMellal
252,Pharmacie Almadhar,0523484830,hay Almadhar  Beni Mellal,Pharmacie Almadhar Beni Mellal,Beni Mellal,garde 24h/24,BeniMellal
1241,Pharmacie Dchira,0523483718,1  Bab ElKheir   Beni mellal,Pharmacie Dchira Beni Mellal,Beni Mellal,,BeniMellal
1776,Pharmacie Miko,0539954478,houmat lmrabet 90000 tanger - maroc,Pharmacie Miko Tanger,Tanger,,Tanger-Centre
2659,Pharmacie Dar D'bagh,0539949292,"34, rue dar d'bagh, port medina 90000 tanger - maroc",Pharmacie Dar D'bagh Tanger,Tanger,,Tanger-Centre
8359,Pharmacie Taj-eddine,0550113906,"côté doha, val fleuri, (ex. fabrique chkayar) 90000 tanger - maroc",Pharmacie Taj-eddine Tanger,Tanger,,Tanger-Centre
3082,Pharmacie Arrahman,0531026178,"227, hay boubana rahrah  90000 tanger - maroc",Pharmacie Arrahman Tanger,Tanger,,Tanger-Centre
3426,Pharmacie Aouama Gharbia,0539956236,"700, avenue kods, aouama gharbia  90000 tanger - maroc",Pharmacie Aouama Gharbia Tanger,Tanger,,Tanger-Centre
2407,Pharmacie Jamila,0539949676,"128 bis, rue de fés 90000 tanger - maroc",Pharmacie Jamila Tanger,Tanger,,Tanger-Centre
9592,Pharmacie Al Bochra,0665254864,1  Rte Al Harrarine    Tanger - Maroc,Pharmacie Al Bochra Tanger,Tanger,,Tanger-Centre
9234,Pharmacie Fahmi,0634341563,4  q. beausejour   Tanger - Maroc   ,Pharmacie Fahmi Tanger,Tanger,,Tanger-Centre
569,Pharmacie Souk M'Sallah,0539933694,"127 bis, rue m'sallah 90000 tanger - maroc",Pharmacie Souk M'Sallah Tanger,Tanger,,Tanger-Centre
3470,Pharmacie Bait Al Makdiss,0539314011,"route sidi driss, hay el mers 90000 tanger - maroc",Pharmacie Bait Al Makdiss Tanger,Tanger,,Tanger-Centre
7837,Pharmacie Asanawbar,0534638804,Pharmacie Asanawbar TANGER,Pharmacie Asanawbar Tanger,Tanger,,Tanger-Centre
4871,Pharmacie Aouama Charkia,0539955633,"rue al kods, hay loudaya zaouia, aouama charkia 90000 tanger - maroc",Pharmacie Aouama Charkia Tanger,Tanger,,Tanger-Centre
780,Pharmacie AlOuroud Malika,0606035669," hay Aouama , lotiss.AlOuroud Malika Tanger 
",Pharmacie AlOuroud Malika Tanger,Tanger,,Tanger-Centre
9200,Pharmacie Assabr,0531189272,76  lotiss. Méditerranée    Tanger - Maroc   ,Pharmacie Assabr Tanger,Tanger,,Tanger-Centre
2853,Pharmacie L'amitie,0539398151,"14, rue rabat, complexe 1, al irfane 3 90100 tanger - maroc",Pharmacie L'amitie Tanger,Tanger,,Tanger-Centre
9409,Pharmacie Boutaour,0661640754,Cplexe Boutaour   imm.1 n°3  Tanger - Maroc   ,Pharmacie Boutaour Tanger,Tanger,,Tanger-Centre
4215,Pharmacie Rabea Al Adaouia,0539310896,"rue 9, nr.1, casabarata, hay el jadid Tanger",Pharmacie Rabea Al Adaouia Tanger,Tanger,,Tanger-Centre
3714,Pharmacie Mister-khouch,0539937282,"36, avenue anfa, mister khouch 90000 tanger - maroc",Pharmacie Mister-khouch Tanger,Tanger,,Tanger-Centre
2408,Pharmacie Branes 2,0539316344,"avenue, ibn abi zare, branes ii 90000 tanger - maroc",Pharmacie Branes 2 Tanger,Tanger,,Tanger-Centre
4648,Pharmacie Sanawbar,0656411787,"79, rue sanawbar lot. narjiss, branes ii 90000 tanger - maroc",Pharmacie Sanawbar Tanger,Tanger,,Tanger-Centre
692,Pharmacie Ibn Batouta,0539314252,"134a , rue ibn ardounn, branes i 90000 tanger - maroc",Pharmacie Ibn Batouta Tanger,Tanger,,Tanger-Centre
3733,Pharmacie Narjis,0539315769,"route des far, branes ii 90000 tanger - maroc",Pharmacie Narjis Tanger,Tanger,,Tanger-Centre
3932,Pharmacie Fayna,0539311859,"31, avenue forêt maamoura, branes ii 90000 tanger - maroc",Pharmacie Fayna Tanger,Tanger,,Tanger-Centre
5484,Pharmacie Du Nord,0539310580,"3, lot. sanae ii lot 90000 tanger - maroc",Pharmacie Du Nord Tanger,Tanger,,Tanger-Centre
8133,Pharmacie Tajeddine,0539311827,Pharmacie Tajeddine TANGER,Pharmacie Tajeddine Tanger,Tanger,,Tanger-Centre
3353,Pharmacie Al Yasmine,0539318909,rue ezzahraoui mohamed 90100 tanger - maroc,Pharmacie Al Yasmine Tanger,Tanger,,Tanger-Centre
8741,Pharmacie Alhilal,0539313629,Pharmacie Alhilal TANGER,Pharmacie Alhilal Tanger,Tanger,,Tanger-Centre
2170,Pharmacie Al Firdaous,0539376097,"lot. flandria, boubana 90000 tanger - maroc",Pharmacie Al Firdaous Tanger,Tanger,,Tanger-Centre
5157,Pharmacie Atlas,0539311840,"16, rue ibn ardoun, nouveau quartier casabarata 90000 tanger - maroc",Pharmacie Atlas Tanger,Tanger,,Tanger-Centre
4,Pharmacie et Parapharmacie SatFilage,0539315460,avenue moulay rachid 90000 tanger - maroc,Pharmacie et Parapharmacie SatFilage Tanger,Tanger,,Tanger-Centre
3331,Pharmacie Al Masjid,0539310379,"avenue des far, résidence al khalij, azib haj kadour 90000 tanger - maroc",Pharmacie Al Masjid Tanger,Tanger,,Tanger-Centre
1509,Pharmacie Bd Moulay Rachid,0539302874,"oued chatt, rés duodet, tanja balia 90000 tanger - maroc",Pharmacie Bd Moulay Rachid Tanger,Tanger,,Tanger-Centre
2593,Pharmacie Anas,0531067917,"78, avenue al hoceima, rue 17,  annasr 90000 tanger - maroc",Pharmacie Anas Tanger,Tanger,,Tanger-Centre
3052,Pharmacie Branes,0539311971,"21, avenue fayçal ibn abdelaziz, casabarata 90000 tanger - maroc",Pharmacie Branes Tanger,Tanger,,Tanger-Centre
4804,Pharmacie Nouvelle,0539313196,"4, hay al hassania nr. 2, bendibane 90000 tanger - maroc",Pharmacie Nouvelle Tanger,Tanger,,Tanger-Centre
956,Pharmacie Principale,0539316236,"rue hammadi ameziane, immeuble les roses de tanger, azib haj kaddour 90100 tanger - maroc",Pharmacie Principale Tanger,Tanger,,Tanger-Centre
8509,Pharmacie Abbes,0539317792,"88 bis, azib hadj kadour, quartier el aouina 90000 tanger - maroc",Pharmacie Abbes Tanger,Tanger,garde 24h/24,Tanger-Centre
5376,Pharmacie Al Azhar,0539310874,"10, rue hay alaoui, bendibane 90000 tanger - maroc",Pharmacie Al Azhar Tanger,Tanger,,Tanger-Centre
9768,Pharmacie Chairi,0694286535,3  Hay Mrabet   El Aouama  Tanger - Maroc,Pharmacie Chairi Tanger,Tanger,,Tanger-Centre
259,Pharmacie Chair,0539302652,sania kedima 90000 tanger - maroc,Pharmacie Chair Tanger,Tanger,,Tanger-Centre
3380,Pharmacie Adam,0663048488,"880, khandaq el ouard 90000 tanger - maroc",Pharmacie Adam Tanger,Tanger,,Tanger-Est
9252,Pharmacie Abdelmajid El Atia,0550108098,Lhjar Assfar   Tanger - Maroc   ,Pharmacie Abdelmajid El Atia Tanger,Tanger,,Tanger-Est
9292,Pharmacie Ward Aouama Alliyene,0624447086,hay Aouama 2  Khandak Al Ward lot 9305  Tanger - Maroc   ,Pharmacie Ward Aouama Alliyene Tanger,Tanger,,Tanger-Est
9490,Pharmacie Oudaya,0531039109,hay Aouama Charkia  Souk Khandaq Lward  Tanger - Maroc   ,Pharmacie Oudaya Tanger,Tanger,,Tanger-Est
9306,Pharmacie Oudaya,0645950851,q. Oudaya   Tanger - Maroc   ,Pharmacie Oudaya Tanger,Tanger,,Tanger-Est
4973,Pharmacie Hay Mrabett Ii,0539356967,"86, aouama, mrabett 2 90080 tanger - maroc",Pharmacie Hay Mrabett Ii Tanger,Tanger,,Tanger-Est
9482,Pharmacie Haoumat Fatima,0531047270,Hay Haoumat Fatima   Al Aouama  Tanger - Maroc   ,Pharmacie Haoumat Fatima Tanger,Tanger,,Tanger-Est
9026,Pharmacie Badri,0531313234,9  q. M'rabet   Aouama  Tanger    ,Pharmacie Badri Tanger,Tanger,,Tanger-Est
8954,Pharmacie Hjar Sfar,0531122466,Hjar Sfar   Aouama Charkiya  Tanger - Maroc   ,Pharmacie Hjar Sfar Tanger,Tanger,,Tanger-Est
1990,Pharmacie Khadak Dir,0643207406,"khadak dir , aouama 90070 tanger - maroc",Pharmacie Khadak Dir Tanger,Tanger,,Tanger-Est
4448,Pharmacie Madchar Aouama,0530120828,"madchar aouama, aouama charkia 90080 tanger - maroc",Pharmacie Madchar Aouama Tanger,Tanger,,Tanger-Est
3669,Pharmacie Salima,0539355813,"route principale aouama charkia, près de l'annexe administrative 19 bis 90080  - maroc Tanger",Pharmacie Salima Tanger,Tanger,,Tanger-Est
4554,Pharmacie Al Hanae,0539351039,"route principale,  al aouama 90000 tanger - maroc",Pharmacie Al Hanae Tanger,Tanger,garde 24h/24,Tanger-Est
4193,Pharmacie Mountassir,0539952311,"centre complexe al majd, al aouama 90000 tanger - maroc",Pharmacie Mountassir Tanger,Tanger,,Tanger-Est
3778,Pharmacie Azhar Chifae,0539958321,route principale aouama charkia 90090 tanger - maroc,Pharmacie Azhar Chifae Tanger,Tanger,,Tanger-Est
6847,Pharmacie Zineb,0539362534,"45, avenue aicha al moussafir, al aouama 90000 tanger - maroc",Pharmacie Zineb Tanger,Tanger,,Tanger-Est
5052,Pharmacie Grand Maghrib,0539352246,"route al aouama, lotissement andalouss, nr. 57 90080 tanger - maroc",Pharmacie Grand Maghrib Tanger,Tanger,,Tanger-Est
5501,Pharmacie La Source,0539958247,"rue al kadissia, en face complexe al majd 90000 tanger - maroc",Pharmacie La Source Tanger,Tanger,,Tanger-Est
5694,Pharmacie Andalucia,0539350197,"houamat soussi,lot. andalous, béni makada 90000 tanger - maroc",Pharmacie Andalucia Tanger,Tanger,,Tanger-Est
3428,Pharmacie Doha Louama,0539951170,route al aouama  90000 tanger - maroc,Pharmacie Doha Louama Tanger,Tanger,,Tanger-Est
1137,Pharmacie Ward Louama,0624447080,"lotissement 9305, khandaq al ward Tanger",Pharmacie Ward Louama Tanger,Tanger,,Tanger-Est
9694,Pharmacie Moucharraf,0808557732,Rte Tétouan   q. Azib  Tanger - Maroc,Pharmacie Moucharraf Tanger,Tanger,,Tanger-Est
4408,Pharmacie El Aouama,0539959808,"31, avenue royaume arabie saoudite 90000 tanger - maroc",Pharmacie El Aouama Tanger,Tanger,,Tanger-Est
1151,Pharmacie Bouhout Al Aouama,0539957079,"70, lotissement farah, al aouama 90080 tanger - maroc",Pharmacie Bouhout Al Aouama Tanger,Tanger,,Tanger-Est
2311,Pharmacie Alhambra,0539954166,"30 bd Aicha Moussafir , hay haddad Aouama Tanger",Pharmacie Alhambra Tanger,Tanger,,Tanger-Est
9937,Pharmacie Aazib Abakiwke,0520233191,"Hay Aazib Abakiw RDC Tranche N. 4414B, Tanger 90001",Pharmacie Aazib Abakiwke Tanger,Tanger,,Tanger-Est
1521,Pharmacie Aazib Abakkiwe,0641029048,reu aazib abakkiwe 90000 tanger - maroc,Pharmacie Aazib Abakkiwe Tanger,Tanger,,Tanger-Est
8598,Pharmacie Zone Industrielle Tanger,0539953063,"route de tétouan, mghogha kebira  90000 tanger - maroc",Pharmacie Zone Industrielle Tanger,Tanger,,Tanger-Est
3392,Pharmacie Jihane,0539950198,"32 route de tétouan, hay tabchicha, mghogha kbira 90000 tanger - maroc",Pharmacie Jihane Tanger,Tanger,,Tanger-Est
4924,Pharmacie M'ghogha,0539363094,"route de tétouan, mghogha kdima  90000 tanger - maroc",Pharmacie M'ghogha Tanger,Tanger,,Tanger-Est
501,Pharmacie Annassiha,0539954505,"16, avenue koweit, hay bouhout 90000 tanger - maroc",Pharmacie Annassiha Tanger,Tanger,,Tanger-Est
1077,Pharmacie Al Majd,0539951684,"307, lots majd 90000 tanger - maroc",Pharmacie Al Majd Tanger,Tanger,,Tanger-Est
3536,Pharmacie Annour,0539952910,"15, avenue mauritanie, dhar ejjaidi  90000 tanger - maroc",Pharmacie Annour Tanger,Tanger,,Tanger-Est
4450,Pharmacie Ibn Khaldoun,0539360290,"lot. al majd, à côté rés. al fajr  90000 tanger - maroc",Pharmacie Ibn Khaldoun Tanger,Tanger,,Tanger-Est
1805,Pharmacie Al Karam,0539958306,"azib abkiou, route de tetouan mghougha 90000 tanger - maroc",Pharmacie Al Karam Tanger,Tanger,garde 24h/24,Tanger-Est
9312,Pharmacie Europharm,0531001323,hay bir Ghazi   q. Al qods n° 520 Al aouama  Tanger - Maroc   ,Pharmacie Europharm Tanger,Tanger,,Tanger-Est
9913,Pharmacie Zoutina,0531060042,"12309, Tangier 12309",Pharmacie Zoutina tanger,Tanger,,Tanger-Est
125,Pharmacie Zouitina,0539352551,"quartier farah nr.52,  béni makada 90000 tanger - maroc",Pharmacie Zouitina Tanger,Tanger,,Tanger-Est
9734,Pharmacie Louay,0531105732,hay Al Assil   Haoumat Rouafa  Tanger - Maroc,Pharmacie Louay Tanger,Tanger,,Tanger-Est
9704,Pharmacie Louay,0531105732,hay Al Assil   Haoumat Rouafa  Tanger - Maroc,Pharmacie Louay Tanger,Tanger,,Tanger-Est
7105,Pharmacie Polvorin Dersa,0539712930,131  av Med Bakkal   Jbel Dersa  TETOUAN,Pharmacie Polvorin Dersa Tétouan,Tétouan,,Tetouan
4634,Pharmacie Houmat Tanjaoua,0539992971,"156, Jabal Atlas, Tanjaoua  Tetouan",Pharmacie Houmat Tanjaoua Tétouan,Tétouan,,Tetouan
8504,Pharmacie Ziana,0539990190,254  rue Mohamed Ameziane   Tetouan,Pharmacie Ziana Tétouan,Tétouan,,Tetouan
235,Pharmacie Abou Bakr Seddek,0539964466,363  bd Abou Bakr Essedik   Dersa  Tétouan,Pharmacie Abou Bakr Seddek Tétouan,Tétouan,,Tetouan
4224,Pharmacie Haoumat Issaoua,0539713355,84  av. Otman Ibn Affan   Tetouan,Pharmacie Haoumat Issaoua Tétouan,Tétouan,,Tetouan
1643,Pharmacie Bab Saïda,0539997151,24  rue Sloukia Sidi Saïdi   Tetouan,Pharmacie Bab Saïda Tétouan,Tétouan,,Tetouan
5139,Pharmacie Jamaa Afailal,0539973704,"107, av sidi mohamed elkharraz Tetouan",Pharmacie Jamaa Afailal Tétouan,Tétouan,,Tetouan
7337,Pharmacie Ryad,0539991539,Pharmacie Ryad TETOUAN,Pharmacie Ryad Tétouan,Tétouan,,Tetouan
3184,Pharmacie Dar Mourssia,0539968910,Bd Ahmed al bakal  Tetouan,Pharmacie Dar Mourssia Tétouan,Tétouan,,Tetouan
1497,Pharmacie Bab Nouader,0539700195,13  av. laayoune   Tetouan,Pharmacie Bab Nouader Tétouan,Tétouan,,Tetouan
1365,Pharmacie Avenue des F.a.r.,0539996611,av. des Far  rue G n°29   imm Rzini  Tétouan,Pharmacie Avenue des F.a.r. Tétouan,Tétouan,,Tetouan
9131,Pharmacie Babtout,0539967458,6  rue Prince Héritier   Tétouan - Maroc   ,Pharmacie Babtout Tétouan,Tétouan,,Tetouan
6570,Pharmacie Mellah,0539703995,"17, rue Al Ankari , hay Al Qods Tetouan",Pharmacie Mellah Tétouan,Tétouan,,Tetouan
3268,Pharmacie Dersa principale,0539710585,606  av. Otman Ibn Affane Jbel Dersa   TETOUAN,Pharmacie Dersa principale Tétouan,Tétouan,,Tetouan
797,Pharmacie Aïn Sidi Talha,0637993835,"11, rue Zoubeir Bnou El Aouam, Sidi Talha Tetouan",Pharmacie Aïn Sidi Talha Tétouan,Tétouan,,Tetouan
8267,Pharmacie Zaitoune,0539990185,Pharmacie Zaitoune TETOUAN,Pharmacie Zaitoune Tétouan,Tétouan,,Tetouan
6866,Pharmacie M'salah Kdima,0531099221,58  bd M'salah Kdima   bab Rmouze  Tétouan,Pharmacie M'salah Kdima Tétouan,Tétouan,,Tetouan
7272,Pharmacie Rkaina,0539992734,66  av. Al Amanaa   Kourat Sbâa  TETOUAN,Pharmacie Rkaina Tétouan,Tétouan,,Tetouan
3247,Pharmacie Derdabi,0539991109,7  Sakia Elfoukia Fendak   TETOUAN,Pharmacie Derdabi Tétouan,Tétouan,,Tetouan
3364,Pharmacie destin,0539710288,56  av. AlMoatassim lot. Mribtou hôpital Espagnol  Tetouan,Pharmacie destin Tétouan,Tétouan,,Tetouan
7287,Pharmacie Rommana,0539714272,"344, rue du rif , khandak zerbouh, rommana TETOUAN",Pharmacie Rommana Tétouan,Tétouan,,Tetouan
2191,Pharmacie Boujarah,0539995010,47  av. Hadj Med. Bennouna  Boujarrah   TETOUAN,Pharmacie Boujarah Tétouan,Tétouan,,Tetouan
1447,Pharmacie Bab El Okla,0539972738,av. M'fadel Afailal ang. av. Med Ameziane  Bab Okla  Tetouan,Pharmacie Bab El Okla Tétouan,Tétouan,,Tetouan
9257,Pharmacie Dairiya,0531085308,1  bd Méknes   résid. La Perla  Tétouan - Maroc   ,Pharmacie Dairiya Tétouan,Tétouan,,Tetouan
2478,Pharmacie sordo,0539960336,"2, rue mohammed torres Tetouan",Pharmacie sordo Tétouan,Tétouan,,Tetouan
462,Pharmacie Achifaa,0539965511,17  av. Mohamed Torres   Tetouan,Pharmacie Achifaa Tétouan,Tétouan,,Tetouan
97,Grande Pharmacie Nouvelle,0539966255,10  rue 10 Mai   Tétouan,Grande Pharmacie Nouvelle Tétouan,Tétouan,,Tetouan
3765,Pharmacie El Feddane,0539967461,"2, bd. Mohammed V  Tetouan",Pharmacie ElFeddane Tétouan,Tétouan,,Tetouan
4051,Pharmacie du Nord,0539962207,11  bd. Mohammed V   Tetouan,Pharmacie du Nord Tétouan,Tétouan,,Tetouan
7862,Pharmacie Touabel,0539972557,"263 Bis, av Sidi Mohamed ElKharraz , Touabel Haute II. Tetouan",Pharmacie Touabel Tétouan,Tétouan,,Tetouan
2919,Pharmacie Chikri,0539993128,105  av. M'fadel Afailal   Tetouan,Pharmacie Chikri Tétouan,Tétouan,,Tetouan
9586,Pharmacie Yacoutat Al Andalus,0539972782,av. Kallaline   Boussafou   Tétouan - Maroc,Pharmacie Yacoutat Al Andalus Tétouan,Tétouan,,Tetouan
7047,Pharmacie Palestine,0539973845,25  av. des F.a.r.   Tétouan,Pharmacie Palestine Tétouan,Tétouan,,Tetouan
938,Pharmacie AlAmal,0539998646,343  av. Hadj Med. Bennouna   TETOUAN,Pharmacie AlAmal Tétouan,Tétouan,,Tetouan
2289,Pharmacie Carthaje,0539990131,7  bd Bni Maaden   n°7 hay Qwilma rte Oued Laou  Tétouan,Pharmacie Carthaje Tétouan,Tétouan,,Tetouan
4908,Pharmacie Ichara Dersa,0539703214,5  hay Ichara   ElKhandak-Jbel Dersa  Tetouan,Pharmacie Ichara Dersa Tétouan,Tétouan,,Tetouan
855,Pharmacie Al Qods,0539700309,1  rue Moritania   Tétouan,Pharmacie Al Qods Tétouan,Tétouan,,Tetouan
10057,Pharmacie Souk Dar Mourssia ,0539964435,Bd Ahmed al bakal Tétouan,Pharmacie Souk Dar Mourssia  Tétouan,Tétouan,,Tetouan
4308,Pharmacie Hjar Laaroussa,0539991273,"q. Hjar Laaroussa , resid. Amina Tetouan",Pharmacie Hjar Laaroussa Tétouan,Tétouan,,Tetouan
7750,Pharmacie Thami Ouazzani,0539970884,61  av. Massira Khadra   Tetouan,Pharmacie Thami Ouazzani Tétouan,Tétouan,,Tetouan
8299,Pharmacie Souk,0539689256,1  av. Mohammed V   MARTIL,Pharmacie Souk Martil,Martil,,Martil
7517,Pharmacie Souk ElFouki,0539704488,15 X Sok ElFoki   Tetouan,Pharmacie Souk ElFouki Tétouan,Tétouan,,Martil
7259,Pharmacie Réda,0539688088,119  Prince Héritier MARTIL,Pharmacie Réda Martil,Martil,,Martil
7021,Pharmacie ElBorj,0539688584,46  av Mly Abdeslam   MARTIL,Pharmacie ElBorj Martil,Martil,,Martil
8355,Pharmacie Martil,0539979353,28  av Mly ElHassan   MARTIL,Pharmacie Martil Martil,Martil,,Martil
9163,Pharmacie Nouvelle,0539979547,bd Mly ElHassan   Martil - Maroc   ,Pharmacie Nouvelle Martil,Martil,,Martil
2612,Pharmacie Diza,0539689942,av. Diza   Martil,Pharmacie Diza Martil,Martil,,Martil
8640,Pharmacie La Corniche,0539689635,av. La Corniche   lot Karima  MARTIL,Pharmacie La Corniche Martil,Martil,,Martil
6082,Pharmacie Miramar,0539688459,av. My Rachid (ex Miramar)   MARTIL,Pharmacie Miramar Martil,Martil,,Martil
6241,Pharmacie la Mosquée,0539979775,109  av. de la résistance   MARTIL,Pharmacie la Mosquée Martil,Martil,,Martil
6417,Pharmacie ElHadj,0539688392,331  av. My Rachid   MARTIL,Pharmacie ElHadj Martil,Martil,,Martil
7459,Pharmacie Ahrik,0539979465,Place Mohamed Ali   q. Ahrik  MARTIL,Pharmacie Ahrik Martil,Martil,,Martil
6311,Pharmacie AlAghrass,0539689933,169  av. My ElHassan Hay AlArghrass MARTIL,Pharmacie AlAghrass Martil,Martil,,Martil
6032,Pharmacie du Lycée,0539689668,bd Ibn Sina   MARTIL,Pharmacie du Lycée Martil,Martil,,Martil
6599,Pharmacie Annour,0539688396,260  rte Cabo Negro   MARTIL,Pharmacie Annour Martil,Martil,,Martil
8240,Pharmacie Principale,0539689696,159  bd Mly ElHassan   MARTIL,Pharmacie Principale Martil,Martil,,Martil
8396,Pharmacie Elharamaine,0539688830,av. Mly Rachid   MARTIL,Pharmacie Elharamaine Martil,Martil,,Martil
1631,Pharmacie Dar Dmana,0539688923,av. Mly Rachid Miramar  Martil,Pharmacie Dar Dmana Martil,Martil,,Martil
250,Pharmacie Del Lero,0539688907,Rue Mer Meditérranée   cplxe. Essafia bloc 36 n°1  Martil,Pharmacie Del Lero Martil,Martil,,Martil
8249,Pharmacie Addiafa,0539688942,2  av. Hassan II   imm. Alqods  MARTIL,Pharmacie Addiafa Martil,Martil,,Martil
6987,Pharmacie la playa,0539688008,5  av. la plage   MARTIL,Pharmacie la playa Martil,Martil,,Martil
8071,Pharmacie AlAbrar,0539689405,quartier Al Montalaq   MARTIL,Pharmacie AlAbrar Martil,Martil,,Martil
9676,Pharmacie Al-Fidae,0808615151,Lotissement Annasr 3-1. Av des facultés. Martil Martil,Pharmacie Al-Fidae Martil,Martil,,Martil
8051,Pharmacie Touria,0539711605,bd Oued Martil   rue 7 n°2  Tetouan,Pharmacie Touria Tétouan,Tétouan,,Martil
895,Pharmacie Oumkeltoum,0539979326,Lotiss. Oumkeltoum   résid.  Bahia  rdc n°1  Martil,Pharmacie Oumkeltoum Martil,Martil,,Martil
2895,Pharmacie Chams,0531071768,6  lotis. Kasbat Azahra   bloc 3  imm.A  Tetouan,Pharmacie Chams Tétouan,Tétouan,,Martil
8262,Pharmacie La Cassia,0539978978,Pharmacie La Cassia M'DIQ,Pharmacie La Cassia M'Diq,M'Diq,,Martil
2599,Pharmacie Chaachoo,0539995147,30  bd Egypte   hay Matar lotiss. Souani  Tetouan,Pharmacie Chaachoo Tétouan,Tétouan,,Martil
10030,Pharmacie Ajiad,0808658120,"N842, LOT BAISSA ROUTE MALALIYENE, Tétouan 93000",Pharmacie Ajiad Tétouan ,Tétouan ,,Martil
1115,Pharmacie Almou,0539723838,173  hay kalalien   lotiss. baissa  Tetouan,Pharmacie Almou Tétouan,Tétouan,,Martil
9590,Pharmacie Al Amine,0808579756,173  av Kallaline   lotiss. Baissa   Tétouan - Maroc,Pharmacie Al Amine Tétouan,Tétouan,,Martil
3934,Pharmacie Fadil,0539994311,K050  rue de Sebta   km 5  n°13  Mallalienne  Hajrat Laâroussa  Tetouan,Pharmacie Fadil Tétouan,Tétouan,,Martil
869,Pharmacie Pharmacie Sumud  Ex Al Walidayne,0539993135,hay Touibla   Marjane n°26  Tetouan,Pharmacie Al Walidayne Tétouan,Tétouan,,Martil
6295,Pharmacie Marjane,0539991861,"rte de Sebta, c/com. Marjane  Tetouan",Pharmacie Marjane Tétouan,Tétouan,,Martil
916,Pharmacie AlAbawaine,0539970162,av. Chikh Ben Arbi Alaoui   Boujarrah Alia  TETOUAN,Pharmacie AlAbawaine Tétouan,Tétouan,,Martil
1729,Pharmacie Ben Abduluahab,0539992884,209  Bd Jabal hayane   Tetouan,Pharmacie Ben Abduluahab Tétouan,Tétouan,,Martil
6215,Pharmacie Mall Tétouan,0660959297,13  bd Joulane - Autre ville   hay Al Matar  Tétouan,Pharmacie Mall Tétouan,Tétouan,,Martil
1078,Pharmacie AlMatar,0539993229,32  rue AlFarah   av. Mehdi Benbarka  TETOUAN,Pharmacie AlMatar Tétouan,Tétouan,,Martil
4535,Pharmacie Hôpital des Spécialités,0669812415,14  bd Abdelkhalek Torres   Résid Chems  Tetouan,Pharmacie Hôpital des Spécialités Tétouan,Tétouan,,Martil
9746,Pharmacie Ibn Rochd,0539991026,66  av. Abderrahim Bouabid   lotiss. Wilaya  T?touan - Maroc,Pharmacie Ibn Rochd T?touan,T?touan,,Martil
6259,Pharmacie Rincon,0539664017,Pharmacie Rincon M'DIQ,Pharmacie Rincon M'Diq,M'Diq,,Mdiq
7844,Pharmacie Kharkhour,0539975150,Pharmacie Kharkhour M'DIQ,Pharmacie Kharkhour M'Diq,M'Diq,,Mdiq
8194,Pharmacie M'diq,0539975038,"Avenue Lalla Nouzha, Route de Sebta, 3",Pharmacie M'diq M'dieq,M'dieq,09H A 21H,Mdiq
8216,Pharmacie Chifae,0539663771,Pharmacie Chifae M'DIQ,Pharmacie Chifae M'Diq,M'Diq,,Mdiq
6037,Pharmacie Harras,0539975024,Pharmacie Harras M'DIQ,Pharmacie Harras M'Diq,M'Diq,,Mdiq
8500,Pharmacie Badr,0539975708,Pharmacie Badr M'DIQ,Pharmacie Badr M'Diq,M'Diq,,Mdiq
7983,Pharmacie El Ouazzani Taibi,0539975706,Pharmacie El Ouazzani Taibi M'DIQ,Pharmacie El Ouazzani Taibi M'Diq,M'Diq,,Mdiq
7550,Pharmacie Alami,0539663766,Pharmacie Alami M'DIQ,Pharmacie Alami M'Diq,M'Diq,,Mdiq
8610,Pharmacie Al Marsa,0539663666,Pharmacie Al Marsa M'DIQ,Pharmacie Al Marsa M'Diq,M'Diq,,Mdiq
8052,Pharmacie Hay AlKalaa,0539663017,Pharmacie Hay AlKalaa M'DIQ,Pharmacie Hay AlKalaa M'Diq,M'Diq,,Mdiq
6832,Pharmacie Tamouda Bay,0539663788,Pharmacie Tamouda Bay M'DIQ,Pharmacie Tamouda Bay M'Diq,M'Diq,,Mdiq
6252,Pharmacie Boutaina,0539501540,Pharmacie Boutaina LARACHE,Pharmacie Boutaina Larache,Larache,,Larache
5090,Pharmacie AlMasjid,0539912212,64  bd Sor Ichara   Larache,Pharmacie AlMasjid Larache,Larache,,Larache
7270,Pharmacie Riad,0539911327,124  bd Mly Med Ben Abdellah   LARACHE,Pharmacie Riad Larache,Larache,,Larache
7038,Pharmacie AlAndalous,0539911313,165  av. Moulay Ismail   LARACHE,Pharmacie AlAndalous Larache,Larache,,Larache
1211,Pharmacie Al Plazza,0539910675,10  bd Essaadiyine   Larache,Pharmacie Al Plazza Larache,Larache,,Larache
825,Pharmacie Coliseo,0539913143,"11, rue caid ahmed riffi Larache",Pharmacie Coliseo Larache,Larache,,Larache
5401,Pharmacie Ibn Khaldoun,0539914531,49  bd Mohamed Ben Abdellah   Larache,Pharmacie Ibn Khaldoun Larache,Larache,,Larache
22,Pharmacie Gharnata,0539912929,19  bd. Hassan II   Larache,Pharmacie Gharnata Larache,Larache,,Larache
4886,Pharmacie La farola,0539501017,93  bd. Abdelmoumen Ben Ali   Larache,Pharmacie La farola Larache,Larache,,Larache
8418,Pharmacie Lixus,0539914020,112  bd. Hassan II   Larache,Pharmacie Lixus Larache,Larache,,Larache
3521,Pharmacie Principale,0539501111,3  place des Martyrs   Larache,Pharmacie Principale Larache,Larache,,Larache
9459,Pharmacie Centrale de Larache,0539912346,1 Bis bd Mohamed Ben Abdellah   Larache - Maroc   ,Pharmacie Centrale de Larache Larache,Larache,,Larache
636,Pharmacie Lalla Mennana,0539916544,52  bd mohammed v Larache,Pharmacie Lalla Mennana Larache,Larache,,Larache
1256,Pharmacie Al Fath,0539522751,lotiss. Maghreb El Jadid   Larache,Pharmacie Al Fath Larache,Larache,,Larache
8492,Pharmacie Populaire,0539911217,Pharmacie Populaire LARACHE,Pharmacie Populaire Larache,Larache,,Larache
4494,Pharmacie Populaire,0539501345,"27, av. Al Massira Al Khadra  Larache",Pharmacie Populaire Larache,Larache,,Larache
4656,Pharmacie hay nador,0539916004,rue jakarta    jnane bouhssina  Larache,Pharmacie hay nador Larache,Larache,,Larache
4670,Pharmacie Ibn Rochd,0539915607,"88, bd. Abdelmoumen Ben Ali  Larache",Pharmacie Ibn Rochd Larache,Larache,,Larache
9491,Pharmacie AlMahkama,0539913193,20  bd. Ifriquia   Larache - Maroc   ,Pharmacie AlMahkama Larache,Larache,,Larache
7279,Pharmacie AlMaghreb ElJadid,0539523874,1871  lot Al Maghreb El Jadid   LARACHE,Pharmacie AlMaghreb ElJadid Larache,Larache,,Larache
5210,Pharmacie Rihab,0539913091,19  place de la Mecque   Larache,Pharmacie Rihab Larache,Larache,,Larache
5203,Pharmacie C.d.g.,0539521355,hay Alwahda   Larache,Pharmacie C.d.g. Larache,Larache,,Larache
5521,Pharmacie Chaabane,0539520331,327  lot Chaabane   Larache,Pharmacie Chaabane Larache,Larache,,Larache
1361,Pharmacie Masjid AlForkan,0539521121,17  lotiss. des Fonctionnaires   hay ElJadid  Larache,Pharmacie Masjid AlForkan Larache,Larache,,Larache
7582,Pharmacie Jaoui,0539910044,av Ali Abi Taleb   résid. AlFath M4/A  Larache,Pharmacie Jaoui Larache,Larache,,Larache
8277,Pharmacie Larache,0539914543,5  bd Omar Ben Abdelaziz   Larache,Pharmacie Larache Larache,Larache,,Larache
9810,Pharmacie Sidi Larbi,0539524909,69  Lotiss. hay El Jadid 2   Larache - Maroc,Pharmacie Sidi Larbi Larache,Larache,,Larache
8034,Pharmacie Al Marssa,0539500080,"1, av Daraa  Larache",Pharmacie Al Marssa Larache,Larache,,Larache
4047,Pharmacie Al Marssa,0539500039,"1, rue Dora  Larache",Pharmacie Al Marssa Larache,Larache,,Larache
4829,Pharmacie Jnane Bacha,0539914992,92  bd Oqba Ibn Nafie   Larache,Pharmacie Jnane Bacha Larache,Larache,,Larache
3154,Pharmacie Salama,0539915786,161  bd Oqba Ibn Nafie   Larache,Pharmacie Salama Larache,Larache,,Larache
4903,Pharmacie Azouagh,0539911888,30  bd Omar Ben Abdelaziz   Larache,Pharmacie Azouagh Larache,Larache,,Larache
5690,Pharmacie des Far,0539501818,106  bd des Far   Larache,Pharmacie des Far Larache,Larache,,Larache
5766,Pharmacie Nahda,0539521020,av Mehdi Ben Toumert   Larache,Pharmacie Nahda Larache,Larache,,Larache
3116,Pharmacie Libika Hay Nasr,0661715758,"avenue des far, près du café nasr Larache",Pharmacie Libika Hay Nasr Larache,Larache,,Larache
5260,Pharmacie Alkawtar,0539916006,56  av. Abderrahman ElGhafiki   Larache,Pharmacie Alkawtar Larache,Larache,,Larache
1128,Pharmacie Hay ElJadid,0539916843,207  bd Mehdi Ben Toumert   Larache,Pharmacie Hay ElJadid Larache,Larache,,Larache
632,Pharmacie du Stade Municipal,0539501124,64  Lotissement Al Khadra   rue des Orangers  Larache,Pharmacie du Stade Municipal Larache,Larache,,Larache
7027,Pharmacie Assalam,0539911579,54  lotiss. Assalam   LARACHE,Pharmacie Assalam Larache,Larache,,Larache
5426,Pharmacie Arrahma,0539521123,1  bd. Oqba Bnou Nafia   loti. Arrahma  Larache,Pharmacie Arrahma Larache,Larache,,Larache
4159,Pharmacie ElMoussalah,0539907190,"102, rte. de Larache  Ksar el kebir",Pharmacie ElMoussalah Ksar El Kebir,ksar el kebir,,KsarElKebir
4720,Pharmacie Mansour Eddahbi,0539906852,hay Sidi Redwan  Derb 1 n°3   Ksar el kebir,Pharmacie Mansour Eddahbi Ksar El Kebir,ksar el kebir,,KsarElKebir
3652,Pharmacie Dar Doukhane,0539904264,4  rue Oued ElMakhazine   Ksar el kebir,Pharmacie Dar Doukhane Ksar El Kebir,ksar el kebir,,KsarElKebir
2786,Pharmacie Oued Elmakhazine,0539918772,2  Place Chouhada   Ksar el kebir,Pharmacie Oued Elmakhazine Ksar El Kebir,ksar el kebir,,KsarElKebir
4513,Pharmacie Ibn Sina,0539902525,82  av. 20 Août   Ksar el kebir,Pharmacie Ibn Sina Ksar El Kebir,ksar el kebir,,KsarElKebir
4844,Pharmacie Ibn Khaldoun,0539904690,25  av. de Municipalité   Ksar el kebir,Pharmacie Ibn Khaldoun Ksar El Kebir,ksar el kebir,,KsarElKebir
5016,Pharmacie AlMassira,0539907658,"hay ElMassira , grp. A n°46 Ksar el kebir",Pharmacie AlMassira Ksar El Kebir,ksar el kebir,,KsarElKebir
1963,Pharmacie Tatoft,0539918403,144  route de Tatoft   Ksar el kebir,Pharmacie Tatoft Ksar El Kebir,ksar el kebir,,KsarElKebir
3020,Pharmacie Almahata,0539919005,77  bd. Med. Zerktouni   Ksar el kebir,Pharmacie Almahata Ksar El Kebir,ksar el kebir,,KsarElKebir
1945,Pharmacie Loukkous,0539918679,9  rue Tlemcani   Ksar el kebir,Pharmacie Loukkous Ksar El Kebir,ksar el kebir,,KsarElKebir
4865,Pharmacie Andalouss,0539906542,"hay Andalouss , grp. A rue 15 n°58 Ksar el kebir",Pharmacie Andalouss Ksar El Kebir,ksar el kebir,,KsarElKebir
857,Pharmacie Alwafae,0539918888,43  Avenue Bir Anzarane   Ksar el kebir,Pharmacie Alwafae Ksar El Kebir,ksar el kebir,,KsarElKebir
5739,Pharmacie Sidi Biyati,0539905045,"route Sidi El Biyati , grp Z n°75 Ksar el kebir",Pharmacie Sidi Biyati Ksar El Kebir,ksar el kebir,,KsarElKebir
3670,Pharmacie Sidi Makhlouf,0539918412,hay Salam 1-3   Merina  Ksar el kebir,Pharmacie Sidi Makhlouf Ksar El Kebir,ksar el kebir,,KsarElKebir
3798,Pharmacie Aloroba,0539906737,"hay Aloroba , grp. B rue 8 n°11 Ksar el kebir",Pharmacie Aloroba Ksar El Kebir,ksar el kebir,,KsarElKebir
4107,Pharmacie AlQods,0539918763,42 X av. My Ali Boughaleb Ksar el kebir,Pharmacie AlQods Ksar El Kebir,ksar el kebir,,KsarElKebir
3379,Pharmacie Laboratoire Essaada,0539918477,101  Av. 20 Aout   Ksar el kebir,Pharmacie Laboratoire Essaada Ksar El Kebir,ksar el kebir,,KsarElKebir
4626,Pharmacie Wahrani,0534629568,"hay Assalam , grp. D rue 15 n°16 Ksar el kebir",Pharmacie Wahrani Ksar El Kebir,ksar el kebir,,KsarElKebir
3808,Pharmacie Al Fath,0539905582,Lotissement Hamza   Dar Dokan  Ksar el kebir,Pharmacie Al Fath Ksar El Kebir,ksar el kebir,,KsarElKebir
5798,Pharmacie Assalam,0539907022,"7, av Ennasr Jardin Assalam  Ksar el kebir",Pharmacie Assalam Ksar El Kebir,ksar el kebir,,KsarElKebir
289,Pharmacie Annassime,0539908300,Hay Andalous   rue 18 n°7  Ksar el kebir,Pharmacie Annassime Ksar El Kebir,ksar el kebir,,KsarElKebir
837,Pharmacie Badr,0539904804,"25, lotiss. Badr  Ksar el kebir",Pharmacie Badr Ksar El Kebir,ksar el kebir,,KsarElKebir
9191,Pharmacie Ksar ElKebir,0539906462,7  av. de La Station   Ksar El Kébir - Maroc   ,Pharmacie Ksar ElKebir Ksar el kébir,ksar el kebir,,KsarElKebir
946,Pharmacie Ibn Rochd,0539918634,20  av. des Briques   Ksar el kébir,Pharmacie Ibn Rochd Ksar El Kebir,ksar el kebir,,KsarElKebir
4188,Pharmacie Al Madina,0539903744,"84 Bis, hay Lalla Fatima Andaloussia  Ksar el kebir",Pharmacie Al Madina Ksar El Kebir,ksar el kebir,,KsarElKebir
4848,Pharmacie Populaire,0539902255,131  Route de Larache   Ksar el kebir,Pharmacie Populaire Ksar El Kebir,ksar el kebir,,KsarElKebir
8566,Pharmacie Al Yaqtine,0658308651,Pharmacie Al Yaqtine KSAR EL KEBIR,Pharmacie Al Yaqtine Ksar El Kebir,ksar el kebir,,KsarElKebir
816,Pharmacie Al Balsam,0539919894,260  rte de Larache   Ksar el kebir,Pharmacie Al Balsam Ksar El Kebir,ksar el kebir,,KsarElKebir
5643,Pharmacie Abi AlMahassin,0539905555,hay ElMassira ElKhadra grp.D   rue 10 n°65  Ksar el kebir,Pharmacie Abi AlMahassin Ksar El Kebir,ksar el kebir,,KsarElKebir
2502,Pharmacie Azzaitoun,0539903730,23 X lotiss. Al Fadl   Bounouara  Azzaitoun  Ksar el kebir,Pharmacie Azzaitoun Ksar El Kebir,ksar el kebir,,KsarElKebir
2728,Pharmacie Rouafa Oulia,0539902163,hay Essalam   grp N rue 37 n°26  Ksar el kebir,Pharmacie Rouafa Oulia Ksar El Kebir,ksar el kebir,,KsarElKebir
720,Pharmacie Samaa,0642646042,lotiss. Riad 1   El Menzeh  Ksar el kebir,Pharmacie Samaa Ksar El Kebir,ksar el kebir,,KsarElKebir
3846,Pharmacie Taoud,0539903520,303  route de Tatoft   Ksar el kebir,Pharmacie Taoud Ksar El Kebir,ksar el kebir,,KsarElKebir
2613,Pharmacie Imane,0539907176,bd Annakhil   Chaabi  Ksar el kebir,Pharmacie Imane Ksar El Kebir,ksar el kebir,,KsarElKebir
3324,Pharmacie Ouelad Hmayd,0539918465,rue de Brique   Oulad Hmayd  Ksar el kebir,Pharmacie Ouelad Hmayd Ksar El Kebir,ksar el kebir,,KsarElKebir
5585,Pharmacie AlAmal,0539906246,Hay Ouelad Hmayd   Ksar el kebir,Pharmacie AlAmal Ksar El Kebir,ksar el kebir,,KsarElKebir
3638,Pharmacie Sidi AlKamil,0539903850,135  rue de Rabat Sidi AlKamil   Ksar el kebir,Pharmacie Sidi AlKamil Ksar El Kebir,ksar el kebir,,KsarElKebir
4557,Pharmacie Bab ElOued,0539904800,25  rte. de Rabat   Ksar el kebir,Pharmacie Bab ElOued Ksar El Kebir,ksar el kebir,,KsarElKebir
1408,Pharmacie Al Yaqtine,0539907734,hay Ouled Hmayde   Ksar el kebir,Pharmacie Al Yaqtine Ksar El Kebir,ksar el kebir,,KsarElKebir
3308,Pharmacie Nouvelle,0539907229,"hay Ourouba , rue 16 n°8 Ksar el kebir",Pharmacie Nouvelle Ksar El Kebir,ksar el kebir,,KsarElKebir
7246,Pharmacie Assalam,0539988195,av Essayeda AlHorra   CHEFCHAOUEN,Pharmacie Assalam Chefchaouen,Chefchaouen,,Chefchaouen
1668,Pharmacie AlHamra,0539988733,av. Mly Ali Ben Rachid   Chefchaouen,Pharmacie AlHamra Chefchaouen,Chefchaouen,00H A 09H,Chefchaouen
763,Pharmacie Chefchaouen,0539986158,4  av  Moulay Idriss   Chefchaouen,Pharmacie Chefchaouen Chefchaouen,Chefchaouen,,Chefchaouen
8782,Pharmacie la Santé,0539986060,"av. Allal Ben Abdellah , hay Alkharazine Chefchaouen",Pharmacie la Santé Chefchaouen,Chefchaouen,,Chefchaouen
6562,Pharmacie AlAndalous,0539883855,10  rue sidi Allal El Hadj   CHEFCHAOUEN,Pharmacie AlAndalous Chefchaouen,Chefchaouen,,Chefchaouen
335,Pharmacie Dhar ben Abbad,0539987720,5  rte Gharouzim   Chefchaouen,Pharmacie Dhar ben Abbad Chefchaouen,Chefchaouen,,Chefchaouen
7214,Pharmacie les Parents,0539883417,41  av. Mohamed Abdou   hay Chourafae  CHEFCHAOUEN,Pharmacie les Parents Chefchaouen,Chefchaouen,,Chefchaouen
3019,Pharmacie Ommouma,0539883111,bd Al Maghrib Al Arabi   Chefchaouen,Pharmacie Ommouma Chefchaouen,Chefchaouen,,Chefchaouen
8797,Pharmacie ElHafa,0539883008,"15, av. Mohamed. V  Chefchaouen",Pharmacie ElHafa Chefchaouen,Chefchaouen,,Chefchaouen
2855,Pharmacie ElMachichi,0539987149,bd. El Machichi   Chefchaouen,Pharmacie ElMachichi Chefchaouen,Chefchaouen,,Chefchaouen
6613,Pharmacie Ibn Sina,0539986780,53  rue Jamal Eddine Al Afghani   CHEFCHAOUEN,Pharmacie Ibn Sina Chefchaouen,Chefchaouen,,Chefchaouen
9057,Pharmacie Utaa Hammam,0539989070,place Utaa Hammam   Demnet ElMekhzen n°82  Chefchaouen - Maroc   ,Pharmacie Utaa Hammam Chefchaouen,Chefchaouen,,Chefchaouen
6149,Pharmacie Benarafa,0539892020,Pharmacie Benarafa CHEFCHAOUEN,Pharmacie Benarafa Chefchaouen,Chefchaouen,,Chefchaouen
8030,Pharmacie Centrale,0539883264,bd Sidi Abd AlHamid   Route Atil Asmae  CHEFCHAOUEN,Pharmacie Centrale Chefchaouen,Chefchaouen,,Chefchaouen
2026,Pharmacie La Province,0539883250,av La Marche Verte   Quartier Administratif  Chefchaouen,Pharmacie La Province Chefchaouen,Chefchaouen,,Chefchaouen
602,Pharmacie Ibn Nafiss,0539989797,Unnamed Road  Chefchaouen,Pharmacie Ibn Nafiss Chefchaouen,Chefchaouen,,Chefchaouen
8966,Pharmacie Ras El Ma,0539988586,22  av Melilia   q. Sidi Boujemaa  Chefchaouen - Maroc   ,Pharmacie Ras El Ma Chefchaouen,Chefchaouen,,Chefchaouen
10109,Pharmacie Mont Bleu,0645710868,bd Al Wahda - Autre ville Aïn Hawz Chefchaouen ,Pharmacie Mont Bleu Chefchaouen ,Chefchaouen,,Chefchaouen
2800,Pharmacie La Mosquée,0539883205,302  route AlWahda Administratif   Chefchaouen,Pharmacie La Mosquée Chefchaouen,Chefchaouen,09H A 21H,Chefchaouen
2548,Pharmacie Kenza Mountazah,0535585826,2  lotiss. Al Mountazah 1 - Autre ville   sect 2 bloc 1  Meknes,Pharmacie Kenza Mountazah Meknès,Meknès,,Chefchaouen
9813,Pharmacie Bni Rzine,0770726127,centre Had Beni Rezine   Bab Berred - Maroc,Pharmacie Bni Rzine Bab berred,Bab berred,,Chefchaouen
6080,Pharmacie Bni Ahmed,0539881957,Pharmacie Bni Ahmed CHEFCHAOUEN,Pharmacie Bni Ahmed Chefchaouen,Chefchaouen,,Chefchaouen
4923,Pharmacie Imane,0539717106,Hay kouilma   route azarkaa  Tetouan,Pharmacie Imane Tétouan,Tétouan,,Chefchaouen
505,Pharmacie Ahali Coelma,0539971713,485  hay Boujdad   Tetouan,Pharmacie Ahali Coelma Tétouan,Tétouan,,Chefchaouen
2051,Pharmacie Bouanane,0808565614,Saf ElHamam   rte. Torreta n°6  TETOUAN,Pharmacie Bouanane Tétouan,Tétouan,,Chefchaouen
1839,Pharmacie BenTahar,0539998140,105  rue Ben Yedder   Coelma  Tetouan,Pharmacie BenTahar Tétouan,Tétouan,,Chefchaouen
3662,Pharmacie El Gharnati,0539717943,bd abderrahmane Dakhil   Tetouan,Pharmacie El Gharnati Tétouan,Tétouan,,Chefchaouen
5623,Pharmacie la Santé Coelma,0539726752,2  Rte Bouira   lot Bennouna  La Rocade  Tetouan,Pharmacie la Santé Coelma Tétouan,Tétouan,,Chefchaouen
3525,Pharmacie El Amraoui,0539715561,84  rue Walili   lotis. Mounia  Tetouan,Pharmacie El Amraoui Tétouan,Tétouan,,Chefchaouen
6961,Pharmacie Coelma,0539996500,63 av. Sidi Abdellah Alfakhar Tétouan,Pharmacie Coelma Tétouan,Tétouan,,Chefchaouen
6628,Pharmacie Mestassi,0539999149,128  av. Sebta M'hannech  II   TETOUAN,Pharmacie Mestassi Tétouan,Tétouan,,Chefchaouen
806,Pharmacie Akbat ElHallouf,0539999316,55  av. Khénifra   Mhanech II  Tetouan,Pharmacie Akbat ElHallouf Tétouan,Tétouan,,Chefchaouen
9618,Pharmacie River,0539725560,29  bd Neuf Avril     Tétouan - Maroc,Pharmacie River Tétouan,Tétouan,00H A 09H,Chefchaouen
822,Pharmacie Al Aqsa,0539990952,71  av Casablanca   résid. Al Amal M'Hannech II n°3  TETOUAN,Pharmacie Al Aqsa Tétouan,Tétouan,,Chefchaouen
6153,Pharmacie Lukach,0539998666,K030  bd Abdellah El Fakhar   km 3 rte Azla hay Kouilma  oued Law  Tetouan,Pharmacie Lukach Tétouan,Tétouan,,Chefchaouen
1750,Pharmacie Benchekroun,0615452889,71  bd Al Azhar   lotiss al wikaya  Tetouan,Pharmacie Benchekroun Tétouan,Tétouan,,Chefchaouen
3731,Pharmacie El Haddad,0539996719,av des Far   rte de Marjane  Tetouan,Pharmacie El Haddad Tétouan,Tétouan,,Chefchaouen
3895,Pharmacie Faculté des Sciences,0539970020,227  av. Hajeb   Mhanech II  Tétouan,Pharmacie Faculté des Sciences Tétouan,Tétouan,,Chefchaouen
9296,Pharmacie Sidi Abdellah ElFakhar,0539996585,M'hannech II   2ème Tranche n°79  Tétouan - Maroc   ,Pharmacie Sidi Abdellah ElFakhar Tétouan,Tétouan,,Chefchaouen
9346,Pharmacie Oued Coelma,0539717509,7 rue Sidi Abdallah El Fakhar Tétouan,Pharmacie Oued Coelma Tétouan,Tétouan,,Chefchaouen
7639,Pharmacie Al Hilal,0539980033,105  av Sidi Abid   Al hoceima,Pharmacie Al Hilal Al Hoceima,Al hoceima,,AlHoceima
6325,Pharmacie Sidi Abid,0539984191,Pharmacie Sidi Abid AL HOCEIMA,Pharmacie Sidi Abid Al Hoceima,Al hoceima,,AlHoceima
9823,Pharmacie Sidi Abid,0661308503,Anzagh commune    Ajdir - Maroc,Pharmacie Sidi Abid Ajdir,Ajdir,,AlHoceima
2132,Pharmacie Al Hoda,0539980944,166  bd Tarik Ibn Ziad   Al hoceima,Pharmacie Al Hoda Al Hoceima,Al hoceima,,AlHoceima
6058,Pharmacie Azir,0539985388,161  rue Sidi Abid   AL HOCEIMA,Pharmacie Azir Al Hoceima,Al hoceima,,AlHoceima
9206,Pharmacie Ibnou Rochd,0539981757,168  av Hassan II   Al Hoceima - Maroc   ,Pharmacie Ibnou Rochd Al hoceima,Al hoceima,,AlHoceima
5121,Pharmacie Al Hoceima,0539841596,97  bd. Tarik Ibn Ziad   Al hoceima,Pharmacie Al Hoceima Al Hoceima,Al hoceima,,AlHoceima
1764,Pharmacie Granada,0539840204,12  av. Madagascar   Al hoceima,Pharmacie Granada Al Hoceima,Al hoceima,,AlHoceima
34,Pharmacie Avicenne,0539982916,av. Tarik Ibnou Ziad   Imm. Caballo  Al hoceima,Pharmacie Avicenne Al Hoceima,Al hoceima,,AlHoceima
6029,Pharmacie le port,0539980606,Pharmacie le port AL HOCEIMA,Pharmacie le port Al Hoceima,Al hoceima,,AlHoceima
9167,Pharmacie AlOuahda,0539807878,20  rue AlOuahda   imzouren  Al Hoceima - Maroc   ,Pharmacie AlOuahda Al hoceima,Al hoceima,,AlHoceima
896,Pharmacie Al Manzah,0539840282,20  rue Med Hassan El Ouazzani   Al hoceima,Pharmacie Al Manzah Al Hoceima,Al hoceima,,AlHoceima
118,Pharmacie Abdelkerim El Khattabi,0539982270,61  av Bir Anzarane   Al hoceima,Pharmacie Abdelkerim El Khattabi Al Hoceima,Al hoceima,garde 24h/24,AlHoceima
5843,Pharmacie Khalid Ibn Alwalid,0539840863,17  av. Hajarat Nekour   AL HOCEIMA,Pharmacie Khalid Ibn Alwalid Al Hoceima,Al hoceima,,AlHoceima
9916,Pharmacie Manara,0539980101, av. Sidi Abid lotiss. Al Omrane Al Hoceima,Pharmacie Manara Al Hoceima,Al Hoceima,,AlHoceima
599,Pharmacie Abi Yakoub El Badissi,0674416356,18  rue du Consul   Mirador  Al hoceima,Pharmacie Abi Yakoub El Badissi Al Hoceima,Al hoceima,,AlHoceima
2845,Pharmacie Andalous,0539982899,158  rue Hajrat Nekkor   Al hoceima,Pharmacie Andalous Al Hoceima,Al hoceima,,AlHoceima
3523,Pharmacie ElMoustachfa,0539981131,89  av. AlIskandaria   Al hoceima,Pharmacie ElMoustachfa Al Hoceima,Al hoceima,,AlHoceima
3597,Pharmacie Al Khair,0539841846,bd Abou Fariss Hamadani   hay Mirador  Al hoceima,Pharmacie Al Khair Al Hoceima,Al hoceima,,AlHoceima
9124,Pharmacie Pasteur,0539981176,9 Bis bd. Med. V   Al Hoceima - Maroc   ,Pharmacie Pasteur Al hoceima,Al hoceima,,AlHoceima
1225,Pharmacie Du Centre,0539813017,Pharmacie Du Centre AL HOCEIMA,Pharmacie Du Centre Al Hoceima,Al hoceima,,AlHoceima
7737,Pharmacie Meditérraneo,0539840808,41  rue Houman El Fetouaki   AL HOCEIMA,Pharmacie Meditérraneo Al Hoceima,Al hoceima,,AlHoceima
1594,Pharmacie Nouvelle,0539982093,4  rue Idriss Al Akbar   Al hoceima,Pharmacie Nouvelle Al Hoceima,Al hoceima,,AlHoceima
1278,Pharmacie Achifa,0539980655,"1, av. Abbas M'Saadi  Al hoceima",Pharmacie Achifa Al Hoceima,Al hoceima,,AlHoceima
7851,Pharmacie Essalam,0539806667,Pharmacie Essalam AL HOCEIMA,Pharmacie Essalam Al Hoceima,Al hoceima,,AlHoceima
5306,Pharmacie AlWafa,0539983449,"90, av. Hassan II ang. M'Barek ElBekkai Al hoceima",Pharmacie AlWafa Al Hoceima,Al hoceima,,AlHoceima
1942,Pharmacie centrale du Rif,0539982582,23  Avenue Hassan II   Al hoceima,Pharmacie centrale du Rif Al Hoceima,Al hoceima,,AlHoceima
626,Pharmacie Cala Bonita,0539985864,28  hay Cala Bonita   résid. Firadaous  Al hoceima,Pharmacie Cala Bonita Al Hoceima,Al hoceima,garde 24h/24,AlHoceima
6554,Pharmacie Tidghine,0539813322,centre Ketama   AL HOCEIMA,Pharmacie Tidghine Al Hoceima,Al hoceima,,AlHoceima
1738,Pharmacie Anissa,0539984234,33  av 9 juillet   Al hoceima,Pharmacie Anissa Al Hoceima,Al hoceima,,AlHoceima
434,Pharmacie Anoual,0539982917,47  av. Imzouren   Al hoceima,Pharmacie Anoual Al Hoceima,Al hoceima,,AlHoceima
418,Pharmacie Al Qods,0539840669,24  bd El Qods   rte Sidi Mansour  Al hoceima,Pharmacie Al Qods Al Hoceima,Al hoceima,,AlHoceima
5517,Pharmacie Noumidia,0539980645,57  rue Abdellah BenYacine   Al hoceima,Pharmacie Noumidia Al Hoceima,Al hoceima,,AlHoceima
9973,Pharmacie Al Baraka,0539980115, 3 Lots Bades résid. Amina Al Hoceim,Pharmacie Al Baraka Al Hoceima,Al Hoceima,,AlHoceima
7317,Pharmacie Ajdir,0535207069,Pharmacie Ajdir,Pharmacie Ajdir Ajdir,Ajdir,,AlHoceima
6125,Pharmacie Ajdir,0539802098,centre Ajdir  rp.39  AL HOCEIMA,Pharmacie Ajdir Al Hoceima,Al hoceima,,AlHoceima
9962,Pharmacie AlMasjid,0539806677,rue 2 n° 2 Imzouren,Pharmacie AlMasjid Imzouren ,Imzouren ,,AlHoceima
9917,Pharmacie Dina Santé,0633767975,220 bd Al Wahda - Autre ville Imzouren ,Pharmacie Dina Santé Imzouren,Imzouren,,AlHoceima
9932,Pharmacie Tarik Ibn Ziad,0539806809,bd Casablanca rue Tamassind Imzouren,Pharmacie Tarik Ibn Ziad Imzouren,Imzouren,,AlHoceima
6199,Pharmacie Nekor,0539806904,Pharmacie Nekor IMZOUREN,Pharmacie Nekor Imzouren,Imzouren,,AlHoceima
10053,Pharmacie Médina,0536682860,Place Sidi Abdelouahab Oujda,Pharmacie Médina Oujda,Oujda,,Oujda
428,Pharmacie Al Faraj,0536702828,3  hay Annasr   rte Marhnia  OUJDA,Pharmacie Al Faraj Oujda,Oujda,,Oujda
7057,Pharmacie Oujda,0536684103,rue Figuig ang. rue Mly ElHassan  Oujda,Pharmacie Oujda Oujda,Oujda,,Oujda
2579,Pharmacie Benmansour,0536686035,93  rue sidi driss   elaounia OUJDA,Pharmacie Benmansour Oujda,Oujda,,Oujda
6189,Pharmacie Moderne,0536682871,35  Rue de Marrakech   Oujda,Pharmacie Moderne Oujda,Oujda,,Oujda
1953,Pharmacie Asfour,0536686613,174  rue Ras Asfrou   Oujda,Pharmacie Asfour Oujda,Oujda,,Oujda
8080,Pharmacie Souk Mellilia,0536680404,1  Rte. Bouknadel   Oujda,Pharmacie Souk Mellilia Oujda,Oujda,,Oujda
7382,Pharmacie Riad,0536685102,bd Allal El Fassi   Bloc 11 n°1  Oujda,Pharmacie Riad Oujda,Oujda,,Oujda
3519,Pharmacie du progrès,0536685510,92  bd. Maghreb Al Arabi   Oujda,Pharmacie du progrès Oujda,Oujda,,Oujda
3576,Pharmacie du stade Municipal,0536696878,rue de Casa  place du Stade de Municipal   imm. Habous  Oujda,Pharmacie du stade Municipal Oujda,Oujda,,Oujda
5651,Pharmacie Les Trois Fontaines,0536712122,15  bd Ferrane Ouled Aissa  Oujda,Pharmacie Les Trois Fontaines Oujda,Oujda,,Oujda
1203,Pharmacie Alfarabi,0536686141,66  bd. Lieutenant Belhoucine   OUJDA,Pharmacie Alfarabi Oujda,Oujda,,Oujda
4169,Pharmacie Figuig,0536689419,Pharmacie Figuig OUJDA,Pharmacie Figuig Oujda,Oujda,,Oujda
4977,Pharmacie Ibn Tofail,0536705653,216  rte Tairet   Oujda,Pharmacie Ibn Tofail Oujda,Oujda,,Oujda
6274,Pharmacie Mostafa,0536748698,334  lotiss. El Farah - Autre ville   Oujda,Pharmacie Mostafa Oujda,Oujda,,Oujda
6381,Pharmacie Mouslim,0536706066,25  bd. Mohammed V   Oujda,Pharmacie Mouslim Oujda,Oujda,,Oujda
8733,Pharmacie Zohir,0536682725,rue d'Oran ang. rue d'Alger   Oujda,Pharmacie Zohir Oujda,Oujda,,Oujda
4202,Pharmacie Fourkane,0536707325,Pharmacie Fourkane OUJDA,Pharmacie Fourkane Oujda,Oujda,,Oujda
4180,Pharmacie Fourkane,0536690077,derb Mbasso  rue 5 n°76   Oujda,Pharmacie Fourkane Oujda,Oujda,,Oujda
6383,Pharmacie Moustaousef Mbasso,0536703001,"av. Allal El Fassi, lotiss. Sahli-B5.n°1  Oujda",Pharmacie Moustaousef Mbasso Oujda,Oujda,,Oujda
152,Pharmacie Abdelmoumen,0536702819,100  rue Ras Asfour   Oujda,Pharmacie Abdelmoumen Oujda,Oujda,,Oujda
4727,Pharmacie Hay Nasr,0536680015,lot ElBoukhari   rte. des Frontieres  Oujda,Pharmacie Hay Nasr Oujda,Oujda,,Oujda
5972,Pharmacie Merjane,0536707191,2  bd Ennakhil   lot. Belhoucine  OUJDA,Pharmacie Merjane Oujda,Oujda,,Oujda
6650,Pharmacie Nour Marjane Moussaoui,0536680473,hay El Hassani   Nour Borj n°3  Oujda,Pharmacie Nour Marjane Moussaoui Oujda,Oujda,,Oujda
3593,Pharmacie d'Urgence de l'Hôpital de l'Universitaire,0536500550,760 X bd Oum Rabii   rte Aouint Serrak  lot Iris n°1  Oujda,Pharmacie d'Urgence de l'Hôpital de l'Universitaire Oujda,Oujda,,Oujda
3368,Pharmacie du Conseil,0536512100,lotiss. Jaouhara   rue C n°58  Oued Nachef  OUJDA,Pharmacie du Conseil Oujda,Oujda,,Oujda
7805,Pharmacie Sfakes,0536542227,1124  Lotiss Ennajd II   route sidi yahya  Oujda,Pharmacie Sfakes Oujda,Oujda,,Oujda
3056,Pharmacie Chifa,0536688664,26  bd des Far   Mosquée My Slimane  Oujda,Pharmacie Chifa Oujda,Oujda,,Oujda
6782,Pharmacie Oujra,0537301096,433  rue Fatima oum Elbanine   hay El Fath  SIDI YAHIA DU GHARB,Pharmacie Oujra Sidi Yahia Du Gharb,Sidi Yahia Du Gharb,,Oujda
6527,Pharmacie Nasser,0536745741,"Dhar Lamhala , Lotiss. Alj, rue A n°82 Oujda",Pharmacie Nasser Oujda,Oujda,,Oujda
6512,Pharmacie Nasrallah,0536541638,"53, bd Hassan II , hay Moustakbal Oujda",Pharmacie Nasrallah Oujda,Oujda,,Oujda
1549,Pharmacie AlMaksam,0536501734,31  bd. Yacoub ElMansour  Hay ElMaksam   Oujda,Pharmacie AlMaksam Oujda,Oujda,,Oujda
6333,Pharmacie Moulay Tayeb,0536742060,Pharmacie Moulay Tayeb OUJDA,Pharmacie Moulay Tayeb Oujda,Oujda,,Oujda
5659,Pharmacie l'Urgence,0536682916,"bd Razi , imm. Benjeloune n°2 Oujda",Pharmacie l'Urgence Oujda,Oujda,,Oujda
5366,Pharmacie La Grande,0536510817,lotiss. Benkhirane   rue 01/29  Oujda,Pharmacie La Grande Oujda,Oujda,,Oujda
9050,Pharmacie Ajdaini,0538376475,18  rte Aouinia   rue Bour Said  Oujda - Maroc   ,Pharmacie Ajdaini Oujda,Oujda,,Oujda
7508,Pharmacie Rjafellah,0536367039,78  lotiss. Taoufik - Autre ville   rte d’Algérie   Oujda,Pharmacie Rjafellah Oujda,Oujda,,Oujda
4562,Pharmacie Hay Azouhour,0536517829,"lotiss. Azzouhour 2, rte Ain Beni Mathar Oujda",Pharmacie Hay Azouhour Oujda,Oujda,,Oujda
5596,Pharmacie l'Avenir,0536697038,479  rue Boudir   Oujda,Pharmacie l'Avenir Oujda,Oujda,,Oujda
9150,Pharmacie Ihyae Chark,0536542116,195  hay Agdal    lot Ihyae Chark  Oujda - Maroc   ,Pharmacie Ihyae Chark Oujda,Oujda,,Oujda
8939,Pharmacie Alhilal,0536607004,"414, av. AlMassira  Nador",Pharmacie Alhilal Nador,Nador,,Nador
7449,Pharmacie Masjid Badr,0536600832,lotiss. Boulghoudan   NADOR,Pharmacie Masjid Badr Nador,Nador,,Nador
4739,Pharmacie Terakaa,0536600750,42  Rte Melilia   q. Teraquaa 2  Nador,Pharmacie Terakaa Nador,Nador,,Nador
2592,Pharmacie Al Omal,0536353788,bd Al Wahda   Jaadar  Nador,Pharmacie Al Omal Nador,Nador,,Nador
2325,Pharmacie Al Mostakbal,0536330332,Rte Berraka   hay El Fid  Nador,Pharmacie Al Mostakbal Nador,Nador,,Nador
1857,Pharmacie Dar Al Olom,0536380959,hay Al Matar   résid. Al Ikhlass  Nador,Pharmacie Dar Al Olom Nador,Nador,,Nador
1505,Pharmacie Al Montazah,0536603377,route Principale de Cimetière   Nador,Pharmacie Al Montazah Nador,Nador,,Nador
4272,Pharmacie la Fontaine,0536336654,167  av. 3 Mars   Nador,Pharmacie la Fontaine Nador,Nador,,Nador
387,Pharmacie Ibn Sina,0536603043,242  bd. Youssef Ben Tachfine   Nador,Pharmacie Ibn Sina Nador,Nador,,Nador
6885,Pharmacie Trois Provinces,0536408072,Pharmacie Trois Provinces NADOR,Pharmacie Trois Provinces Nador,Nador,,Nador
5156,Pharmacie AlAzhar,0536603875,quartier Oulad Boutaib   sect. A n°145  Nador,Pharmacie AlAzhar Nador,Nador,,Nador
2916,Pharmacie Arrisala,0530123898,10  hay Al Matar - Autre ville   imm. Essaada  Nador,Pharmacie Arrisala Nador,Nador,,Nador
888,Pharmacie Hay Chouhadae,0536380933,hay Taouima   Nador,Pharmacie Hay Chouhadae Nador,Nador,,Nador
5002,Pharmacie Blanco,0536337303,Hay Ould Boutayeb   rue 3 n°176  Nador,Pharmacie Blanco Nador,Nador,,Nador
2375,Pharmacie AlAndalous,0536602909,39  bd 3 mars   Nador,Pharmacie AlAndalous Nador,Nador,,Nador
6616,Pharmacie Lamalmi,0536334815,594  bd. AlMassira   NADOR,Pharmacie Lamalmi Nador,Nador,,Nador
4894,Pharmacie Tarik,0536606596,"106, bd AlFarabi  Nador",Pharmacie Tarik Nador,Nador,,Nador
366,Pharmacie Aviation,0536606641,68  rue Arrid   Bloc 2  Nador,Pharmacie Aviation Nador,Nador,,Nador
1623,Pharmacie ElKendy,0536603670,431  av. Mly Hassan 1er   Nador,Pharmacie ElKendy Nador,Nador,,Nador
861,Pharmacie Ouled Brahim,0536336181,633  av. Hassan 1er   NADOR,Pharmacie Ouled Brahim Nador,Nador,,Nador
3909,Pharmacie Laboratoire Pasteur,0536604272,103  Rte Principale taouima   Nador,Pharmacie Laboratoire Pasteur Nador,Nador,,Nador
2973,Pharmacie Lotissement Sara,0536336076,quartier Arrid II   rue 104  Nador,Pharmacie Lotissement Sara Nador,Nador,,Nador
8983,Pharmacie Méditérranée,0536604274,av des Far ang. rue Marche verte   imm. Rahmouni  Nador - Maroc  ,Pharmacie Méditérranée Nador,Nador,,Nador
5770,Pharmacie Laârassi,0536600380,356  bd  Prince Héritier Sidi Mohamed   q. Laârassi  Nador,Pharmacie Laârassi Nador,Nador,,Nador
2068,Pharmacie Errazi,0536603117,425  Avenue des far   Nador,Pharmacie Errazi Nador,Nador,,Nador
7781,Pharmacie Marchica,0536334381,5  Hay Chaala   NADOR,Pharmacie Marchica Nador,Nador,,Nador
8455,Pharmacie Ahlane,0536402372,Pharmacie Ahlane NADOR,Pharmacie Ahlane Nador,Nador,,Nador
5611,Pharmacie Babel,0536605544,65  rue Taha Houcein   Nador,Pharmacie Babel Nador,Nador,,Nador
3788,Pharmacie Benchellal,0536607834,"58, rue Mly Ali Charif  Nador",Pharmacie Benchellal Nador,Nador,,Nador
5807,Pharmacie Granada,0536606767,39  Rte Principale   Taouima  Nador,Pharmacie Granada Nador,Nador,,Nador
5915,Pharmacie Ibn Hazm,0536606711,hay Laâroussi   rue 4 n°78  NADOR,Pharmacie Ibn Hazm Nador,Nador,,Nador
4135,Pharmacie Noor,0536337657,213  bd Massira El Khadra   Nador,Pharmacie Noor Nador,Nador,,Nador
9534,Pharmacie Le Monde,0536334384,rue 10 n°67   ouled Mimoun  Nador - Maroc,Pharmacie Le Monde Nador,Nador,,Nador
7943,Pharmacie AlAssil,0536337255,rue Abass Mohamed   Nador,Pharmacie AlAssil Nador,Nador,,Nador
1249,Pharmacie Ouled Mimoun,0536606151,190  quartier Ouled Mimoun   Nador,Pharmacie Ouled Mimoun Nador,Nador,,Nador
574,Pharmacie Ibn Rochd,0536603239,70  av des far   Nador,Pharmacie Ibn Rochd Nador,Nador,,Nador
83,Pharmacie Tahiri,0536601731,route principale de Joutia   sidi Ahmed Larhrib  Nador,Pharmacie Tahiri Nador,Nador,,Nador
4056,Pharmacie Ahkim,0536320906,12  rue Tanger   Nador,Pharmacie Ahkim Nador,Nador,,Nador
7182,Pharmacie Nador,0536330660,12  quartier Laarassi   NADOR,Pharmacie Nador Nador,Nador,,Nador
5927,Pharmacie Syndicat Régional des Pharmaciens de Nador,0536603752,Syndicat Régional des Pharmaciens de Nador,Pharmacie Syndicat Régional des Pharmaciens de Nador Nador,Nador,,Nador
3272,Pharmacie Laayoune,0536231807,8 X rue El Menzel   Berkane,Pharmacie Laayoune Berkane,Berkane,,Berkane
1165,Pharmacie Fethi,0536613064,2  rue Palestine   Berkane,Pharmacie Fethi Berkane,Berkane,,Berkane
7226,Pharmacie Ain Reggada,0536620319,Pharmacie Ain Reggada BERKANE,Pharmacie Ain Reggada Berkane,Berkane,,Berkane
8187,Pharmacie ElMekteb,0536612855,132  rue ElMenzel   Berkane,Pharmacie ElMekteb Berkane,Berkane,,Berkane
6469,Pharmacie El Mekteb,0536614804,Pharmacie El Mekteb BERKANE,Pharmacie El Mekteb Berkane,Berkane,,Berkane
1132,Pharmacie Marché Couvert,0536256268,bd Mohammed V   Berkane,Pharmacie Marché Couvert Berkane,Berkane,,Berkane
6045,Pharmacie Chifae,0536612477,125  rue El Wifaq   hay Salam  BERKANE,Pharmacie Chifae Berkane,Berkane,,Berkane
5552,Pharmacie El Harti,0536616868,15  rue El Madina ELmounaouara   hay Laayoune  Berkane,Pharmacie El Harti Berkane,Berkane,,Berkane
5341,Pharmacie Andalous,0536613547,rue Zerhoun   ang. rue Béni Znassen Berkane,Pharmacie Andalous Berkane,Berkane,,Berkane
1462,Pharmacie Abou ElKhayr,0536613232,4  rue Azrou   Berkane,Pharmacie Abou ElKhayr Berkane,Berkane,,Berkane
588,Pharmacie Laboratoire Ibn Rochd,0536613631,157  Rue Ibn Sina   Berkane,Pharmacie Laboratoire Ibn Rochd Berkane,Berkane,,Berkane
6444,Pharmacie El Mossalla,0536616101,6  rue Mly Idriss ang. rue El Karaouine  hay Boukraa  BERKANE,Pharmacie El Mossalla Berkane,Berkane,,Berkane
3591,Pharmacie Ouarch,0536230815,rue souk Larbaa   hay El Andalous  Berkane,Pharmacie Ouarch Berkane,Berkane,,Berkane
3273,Pharmacie Sidi Abdelmoumen,0536256305,bd Prince Héritier ang. rue de Fès Berkane,Pharmacie Sidi Abdelmoumen Berkane,Berkane,,Berkane
6753,Pharmacie Bachiri,0536612145,337  bd. Hassan II   BERKANE,Pharmacie Bachiri Berkane,Berkane,,Berkane
3709,Pharmacie Khalid Ibnou El Walid,0536612020,hay El Moukawama   rue 387 n°35  Berkane,Pharmacie Khalid Ibnou El Walid Berkane,Berkane,,Berkane
380,Pharmacie El Kadi Ayad,0536614344,12  hay Masjid   Berkane,Pharmacie El Kadi Ayad Berkane,Berkane,,Berkane
4719,Pharmacie Principale,0536616859,63  rue Salaheddine   Berkane,Pharmacie Principale Berkane,Berkane,,Berkane
5921,Pharmacie Belfilali,0536230428,51 X rue Al Madina Elmounaouara   BERKANE,Pharmacie Belfilali Berkane,Berkane,,Berkane
6588,Pharmacie Marbouha,0536617039,34 X Municipalité hay Dakhla   Marbouha  BERKANE,Pharmacie Marbouha Berkane,Berkane,,Berkane
2943,Pharmacie Tzaiest,0536617552,"centre Tzaiest , Caidat Beni Ourinech Berkane",Pharmacie Tzaiest Berkane,Berkane,,Berkane
5749,Pharmacie Tahri,0536613112,15  rue Ouertas   hay Andalous  Berkane,Pharmacie Tahri Berkane,Berkane,,Berkane
7849,Pharmacie Tzaiest,0536615462,Pharmacie Tzaiest BERKANE,Pharmacie Tzaiest Berkane,Berkane,,Berkane
1123,Pharmacie Sidi Bouhria,0536637381,Pharmacie Sidi Bouhria BERKANE,Pharmacie Sidi Bouhria Berkane,Berkane,,Berkane
2089,Pharmacie Ibn Sina,0536612689,1  av. Ibnou Sina   Berkane,Pharmacie Ibn Sina Berkane,Berkane,,Berkane
1919,Pharmacie Populaire,0536613638,220  bd Hassan II   Berkane,Pharmacie Populaire Berkane,Berkane,,Berkane
6099,Pharmacie Bensalah,0536645589,Pharmacie Bensalah BERKANE,Pharmacie Bensalah Berkane,Berkane,,Berkane
7032,Pharmacie Ghazouani,0536256482,37  bd Hassan II   douar Bouayad rte d'Alkim M'Gaad Ras  BERKANE,Pharmacie Ghazouani Berkane,Berkane,,Berkane
4072,Pharmacie la Victoire,0536616162,7  bd. AlWifak   hay Salem  Berkane,Pharmacie la Victoire Berkane,Berkane,,Berkane
8101,Pharmacie Palestine,0536611100,hay Palestine   rte Ouartass  BERKANE,Pharmacie Palestine Berkane,Berkane,,Berkane
7250,Pharmacie Pasteur,0536615318,4  rue Sijilmassa   hay ElMoukaouama  BERKANE,Pharmacie Pasteur Berkane,Berkane,,Berkane
2785,Pharmacie Bd Mohammed V,0536612989,87  bd Mohammed V   Berkane,Pharmacie Bd Mohammed V Berkane,Berkane,,Berkane
6830,Pharmacie hay Elqods,0536612336,51  rue Aïn Soltan   hay Elqods  BERKANE,Pharmacie hay Elqods Berkane,Berkane,,Berkane
5790,Pharmacie la Mosquée,0536619095,bd. Med. V  Berkane,Pharmacie la Mosquée Berkane,Berkane,,Berkane
5779,Pharmacie Edderak,0536617576,"19, bd de la Victoire  Berkane",Pharmacie Edderak Berkane,Berkane,,Berkane
5840,Pharmacie Najwa,0536635939,Pharmacie Najwa BERKANE,Pharmacie Najwa Berkane,Berkane,,Berkane
2398,Pharmacie Oualloute,0536616463,douar Borj Oualloute   Berkane,Pharmacie Oualloute Berkane,Berkane,,Berkane
5748,Pharmacie de l'Oriental,0536612048,"49, bd Sultan Mly M'hamed  Berkane",Pharmacie de l'Oriental Berkane,Berkane,,Berkane
8595,Pharmacie Tiourar,0536230840,"Hay Tiourar , rue 605 n°12 Berkane",Pharmacie Tiourar Berkane,Berkane,,Berkane
2813,Pharmacie El Widadia,0536231400,196  bd. Palestine   hay ElAndalous  Berkane,Pharmacie El Widadia Berkane,Berkane,,Berkane
5759,Pharmacie ALHouria,0536695660,71  rue Midelt   hay ElHouria  Taourirt,Pharmacie ALHouria Taourirt,Taourirt,,Taourirt
5175,Pharmacie Moustaoussaf Al Halfa,0536679242,1376  rue Al Fallah   cité Attakaddoum  Taourirt,Pharmacie Moustaoussaf Al Halfa Taourirt,Taourirt,,Taourirt
1135,Pharmacie Mokhtar Soussi,0536694213,1968  Mokhtar Soussi   hay Takaddoum  TAOURIRT,Pharmacie Mokhtar Soussi Taourirt,Taourirt,,Taourirt
3477,Pharmacie Al Qods,0536694510,"83, bd Mly Abdellah , hay Al Massira Taourirt",Pharmacie Al Qods Taourirt,Taourirt,,Taourirt
7611,Pharmacie Saada,0536698781,"420, rue sidi Ifni , hay Takaddoum Taourirt",Pharmacie Saada Taourirt,Taourirt,,Taourirt
3880,Pharmacie Route Dabdou,0536695982,153 X hay Chouhada   Taourirt,Pharmacie Route Dabdou Taourirt,Taourirt,,Taourirt
4478,Pharmacie AlHikma,0536695681,9  hay Chouhada   Taourirt,Pharmacie AlHikma Taourirt,Taourirt,,Taourirt
5747,Pharmacie Takaddoum,0536695300,534 X rue Sidi Chafi   hay Takaddoum  Taourirt,Pharmacie Takaddoum Taourirt,Taourirt,,Taourirt
923,Pharmacie El Jabri,0536695593,77  bd Mly Abdellah   hay Jdid  Taourirt,Pharmacie El Jabri Taourirt,Taourirt,,Taourirt
5823,Pharmacie Lafdil,0536698485,521  rue Taounat   hay Salam  Taourirt,Pharmacie Lafdil Taourirt,Taourirt,,Taourirt
244,Pharmacie Taourirt,0536698018,578  rue Smara   hay Jdid  Taourirt,Pharmacie Taourirt Taourirt,Taourirt,,Taourirt
4805,Pharmacie Moulay Ali Cherif,0536679733,70  lotiss.My Ali Cherif   Taourirt,Pharmacie Moulay Ali Cherif Taourirt,Taourirt,,Taourirt
5788,Pharmacie Oued Za,0536694659,244 X av My Abdellah   Taourirt,Pharmacie Oued Za Taourirt,Taourirt,,Taourirt
2972,Pharmacie Andalouss,0536694130,bd Imam Al Ghazali   hay Mokhtar Soussi  Taourirt,Pharmacie Andalouss Taourirt,Taourirt,,Taourirt
1844,Pharmacie La Grande Pharmacie,0536694208,11  av de la Résistance   hay Jdid  Taourirt,Pharmacie La Grande Pharmacie Taourirt,Taourirt,,Taourirt
1059,Pharmacie Baghdadi,0536698252,1399  place la Marche Verte   hay Ennahda  Taourirt,Pharmacie Baghdadi Taourirt,Taourirt,,Taourirt
3847,Pharmacie Ennahda,0536698424,195  rue ElHoceima   hay Ennahda  Taourirt,Pharmacie Ennahda Taourirt,Taourirt,,Taourirt
5374,Pharmacie Al Fath,0534556744,203  lotiss. My Ali Chrif   Taourirt,Pharmacie Al Fath Taourirt,Taourirt,,Taourirt
7143,Pharmacie Boulevard Med. V,0536679512,1141  bd. Med. V TAOURIRT,Pharmacie Boulevard Med. V Taourirt,Taourirt,,Taourirt
9076,Pharmacie Said,0536694548,237  lot El Massira   Taourirt - Maroc   ,Pharmacie Said Taourirt,Taourirt,,Taourirt
5250,Pharmacie 20 Août,0536679255,52  lotiss. 20 Août   hay Takaddoum  Taourirt,Pharmacie 20 Août Taourirt,Taourirt,,Taourirt
5258,Pharmacie Belkaddar,0536679540,218  av. Mly ElHassan ang. rue Derfoufi Mohamed  Taourirt,Pharmacie Belkaddar Taourirt,Taourirt,,Taourirt
4508,Pharmacie Al Khalil,0536699640,1076  rue Boudnib   hay Takaddoum  Taourirt,Pharmacie Al Khalil Taourirt,Taourirt,,Taourirt
8131,Pharmacie Guemmi,0536679207,Pharmacie Guemmi TAOURIRT,Pharmacie Guemmi Taourirt,Taourirt,,Taourirt
5143,Pharmacie El Malhi,0536694610,987  hay Takaddoum   Taourirt,Pharmacie El Malhi Taourirt,Taourirt,,Taourirt
8468,Pharmacie Alaoui,0536679342,Pharmacie Alaoui TAOURIRT,Pharmacie Alaoui Taourirt,Taourirt,,Taourirt
4855,Pharmacie la Rocade,0536679083,"105, quartier ElMassira  Taourirt",Pharmacie la Rocade Taourirt,Taourirt,,Taourirt
986,Pharmacie AlMahatta,0536698507,187  bd. Allal AlFassi   hay El Massira  Taourirt,Pharmacie AlMahatta Taourirt,Taourirt,,Taourirt
2344,Pharmacie N°1,0536698715,420  hay Takadoum   rue Guenfouda  lotiss 20 Août  Taourirt,Pharmacie N°1 Taourirt,Taourirt,,Taourirt
1812,Pharmacie Al Mariniyine,0536695723,19  lotis wahda   Taourirt,Pharmacie Al Mariniyine Taourirt,Taourirt,,Taourirt
7571,Pharmacie Chifa,0536679233,av. Mly Elhassan ang. bd de France  hay Lakdim Taourirt,Pharmacie Chifa Taourirt,Taourirt,,Taourirt
3310,Pharmacie la Santé,0536679426,"2, av Lycée Al Fath , lotiss. El Massira Taourirt",Pharmacie la Santé Taourirt,Taourirt,,Taourirt
2459,Pharmacie Boubkeur,0536679504,223  rue Fkih Ben Salah   Taourirt,Pharmacie Boubkeur Taourirt,Taourirt,,Taourirt
3994,Pharmacie Assad,0536699114,hay El Louissi   Taourirt,Pharmacie Assad Taourirt,Taourirt,,Taourirt
9158,Pharmacie Karama,0536679278,1644  rue Tendrara   hay Takaddoum  Taourirt - Maroc   ,Pharmacie Karama Taourirt,Taourirt,,Taourirt
7745,Pharmacie Al Maghrib,0536698575,334  lot Mly Ali Cherif   TAOURIRT,Pharmacie Al Maghrib Taourirt,Taourirt,,Taourirt
1012,Pharmacie Amal,0536694082,bd. ElMaghreb ElArabi   Taourirt,Pharmacie Amal Taourirt,Taourirt,,Taourirt
785,Pharmacie Achour,0536698461,108  lotiss. Nassim - Autre ville   Taourirt,Pharmacie Achour Taourirt,Taourirt,,Taourirt
7967,Pharmacie Masjid Al Khalil,0536695417,"6, bd Mly Abdellah , hay Takaddoum Taourirt",Pharmacie Masjid Al Khalil Taourirt,Taourirt,,Taourirt
8970,Pharmacie Ennour,0536679261,968  rue Ifrane   hay Nahda  Taourirt - Maroc   ,Pharmacie Ennour Taourirt,Taourirt,garde 24h/24,Taourirt
9783,Pharmacie Allal Ben Abdellah,0535200771,147  bd Allal Ben Abdallah - Autre ville   Guercif - Maroc,Pharmacie Allal Ben Abdellah Guercif,Guercif,,Guercif
9371,Pharmacie Al Baladia,0535200909," Bd Allal Ben Abdellah, Guercif",Pharmacie AL Baladia Guercif,Guercif,garde 24h/24,Guercif
7077,Pharmacie Centrale,0535675056,bd. Mohammed V ang. av. Al Ittihad  GUERCIF,Pharmacie Centrale Guercif,Guercif,,Guercif
6829,Pharmacie Ibnou Sina,0535675055,100  Av. Mly Hassan   GUERCIF,Pharmacie Ibnou Sina Guercif,Guercif,,Guercif
9828,Pharmacie Moulay Ahmed,0535200573,Route Saka   Guercif - Maroc,Pharmacie Moulay Ahmed Guercif,Guercif,,Guercif
5960,Pharmacie Rochdi,0535675857,av  Itihad   GUERCIF,Pharmacie Rochdi Guercif,Guercif,,Guercif
933,Pharmacie Tarik,0535676160,89  bd Mohammed  V   Guercif,Pharmacie Tarik Guercif,Guercif,,Guercif
5911,Pharmacie Houara,0535200694,218  bd. My Youssef   rte Oujda  GUERCIF,Pharmacie Houara Guercif,Guercif,,Guercif
6358,Pharmacie Aïn Zoura,0535675450,104  av Mly Youssef   GUERCIF,Pharmacie Aïn Zoura Guercif,Guercif,,Guercif
5936,Pharmacie Grande Pharmacie du Rif,0535200441,60  av Abdelmoumen Ben Ali   GUERCIF,Pharmacie Grande Pharmacie du Rif Guercif,Guercif,,Guercif
6463,Pharmacie Guercif,0535676210,11  av  Mly Youssef   GUERCIF,Pharmacie Guercif Guercif,Guercif,,Guercif
7344,Pharmacie Nougd,0535200115,36  bd. Abdelkrim El Khattabi   hay Nougd  GUERCIF,Pharmacie Nougd Guercif,Guercif,,Guercif
9836,Pharmacie Idrissi,0535202442,Lotissement Omrane   Guercif - Maroc,Pharmacie Idrissi Guercif,Guercif,,Guercif
1425,Pharmacie Chifae,0535675478,11  rue Melwiya   GUERCIF,Pharmacie Chifae Guercif,Guercif,,Guercif
9908,Pharmacie Labiad,0538610652,"n° 85, Avenue adbelkrim khattabi, Guercif",Pharmacie Labiad Guercif,Guercif,,Guercif
6047,Pharmacie Chouiber,0535200961,574  hay Chouiber II   GUERCIF,Pharmacie Chouiber Guercif,Guercif,,Guercif
9819,Pharmacie Annarjis,0535200459,4  bd Tafilelt - Autre ville   Guercif - Maroc,Pharmacie Annarjis Guercif,Guercif,,Guercif
9960,Pharmacie Al Farabi,0535676089,rte de Taza - Autre ville Guercif,Pharmacie Al Farabi Guercif,Guercif,,Guercif
8503,Pharmacie Moulouya,0535675602,av Mohamed V   GUERCIF,Pharmacie Moulouya Guercif,Guercif,,Guercif
9802,Pharmacie Ibn Al Haytam,0535675438,rue Ibn Al Haytam   Guercif - Maroc,Pharmacie Ibn Al Haytam Guercif,Guercif,,Guercif
8397,Pharmacie La Clinique,0535675144,3 X av. Abdelkrim El Khattabi   hay Nougd  GUERCIF,Pharmacie La Clinique Guercif,Guercif,,Guercif
10125,Pharmacie Alfassi Senhaji,0535202022," lotissement Wiam , n°10 Guercif",Pharmacie Alfassi Senhaji guercif,Guercif,,Guercif
9827,Pharmacie Al Hourria,0535675199,lotiss. El Houria - Autre ville   Guercif - Maroc,Pharmacie Al Hourria Guercif,Guercif,,Guercif
9854,Pharmacie Ennour,0535202133,lotiss. Malouiya   Guercif - Maroc,Pharmacie Ennour Guercif,Guercif,,Guercif
9803,Pharmacie Abdelkarim Khattabi,0535676876,bd Abdelkrim Kattabi - Autre ville   Guercif - Maroc,Pharmacie Abdelkarim Khattabi Guercif,Guercif,garde 24h/24,Guercif
9747,Pharmacie Othmane ben Affane,0538505196,lotiss. Najah - Autre ville   Guercif - Maroc,Pharmacie Othmane ben Affane Guercif,Guercif,,Guercif
9717,Pharmacie Othmane ben Affane,0538505196,lotiss. Najah - Autre ville   Guercif - Maroc,Pharmacie Othmane ben Affane Guercif,Guercif,,Guercif
9700,Pharmacie Al Filali,0535200958,hay Ennajd   Guercif - Maroc,Pharmacie Al Filali Guercif,Guercif,,Guercif
9804,Pharmacie Ouled Hamoussa,0535200954,bd Ibn Haytam rue 2 n?1  Guercif - Maroc,Pharmacie Ouled Hamoussa Guercif,Guercif,,Guercif
9778,Pharmacie Moderne,0535201321,lotissement laaricha   Guercif - Maroc,Pharmacie Moderne Guercif,Guercif,,Guercif
9812,Pharmacie L'Oriental,0535676194,Rte Saka   Guercif - Maroc,Pharmacie L'Oriental Guercif,Guercif,,Guercif
10223,Pharmacie Pôle Ghayta (Qotb),0707159000,"pole urbain ghiata secteur 3 N:5, Guercif",Pharmacie Pôle Ghayta (Qotb) Guercif ,Guercif ,,Guercif
9954,Pharmacie Route Saka,0538650302,lotiss. Al Houda rte se Saka Guercif ,Pharmacie Route Saka Guercif ,Guercif ,,Guercif
9961, Pharmacie Harchat Gambir,0535200293,hay Al Arass Guercif, Pharmacie Harchat Gambir Guercif,Guercif,,Guercif
9102,Pharmacie Annassim,0536695693,lotiss. Nassim   Taourirt - Maroc   ,Pharmacie Annassim Taourirt,Taourirt,,Guercif
680,Pharmacie Alamal,0528843926,bd Cheikh Saadi   imm. Tighmirt  Agadir,Pharmacie Alamal Agadir,Agadir,,Agadir-Centre
7650,Pharmacie Rayane,0667146045,Pharmacie Rayane AGADIR,Pharmacie Rayane Agadir,Agadir,,Agadir-Centre
2094,Pharmacie Cadi Ben Driss,0528233939,"hay dakhla, al fiddia i, derrière la gare routière AGADIR",Pharmacie Cadi Ben Driss Agadir,Agadir,,Agadir-Centre
7533,Pharmacie Principale,0528287007,"1, rue Principale, Tagadirt",Pharmacie Principale Agadir,Agadir,,Agadir-Centre
7994,Pharmacie Tarik El Kheir,0644005640,5  hay Tarik Elkhair   ilto 9  Agadir,Pharmacie Tarik El Kheir Agadir,Agadir,,Agadir-Centre
2799,Pharmacie du quartier,0528821315,"angle av. mly abdellah, et rue sidi bouknadel, q.i. num 32. a coté de l'etat major Agadir",Pharmacie du quartier Agadir,Agadir,,Agadir-Centre
663,Pharmacie Al Oulya,0528205236,7  hay taddart - secteur a lot 5  anza Agadir,Pharmacie Al Oulya Agadir,Agadir,,Agadir-Centre
2503,Pharmacie de la Poste,0528842315,bd moukaouama en face du jardin lala meryem Agadir,Pharmacie de la Poste Agadir,Agadir,,Agadir-Centre
656,Pharmacie Al Massahat,0528290671,"264, quartier tilila Agadir",Pharmacie Al Massahat Agadir,Agadir,,Agadir-Centre
641,Pharmacie Al Imam AlKastalani,0528224258,bd Abdallah Ben Yacine   bloc 13 n° 17 cité Sidi Mohamed  Agadir,Pharmacie Al Imam AlKastalani Agadir,Agadir,,Agadir-Centre
6955,Pharmacie Moutawakil,0528235287,"27, rue isli, rési. riad al qods, près de station ifriquia Agadir",Pharmacie Moutawakil Agadir,Agadir,,Agadir-Centre
433,Pharmacie Al Andalous,0528217759,"2, bd Al Moukaouama, imm. Asma Agadir",Pharmacie Al Andalous Agadir,Agadir,,Agadir-Centre
1387,Pharmacie Attadamoun,0528320335,"hay bensergao, résid. attadamoun 2, imm. bicha mag. 22, derrière jet sakin Agadir",Pharmacie Attadamoun Agadir,Agadir,,Agadir-Centre
944,Pharmacie AlMostawsaf,0528283319,Pharmacie AlMostawsaf AGADIR,Pharmacie AlMostawsaf Agadir,Agadir,,Agadir-Centre
36,Pharmacie 2000,0528842597,"bd moulay abdallah, résid. karam, a coté de la résidence isni face aux pompiers AGADIR",Pharmacie 2000 Agadir,Agadir,,Agadir-Centre
940,Pharmacie AlMichwar,0528280728,Hay Bensergao   lot. 297 quartier AlWifaq  Agadir,Pharmacie AlMichwar Agadir,Agadir,garde 24h/24,Agadir-Centre
6836,Pharmacie Ouled Dahou Centre,0528319162,Ouled Dahou Centre   AIT MELLOUL,Pharmacie Ouled Dahou Centre Ait Melloul,Ait Melloul,,Agadir-Centre
4644,Pharmacie Vittoria,0528271894,"hay Rochdi, rue 1518 n°61 , Dcheira Inezgane",Pharmacie Vittoria Inezgane,Inezgane,,Agadir-Centre
2358,Pharmacie Dahabia,0528321426,"535, sect K , ElHouda Agadir",Pharmacie Dahabia Agadir,Agadir,,Agadir-Centre
2856,Pharmacie du Quartier Militaire,0528283946,"hay bensergao, n°8, cité al anwar lot tifaque route salam AGADIR",Pharmacie du Quartier Militaire Agadir,Agadir,,Agadir-Centre
3091,Pharmacie El Ouazzany,0528220681,"hay Mohammadi, résid. Fal Oumlil n°206 Agadir",Pharmacie El Ouazzany Agadir,Agadir,,Agadir-Centre
5147,Pharmacie Nordine,0528314002,hay Igueroufoulous  Aourir,Pharmacie Nordine Aourir,Aourir,,Agadir-Centre
5858,Pharmacie Lakhyam,0528220659,"70  bd mohamed el hansali, khiam 2 (autoroute lakhyam) Agadir",Pharmacie Lakhyam Agadir,Agadir,,Agadir-Centre
395,Pharmacie Aït Mhand,0528285090,Pharmacie Aït Mhand AGADIR,Pharmacie Aït Mhand Agadir,Agadir,,Agadir-Centre
4987,Pharmacie Kourtit,0528270724,"54, rue Faïssal Ben Abd ElAziz , Takarkout, Dcheira Inezgane",Pharmacie Kourtit Inezgane,Inezgane,,Agadir-Centre
1962,Pharmacie Bouloiz,0528287283,"cité Drarga, n°40 lot. Alimam Fatima, rte Principale Agadir",Pharmacie Bouloiz Agadir,Agadir,,Agadir-Centre
6731,Pharmacie Mokawama,0528842634,"8, bd Al Moukaouama, imm. Hamria q.i. Agadir",Pharmacie Mokawama Agadir,Agadir,,Agadir-Centre
1218,Pharmacie Anouar,0528281629,56  Hay Bensergao   bloc A  Douar Amzil  Agadir,Pharmacie Anouar Agadir,Agadir,,Agadir-Centre
3924,Pharmacie Hadrane,0528231012,"2 Bis, rue Ibn Al Arabi, z.i. Agadir",Pharmacie Hadrane Agadir,Agadir,,Agadir-Centre
5720,Pharmacie la Bourse,0528812573,Pharmacie la Bourse AGADIR,Pharmacie la Bourse Agadir,Agadir,,Agadir-Centre
2047,Pharmacie de l'Atlas,0528241987,26  Avenue de la Marche Verte   Ait melloul,Pharmacie de l'Atlas Ait Melloul,Ait Melloul,,Agadir-Centre
2290,Pharmacie Cité Suisse,0528827745,Pharmacie Cité Suisse AGADIR,Pharmacie Cité Suisse Agadir,Agadir,,Agadir-Centre
844,Pharmacie AlManzah,0528844443,"bd cheikh saadi ang. av des far, entrée charaf - aswak salam et belvie talborjt Agadir",Pharmacie AlManzah Agadir,Agadir,,Agadir-Centre
5962,Pharmacie Leghzaoui,0528324343,"hay essalam, résid. attadamoune 2, imm. 47, mag 62 Agadir",Pharmacie Leghzaoui Agadir,Agadir,,Agadir-Centre
10124,Pharmacie El Fayd,0528270338,"Bloc Anza Oulya , n°467 Quartier taddarte Agadir",Pharmacie El Fayd Agadir,Agadir,,Agadir-Centre
9559,Pharmacie Assoul,0528214671,bd Bir Anzarane   Bloc n°11 Tikiouine  Agadir - Maroc,Pharmacie Assoul Agadir,Agadir,,Agadir-Centre
6766,Pharmacie Mosquée du Liban,0528823443,"bd des f.a.r., imm barutel, a coté de la mosquée liban, en face place des petits taxi Agadir",Pharmacie Mosquée du Liban Agadir,Agadir,,Agadir-Centre
2574,Pharmacie de Talborjt,0528822861,"42, rue mehdi ben toumert,talborjt Agadir",Pharmacie de Talborjt Agadir,Agadir,,Agadir-Centre
7978,Pharmacie Tahiri,0528823508,"rue allal ben abdallah, talborjt Agadir",Pharmacie Tahiri Agadir,Agadir,,Agadir-Centre
2664,Pharmacie des F.a.r.,0528824332,"7, bd des f.a.r., imm. elmanzeh AGADIR",Pharmacie des F.a.r. Agadir,Agadir,garde 24h/24,Agadir-Centre
836,Pharmacie AlManar,0528213545,"hay Essalam, rue 952 n°16 Agadir",Pharmacie AlManar Agadir,Agadir,,Agadir-Est
7732,Pharmacie Salam,0528235636,"bd El Haj Massoud El Wafkaoui, Hay Salam Agadir",Pharmacie Salam Agadir,Agadir,,Agadir-Est
6156,Pharmacie Assalam,0528836361,hay Sidi Fadoul   zone 1 n°102 Tarrast  INEZGANE,Pharmacie Assalam Inezgane,Inezgane,,Agadir-Est
5933,Pharmacie le Corail Salam,0528228866,hay essalam   rue 914 n°554 AGADIR,Pharmacie le Corail Salam Agadir,Agadir,,Agadir-Est
2927,Pharmacie El Amri,0528225206,1  rue anzi   cité salam AGADIR,Pharmacie El Amri Agadir,Agadir,,Agadir-Est
4591,Pharmacie Ibn Zouhr,0528235451,"229, rue Aglou, cité Essalam Agadir",Pharmacie Ibn Zouhr Agadir,Agadir,,Agadir-Est
199,Pharmacie Adouz,0528211874,"hay essalam, imm. bicha, cplxe azrou AGADIR",Pharmacie Adouz Agadir,Agadir,,Agadir-Est
755,Pharmacie Alikhlass,0529124393,24 X rue Abdallah Ben Hsain   Cité Essalam  Agadir,Pharmacie Alikhlass Agadir,Agadir,,Agadir-Est
7623,Pharmacie Rajaa,0528235670,"1026, bd abderrahman benzidane, cité salam AGADIR",Pharmacie Rajaa Agadir,Agadir,garde 24h/24,Agadir-Est
435,Pharmacie Al Andaloussia,0528292999,résidence nasr-3 (bicha) près de jet sakan Agadir,Pharmacie Al Andaloussia Agadir,Agadir,,Agadir-Est
7995,Pharmacie Tikida,0528320019,"hay al houda, imm. tikida n°10, cité el houda sur la route séparant cite el houda et salam AGADIR",Pharmacie Tikida Agadir,Agadir,,Agadir-Est
7297,Pharmacie Odessa,0528282882,"hay essalam, résid. tarik al kheir 1, imm. 2, mag. 4 Agadir",Pharmacie Odessa Agadir,Agadir,,Agadir-Est
3627,Pharmacie Faicel,0528238383,"1042  extension dakhla, avenue hassan premier, devant résidence al boustane AGADIR",Pharmacie Faicel Agadir,Agadir,,Agadir-Est
2723,Pharmacie des Facultés,0528292796,"6, bd Onze Janvier, Projet Al Wid Agadir",Pharmacie des Facultés Agadir,Agadir,,Agadir-Est
7774,Pharmacie Sara,0528320873,hay al houda bloc h n°299 Agadir,Pharmacie Sara Agadir,Agadir,,Agadir-Est
6541,Pharmacie Mejjane,0528320604,"32  secteur l  cité el houda, derrière lycée ajdir AGADIR",Pharmacie Mejjane Agadir,Agadir,,Agadir-Est
5377,Pharmacie Jet Sakane,0528322064,"hay bensergao, jet sakane, m1 imm. n°42 salam houda AGADIR",Pharmacie Jet Sakane Agadir,Agadir,,Agadir-Est
7385,Pharmacie Oubelkhir,0528280999,"rue 110 hay el farah, près de la mosquée assaad ibn zarara  Agadir",Pharmacie Oubelkhir Agadir,Agadir,,Agadir-Est
2229,Pharmacie Chifa Al Farah,0528280159,"hay bensergao  , hay el farah  Agadir",Pharmacie Chifa Al Farah Agadir,Agadir,,Agadir-Est
2249,Pharmacie Chifa Al Farah,0528281384,Pharmacie Chifa Al Farah AGADIR,Pharmacie Chifa Al Farah Agadir,Agadir,,Agadir-Est
832,Pharmacie Alma Vita,0528323377,hay Al Houda   bd Almahdi Ben Abboud  Agadir,Pharmacie Alma Vita Agadir,Agadir,,Agadir-Est
7274,Pharmacie Nour Lkheir,0525129353,projet tarek lkheir 9 Agadir,Pharmacie Nour Lkheir Agadir,Agadir,,Agadir-Est
3253,Pharmacie Ennajd,0528226907,"bd hassan 1er, 11 bloc g4 cité dakhla, en face sgmb agence dakhla AGADIR",Pharmacie Ennajd Agadir,Agadir,,Agadir-Est
7142,Pharmacie Nour AlFarah III,0528291050,"454, al farah 3 Agadir",Pharmacie Nour AlFarah III Agadir,Agadir,,Agadir-Est
7164,Pharmacie Nour AlFarah III,0627019851,Pharmacie Nour AlFarah III AGADIR,Pharmacie Nour AlFarah III Agadir,Agadir,,Agadir-Est
5745,Pharmacie la jeunesse,0606701286,"22, bd Hassan Bounaamani, cité Dakhla Agadir",Pharmacie la jeunesse Agadir,Agadir,garde 24h/24,Agadir-Est
1587,Pharmacie Bachouch,0528238207,445  extention dakhla AGADIR,Pharmacie Bachouch Agadir,Agadir,,Agadir-Est
112,Pharmacie Adlouni,0528321112,hay Al Houda   bloc K n°370  AGADIR,Pharmacie Adlouni Agadir,Agadir,garde 24h/24,Agadir-Est
4213,Pharmacie Hay al farah,0528281915,"996, hay alfarah ben sergao Agadir",Pharmacie Hay al farah Agadir,Agadir,,Agadir-Est
2391,Pharmacie Dakhla,0528222229,"14, rue al farabi, cité dakhla Agadir",Pharmacie Dakhla Agadir,Agadir,,Agadir-Est
3617,Pharmacie Extension Dakhla,0528239445,"Extension Dakhla , K1005 Agadir",Pharmacie Extension Dakhla Agadir,Agadir,,Agadir-Est
6163,Pharmacie Lotfy,0528239009,44  rue Al Kawakibi   hay Dakhla  Agadir,Pharmacie Lotfy Agadir,Agadir,,Agadir-Est
1392,Pharmacie Attawhid,0528320002,"348 Bis, hay Al Houda, sect. E Agadir",Pharmacie Attawhid Agadir,Agadir,,Agadir-Est
5906,Pharmacie le Complexe,0528282307,"hay al wifaq, n° a/478 ben sergao, près de hamam al wifaq AGADIR",Pharmacie le Complexe Agadir,Agadir,,Agadir-Est
6488,Pharmacie Maroc,0528320200,"hay al houda, imm. ennarjis ii n°8, près du poste police el houda AGADIR",Pharmacie Maroc Agadir,Agadir,,Agadir-Est
6276,Pharmacie l'Université,0528230387,"139, bd onze janvier, cité dakhla Agadir",Pharmacie l'Université Agadir,Agadir,,Agadir-Est
2197,Pharmacie Chifa,0528223712,94  bd Hassan 1er   cité Dakhla  Agadir,Pharmacie Chifa Agadir,Agadir,,Agadir-Est
3059,Pharmacie Chifa,0528240586,81  Rte Tiznit   pont du Souss  Ait melloul,Pharmacie Chifa Ait Melloul,Ait Melloul,,Agadir-Est
1320,Pharmacie Aswak Assalam,0528292948,"hay Dakhla, Aswak Assalam Agadir",Pharmacie Aswak Assalam Agadir,Agadir,,Agadir-Est
1495,Pharmacie Azizi,0528239797,"3, bd Mansour Eddahbi, cité Dakhla Agadir",Pharmacie Azizi Agadir,Agadir,,Agadir-Est
1396,Pharmacie Essaâda,0528832815,"109, bd hassan i Inezgane",Pharmacie Essaâda Inezgane,Inezgane,,Inezgane
3493,Pharmacie Argana,0528336830,"193, bd. My Abdellah  Inezgane",Pharmacie Argana Inezgane,Inezgane,,Inezgane
982,Pharmacie Des Hopitaux,0528834201,"av. mly ali chrif  bounaman, près de l'hopital d'inezgane",Pharmacie Des Hopitaux Inezgane,Inezgane,,Inezgane
7096,Pharmacie Najah Igroumai,0528271800,266  bd Sidi Haj Lahbib   Igroumai  Dcheira  INEZGANE,Pharmacie Najah Igroumai Inezgane,Inezgane,,Inezgane
1174,Pharmacie du sud,0528832332,105  rue des écoles (tel 2: 0528 83 23 31) Inezgane,Pharmacie du sud Inezgane,Inezgane,,Inezgane
5554,Pharmacie Rmel,0528337314,"515, Lot. Rmel 2 , Tarrast Inezgane",Pharmacie Rmel Inezgane,Inezgane,09H A 21H,Inezgane
5487,Pharmacie Chahir,0528330101,rue Bouzager squar jorf  Inezgane,Pharmacie Chahir Inezgane,Inezgane,09H A 21H,Inezgane
2983,Pharmacie AlMassira,0528834420,95  av. mohammed v Inezgane,Pharmacie AlMassira Inezgane,Inezgane,,Inezgane
4469,Pharmacie Ezzahra,0528337507,"34 Bis, bd Al Mourabitine , cité des Fonctionnaires Inezgane",Pharmacie Ezzahra Inezgane,Inezgane,,Inezgane
2337,Pharmacie Ezzahra,0668456715,"34 bis, bd al mourabitine, cité des fonctionnaires (tel2: 0528337507) Inezgane",Pharmacie Ezzahra Inezgane,Inezgane,,Inezgane
3645,Pharmacie Taj,0528334242,av. Mly Ali Cherif Mesdoura  Inezgane,Pharmacie Taj Inezgane,Inezgane,,Inezgane
2809,Pharmacie Al Moggar,0528834848,45  av mokhtar soussi Inezgane,Pharmacie Al Moggar Inezgane,Inezgane,,Inezgane
1916,Pharmacie Al Maghreb Al Arabi,0528308494,"57 c, yassmina 1 , rte de tiznit Ait melloul",Pharmacie Al Maghreb Al Arabi Ait Melloul,Ait Melloul,,Inezgane
2353,Pharmacie Aabir,0528333728,62 x bd hassan ii - taghzout Inezgane,Pharmacie Aabir Inezgane,Inezgane,00H A 09H,Inezgane
3427,Pharmacie La Grande Pharmacie Jorf,0528833064,"50, entrée arrondissement Jorf  Inezgane",Pharmacie La Grande Pharmacie Jorf Inezgane,Inezgane,,Inezgane
1088,Pharmacie Jorf,0528836313,route pl de Jorf  Derb Aliouat   Inezgane,Pharmacie Jorf Inezgane,Inezgane,,Inezgane
275,Pharmacie Taghzoute,0528335556,avenue mohamed v ang. av 3 mars  cité hassani Inezgane,Pharmacie Taghzoute Inezgane,Inezgane,,Inezgane
3545,Pharmacie 10 Ramadan,0528833866,"rue 569 n°149 , Tarrast Inezgane",Pharmacie 10 Ramadan Inezgane,Inezgane,,Inezgane
1824,Pharmacie Tarraste,0528833033,route principale tarraste Inezgane,Pharmacie Tarraste Inezgane,Inezgane,,Inezgane
1005,Pharmacie Rahal Ben Ahmed,0528836747,103  lot Amlal   Inezgane,Pharmacie Rahal Ben Ahmed Inezgane,Inezgane,,Inezgane
5698,Pharmacie Hanane,0528337236,"place du café, jorf  Inezgane",Pharmacie Hanane Inezgane,Inezgane,,Inezgane
1072,Pharmacie El Walidaine,0528330307,"2 bis, timegrad jorf , rue 433 Inezgane",Pharmacie El Walidaine Inezgane,Inezgane,,Inezgane
4854,Pharmacie Jamal,0528333718,"35, av des F.a.r. , cité Oued Eddahab Inezgane",Pharmacie Jamal Inezgane,Inezgane,,Inezgane
2714,Pharmacie El Hilal,0528335882,"av al amaouiine (chanti jdid), rue 558 n°8 tarrast Inezgane",Pharmacie El Hilal Inezgane,Inezgane,,Inezgane
2484,Pharmacie Al Firdaouss,0633669516,av de l arrondissement   rue 707  Tarrast  Inezgane,Pharmacie Al Firdaouss Inezgane,Inezgane,,Inezgane
4623,Pharmacie Hagounia,0528832161,"1, av Mokhtar Essoussi imm. Hagounia Inezgane",Pharmacie Hagounia Inezgane,Inezgane,,Inezgane
3366,Pharmacie Bouzgar,0528838225,"Bouzgar , rue 640 n°4 Inezgane",Pharmacie Bouzgar Inezgane,Inezgane,,Inezgane
852,Pharmacie Nass Jorf,0528337474,"18, jorf inezgane , rue 442, près de la mosquée maou3ida",Pharmacie Nass Jorf Inezgane,Inezgane,,Inezgane
5130,Pharmacie Hader,0528837650,"lot. Rmel 2 , n° E13, Tarrast Inezgane",Pharmacie Hader Inezgane,Inezgane,,Inezgane
3464,Pharmacie de la Grande Mosquée,0528330767,"place de la grande mosquée , q. Tarraste Inezgane",Pharmacie de la Grande Mosquée Inezgane,Inezgane,,Inezgane
9279,Pharmacie les Chalets 2,0528331113,100  cit,Pharmacie les Chalets 2 Inezgane,Inezgane,,Inezgane
5412,Pharmacie Nouvelle,0528837860,"12, bd M'hand Obrahim , Bouzegar hay Jorf Inezgane",Pharmacie Nouvelle Inezgane,Inezgane,,Inezgane
5792,Pharmacie ElAmine,0528271177,"409, bd Moukhtar Soussi , El Ghiaten, Dcheira Inezgane",Pharmacie ElAmine Inezgane,Inezgane,,Inezgane
547,Pharmacie AlWafa,0528835032,rte. principale tarrast Inezgane,Pharmacie AlWafa Inezgane,Inezgane,,Inezgane
1409,Pharmacie Souk Al Houria,0661378843,777  souk al houria Inezgane,Pharmacie Souk Al Houria Inezgane,Inezgane,,Inezgane
2826,Pharmacie Souk Al Houria,0771532334,"777 souk al houria, entrée 8 (tél2: 0661378843) Inezgane",Pharmacie Souk Al Houria Inezgane,Inezgane,,Inezgane
4128,Pharmacie Masdoura,0528335044,rue 507 n°5 Bouzgar Mesdoura  Inezgane,Pharmacie Masdoura Inezgane,Inezgane,,Inezgane
1482,Pharmacie de la place,0528832510,3  rue des écoles   imm. Chahrazade  Inezgane,Pharmacie de la place Inezgane,Inezgane,,Inezgane
2760,Pharmacie Lot Couscouss,0528272399,lot ElFaiz n°40   rue 2071  Dcheira  Inezgane,Pharmacie Lot Couscouss Inezgane,Inezgane,,Inezgane
7336,Pharmacie Pasteur,0528272947,201  av. Mokhtar Soussi   Dcheira  INEZGANE,Pharmacie Pasteur Inezgane,Inezgane,,Inezgane
7398,Pharmacie des Saadiens,0528551274,235  bd Bir Anzarane   Taroudant,Pharmacie des Saadiens Taroudant,Taroudant,,Taroudant
7812,Pharmacie Jawad,0528550011,Pharmacie Jawad TAROUDANT,Pharmacie Jawad Taroudant,Taroudant,,Taroudant
2651,Pharmacie AlKasba,0528850222,Pharmacie AlKasba TAROUDANT,Pharmacie AlKasba Taroudant,Taroudant,,Taroudant
7753,Pharmacie Jamaâ Lkbir,0528850252,quartier Benyard   TAROUDANT,Pharmacie Jamaâ Lkbir Taroudant,Taroudant,,Taroudant
7661,Pharmacie Ibn Sina,0528850791,49  av. Mly Rchid   Frek Lahbab  Taroudant,Pharmacie Ibn Sina Taroudant,Taroudant,,Taroudant
7581,Pharmacie Hay ElHassani,0528550123,405  rue Dakhla   hay El Hassani Bouzamarne  Taroudant,Pharmacie Hay ElHassani Taroudant,Taroudant,,Taroudant
7642,Pharmacie Hay ElHassani,0525550123,Pharmacie Hay ElHassani TAROUDANT,Pharmacie Hay ElHassani Taroudant,Taroudant,,Taroudant
7448,Pharmacie du Sud,0528852259,188  Place Ennasr   Taroudant,Pharmacie du Sud Taroudant,Taroudant,,Taroudant
9587,Pharmacie Nadir,0528521916,15  douar Labaarir   cr Zt Sidi Tahar  Taroudant - Maroc,Pharmacie Nadir Taroudant,Taroudant,,Taroudant
8142,Pharmacie Naoufi,0528852653,557  bd Mohammed V TAROUDANT,Pharmacie Naoufi Taroudant,Taroudant,,Taroudant
9036,Pharmacie Bab Zorgane,0528850498,300  avenue El Mansour Addahbi   Taroudant - Maroc   ,Pharmacie Bab Zorgane Taroudant,Taroudant,,Taroudant
7833,Pharmacie Jnane Jamaâ,0528850713,hay Alkods   imm. Lakhsassi n°12  TAROUDANT,Pharmacie Jnane Jamaâ Taroudant,Taroudant,,Taroudant
7410,Pharmacie du 20 Août,0528850363,98 X av. du 20 Août   Taroudant,Pharmacie du 20 Août Taroudant,Taroudant,,Taroudant
9047,Pharmacie Taroudant,0528853194,73  Place Alouine Assarag   Taroudant - Maroc   ,Pharmacie Taroudant Taroudant,Taroudant,,Taroudant
158,Pharmacie Aikhlass,0528536084,Centre Aît Laaza   TAROUDANT,Pharmacie Aikhlass Taroudant,Taroudant,,Taroudant
7480,Pharmacie Grande Pharmacie Igherm,0528859311,Igherm Centre   TAROUDANT,Pharmacie Grande Pharmacie Igherm Taroudant,Taroudant,,Taroudant
323,Pharmacie Aït Iaaza,0528536188,Pharmacie Aït Iaaza TAROUDANT,Pharmacie Aït Iaaza Taroudant,Taroudant,,Taroudant
8533,Pharmacie Soussi,0528536262,lot. Essalam   bloc E n° 150 Ait Laaza  TAROUDANT,Pharmacie Soussi Taroudant,Taroudant,,Taroudant
8026,Pharmacie Lemhadi,0528216690,Douar Kasbah Lemhadi   rte d'agadir  TAROUDANT,Pharmacie Lemhadi Taroudant,Taroudant,,Taroudant
2009,Pharmacie AlBaladia,0528551038,48  rue Belkachach   TAROUDANT,Pharmacie AlBaladia Taroudant,Taroudant,,Taroudant
7461,Pharmacie El Maadyate,0528551952,5  av Hassan II   Hors Bab Zorgane  TAROUDANT,Pharmacie El Maadyate Taroudant,Taroudant,,Taroudant
2910,Pharmacie AlNour,0528850700,228  av. Dakhla   hay El Hassani Bouzamarne  TAROUDANT,Pharmacie AlNour Taroudant,Taroudant,,Taroudant
6848,Pharmacie Bab Elkhmiss,0528854599,210  av. Brahim Roudani   bab ElKhemiss  TAROUDANT,Pharmacie Bab Elkhmiss Taroudant,Taroudant,,Taroudant
8288,Pharmacie principale,0528851342,364  av. 20 août   TAROUDANT,Pharmacie principale Taroudant,Taroudant,,Taroudant
2795,Pharmacie AlKods,0528551642,bd 20 Août Akniss   TAROUDANT,Pharmacie AlKods Taroudant,Taroudant,,Taroudant
8587,Pharmacie Tafelaget,0528854626,rue Tafelaget   TAROUDANT,Pharmacie Tafelaget Taroudant,Taroudant,,Taroudant
7992,Pharmacie Lahbab,0528550185,16  av. Brahim Roudani   TAROUDANT,Pharmacie Lahbab Taroudant,Taroudant,,Taroudant
8234,Pharmacie Ouled Bounouna,0528850654,71  av AlMoukaouama   TAROUDANT,Pharmacie Ouled Bounouna Taroudant,Taroudant,,Taroudant
8046,Pharmacie Mentaga,0528550037,Pharmacie Mentaga TAROUDANT,Pharmacie Mentaga Taroudant,Taroudant,,Taroudant
7388,Pharmacie Bab Targhount,0528550050,214  Bd. Mohamed V Bab Targhount   Taroudant,Pharmacie Bab Targhount Taroudant,Taroudant,,Taroudant
1779,Pharmacie Al Masjid,0528551233,Local des Habouss   M'Haita  TAROUDANT,Pharmacie Al Masjid Taroudant,Taroudant,,Taroudant
3182,Pharmacie Aslami,0528216393,Targal Mlalt    imm. Khay  Taroudant,Pharmacie Aslami Taroudant,Taroudant,,Taroudant
8364,Pharmacie Sidi Ou Sidi,0528854033,rue Sidi O Sidi   TAROUDANT,Pharmacie Sidi Ou Sidi Taroudant,Taroudant,,Taroudant
8292,Pharmacie sidi belkass,0528550623,1  rue sidi belkass   TAROUDANT,Pharmacie sidi belkass Taroudant,Taroudant,,Taroudant
8773,Pharmacie Zraib,0528550999,87  bd Al Wahda    Zraib Old Bounouna  TAROUDANT,Pharmacie Zraib Taroudant,Taroudant,,Taroudant
10028,Pharmacie Nadim ,0660066466,1 rte Sidi Bourja Taroudant,Pharmacie Nadim Taroudant,Taroudant,,Taroudant
7875,Pharmacie Jnane Tasrif,0528852885,27  lotiss. Bouhdoud   Jnane Tasrif  M'Haita  Taroudant,Pharmacie Jnane Tasrif Taroudant,Taroudant,,Taroudant
8048,Pharmacie Mhaita,0528550166,Ait Azizou   Jnane Tessrif  imm. 5  Mhaya TAROUDANT,Pharmacie Mhaita Taroudant,Taroudant,,Taroudant
8012,Pharmacie Lastah,0528851685,399  hay Mohammadi   Taroudant,Pharmacie Lastah Taroudant,Taroudant,,Taroudant
2148,Pharmacie AlFadila,0528551186,centre Mechraa ElAin   annexe Ouled Mhala n°1  TAROUDANT,Pharmacie AlFadila Taroudant,Taroudant,,Taroudant
8332,Pharmacie la plaine du Souss,0528863823,Pharmacie la plaine du Souss TIZNIT,Pharmacie la plaine du Souss Tiznit,Tiznit,,Tiznit
7007,Pharmacie Bel Haj,0528601782,Pharmacie Bel Haj TIZNIT,Pharmacie Bel Haj Tiznit,Tiznit,,Tiznit
5889,Pharmacie Al Bahia,0528600070,Pharmacie Al Bahia TIZNIT,Pharmacie Al Bahia Tiznit,Tiznit,,Tiznit
8549,Pharmacie Mokhtar Soussi,0528863565,Pharmacie Mokhtar Soussi TIZNIT,Pharmacie Mokhtar Soussi Tiznit,Tiznit,,Tiznit
7590,Pharmacie ElMarjane,0528600063,Pharmacie ElMarjane TIZNIT,Pharmacie ElMarjane Tiznit,Tiznit,,Tiznit
9763,Pharmacie Des Amicales,0528861550,Amicale des fonctionnaires  Bloc C n?142   Tiznit - Maroc,Pharmacie Des Amicales Tiznit,Tiznit,,Tiznit
8369,Pharmacie Lakhssass,0528670351,Pharmacie Lakhssass TIZNIT,Pharmacie Lakhssass Tiznit,Tiznit,,Tiznit
9766,La Grande Pharmacie,0528862583,38  bd. Mohamed V   ville nouvelle  Tiznit - Maroc,La Grande Pharmacie Tiznit,Tiznit,,Tiznit
7501,Pharmacie du souk,0528860200,Pharmacie du souk TIZNIT,Pharmacie du souk Tiznit,Tiznit,,Tiznit
7515,Pharmacie du Sud,0528601400,Pharmacie du Sud TIZNIT,Pharmacie du Sud Tiznit ,Tiznit,,Tiznit
9703,Pharmacie Nouvelle,0528862742,70  av. Sidi Abderrahmane   Tiznit - Maroc,Pharmacie Nouvelle Tiznit,Tiznit,,Tiznit
7228,Pharmacie Ben Omar,0528600814,"30, lotiss. Tasskoult , av Mly Hassan Ben Youssef, Afrag Tiznit",Pharmacie Ben Omar Tiznit,Tiznit,,Tiznit
7987,Pharmacie Europe,0528863545,Pharmacie Europe TIZNIT,Pharmacie Europe Tiznit,Tiznit,,Tiznit
7479,Pharmacie du peuple,0528601755,Pharmacie du peuple TIZNIT,Pharmacie du peuple Tiznit,Tiznit,,Tiznit
850,La Pharmacie Centrale de Tiznit,0528861731,La Pharmacie Centrale de Tiznit,La Pharmacie Centrale de Tiznit Tiznit,Tiznit,,Tiznit
8632,Pharmacie Narjou Chifa,0663578937,Pharmacie Narjou Chifa TIZNIT,Pharmacie Narjou Chifa Tiznit,Tiznit,,Tiznit
6902,Pharmacie Bab Targa,0528601061,Pharmacie Bab Targa TIZNIT,Pharmacie Bab Targa Tiznit,Tiznit,,Tiznit
8636,Pharmacie Nassiri,0528600721,Pharmacie Nassiri TIZNIT,Pharmacie Nassiri Tiznit,Tiznit,,Tiznit
10142,Pharmacie ElMers,0528865278,507 rue El Mers Edalha Tiznit,Pharmacie ElMers Tiznit,Tiznit,,Tiznit
4737,Pharmacie Afrag,0528600788,Pharmacie Afrag TIZNIT,Pharmacie Afrag Tiznit,Tiznit,,Tiznit
6270,Pharmacie AlKairaouane,0528865984,Pharmacie AlKairaouane TIZNIT,Pharmacie AlKairaouane Tiznit,Tiznit,,Tiznit
8337,Pharmacie La Santé,0528602526,Pharmacie La Santé TIZNIT,Pharmacie La Santé Tiznit,Tiznit,00H A 09H,Tiznit
8120,Pharmacie Ibn Sina,0528860285,Pharmacie Ibn Sina TIZNIT,Pharmacie Ibn Sina Tiznit,Tiznit,09H A 21H,Tiznit
8751,Pharmacie Tighmi,0528616028,Pharmacie Tighmi TIZNIT,Pharmacie Tighmi Tiznit,Tiznit,,Tiznit
7945,Pharmacie Essaidia,0528602813,Pharmacie Essaidia TIZNIT,Pharmacie Essaidia Tiznit,Tiznit,,Tiznit
8298,Pharmacie Ikram,0528602185,Pharmacie Ikram TIZNIT,Pharmacie Ikram Tiznit,Tiznit,,Tiznit
9722,Pharmacie la Plaine du Souss,0528861741,65  Pl. Mechouar   Tiznit - Maroc,Pharmacie la Plaine du Souss Tiznit,Tiznit,,Tiznit
9710,Pharmacie de Tiznit,0528862302,126  rue Hamam   Tiznit - Maroc,Pharmacie de Tiznit Tiznit,Tiznit,,Tiznit
9740,Pharmacie de Tiznit,0528862302,126  rue Hamam   Tiznit - Maroc,Pharmacie de Tiznit Tiznit,Tiznit,,Tiznit
9752,Pharmacie la Plaine du Souss,0528861741,65  Pl. Mechouar   Tiznit - Maroc,Pharmacie la Plaine du Souss Tiznit,Tiznit,,Tiznit
8646,Pharmacie Provinciale,0528600775,Pharmacie Provinciale TIZNIT,Pharmacie Provinciale Tiznit,Tiznit,,Tiznit
7243,Pharmacie Charif Idrissi,0528602525,Pharmacie Charif Idrissi TIZNIT,Pharmacie Charif Idrissi Tiznit,Tiznit,,Tiznit
6865,Pharmacie Atlas,0528601534,Pharmacie Atlas TIZNIT,Pharmacie Atlas Tiznit,Tiznit,,Tiznit
8669,Pharmacie Route Goulmim,0528866778,Pharmacie Route Goulmim TIZNIT,Pharmacie Route Goulmim Tiznit,Tiznit,,Tiznit
7842,Pharmacie Erac,0528300346,Pharmacie Erac TIZNIT,Pharmacie Erac Tiznit,Tiznit,,Tiznit
6651,Pharmacie AlMassira,0528600228,Pharmacie AlMassira TIZNIT,Pharmacie AlMassira Tiznit,Tiznit,,Tiznit
8644,Pharmacie Ouled Jerrar,0528619393,Pharmacie Ouled Jerrar TIZNIT,Pharmacie Ouled Jerrar Tiznit,Tiznit,,Tiznit
3218,Pharmacie Abouzaid,0528864590,Pharmacie Abouzaid TIZNIT,Pharmacie Abouzaid Tiznit,Tiznit,,Tiznit
8230,Pharmacie Idzekri,0528601717,Pharmacie Idzekri TIZNIT,Pharmacie Idzekri Tiznit,Tiznit,,Tiznit
7663,Pharmacie ElMers,0626417041,Pharmacie ElMers TIZNIT,Pharmacie ElMers Tiznit,Tiznit,,Tiznit
10120,Pharmacie El Hoda,0528770303,bd Amane Ouchen Guelmim ,Pharmacie El Hoda Guelmim ,Guelmim ,,Guelmim
3849,Pharmacie Sabor,0528771888,157  av. Abainou   Guelmim,Pharmacie Sabor Guelmim,Guelmim,,Guelmim
1421,Pharmacie Beddine,0528771760,av Tan Tan  Guelmim,Pharmacie Beddine Guelmim,Guelmim,,Guelmim
1591,La Grande Pharmacie de Guelmim,0528872015,Avenue Al Massira angle av. Youssef Ben Tachefine  Guelmim,La Grande Pharmacie de Guelmim Guelmim,Guelmim,09H A 21H,Guelmim
5086,Pharmacie Bab Sahra,0528872426,22  av des Far   Guelmim,Pharmacie Bab Sahra Guelmim,Guelmim,,Guelmim
4749,Pharmacie du Palais,0528771030,179  av. ElMassira place 20 Août   Guelmim,Pharmacie du Palais Guelmim,Guelmim,,Guelmim
254,Pharmacie Oumaima,0528772838,av. Ibn Rochd   Guelmim,Pharmacie Oumaima Guelmim,Guelmim,,Guelmim
4819,Pharmacie Charia Al Wad,0528772853,bd Moulay Hicham   Al Wad  Guelmim,Pharmacie Charia Al Wad Guelmim,Guelmim,,Guelmim
148,Pharmacie de la Santé,0528771891,130  bd. Agadir   Guelmim,Pharmacie de la Santé Guelmim,Guelmim,09H A 21H,Guelmim
7284,Pharmacie Ichraq,0528770543,hay Essaadiyine   rue 20 n°20  Guelmim,Pharmacie Ichraq Guelmim,Guelmim,,Guelmim
570,Pharmacie centrale,0528872148,37  Boulevard Mohammed V   Guelmim,Pharmacie centrale Guelmim,Guelmim,09H A 21H,Guelmim
7397,Pharmacie Amhirich,0528773284,av 3 Mars   rte de Tan Tan  GUELMIM,Pharmacie Amhirich Guelmim,Guelmim,,Guelmim
7516,Pharmacie Tayert,0528873795,av Ibnou Sina   hay Tayert  Guelmim,Pharmacie Tayert Guelmim,Guelmim,,Guelmim
3952,Pharmacie Ben Tahr,0528771314,56  av Allal Ben Abdellah   hay Al Massira II  Guelmim,Pharmacie Ben Tahr Guelmim,Guelmim,,Guelmim
2409,Pharmacie Oued Noun,0528873848,av. Hassan II   n°40  Guelmim,Pharmacie Oued Noun Guelmim,Guelmim,00H A 09H,Guelmim
6046,Pharmacie Principale,0528873184,Pharmacie Principale GUELMIM,Pharmacie Principale Guelmim,Guelmim,,Guelmim
8951,Pharmacie Moderne,0528772460,bd Ibn Toumert n°314/316   Guelmim - Maroc   ,Pharmacie Moderne Guelmim,Guelmim,,Guelmim
5288,Pharmacie AlMassira,0528873422,192  rue AlMassira   Guelmim,Pharmacie AlMassira Guelmim,Guelmim,,Guelmim
2129,Pharmacie du Souk,0528872013,"place Hassan II , n°90 Guelmim",Pharmacie du Souk Guelmim,Guelmim,,Guelmim
4196,Pharmacie Route d'Ifni,0528871110,415  Av. Hassan II    Guelmim,Pharmacie Route d'Ifni Guelmim,Guelmim,,Guelmim
6899,Pharmacie Nouvelle,0528770488,162  av. Mehdi Ben Toumert   GUELMIM,Pharmacie Nouvelle Guelmim,Guelmim,,Guelmim
1667,Pharmacie Almahatta,0528872394,136  av. Ibn Battouta   Guelmim,Pharmacie Almahatta Guelmim,Guelmim,,Guelmim
8987,Pharmacie du Peuple,0528772816,138  av ElKourchi   Guelmim - Maroc  ,Pharmacie du Peuple Guelmim,Guelmim,,Guelmim
2052,Pharmacie Sidi El Ghazi,0528772080,293  av. des F.a.r   Guelmim,Pharmacie Sidi El Ghazi Guelmim,Guelmim,,Guelmim
6440,Pharmacie l'Hopital,0528872278,181  av. Aabouda   GUELMIM,Pharmacie l'Hopital Guelmim,Guelmim,,Guelmim
3408,Pharmacie Chifaa,0528770545,382  av Hassan II   Guelmim,Pharmacie Chifaa Guelmim,Guelmim,,Guelmim
411,Pharmacie du Sud,0528873474,av Med VI   route d'Agadir  Guelmim,Pharmacie du Sud Guelmim,Guelmim,,Guelmim
9005,Pharmacie Corniche,0528774700,bd Ibn Batouta   Guelmim - Maroc   ,Pharmacie Corniche Guelmim,Guelmim,,Guelmim
5124,Pharmacie Tafilalet,0528771832,44  av. Youssef Ibn Tachfine   Guelmim,Pharmacie Tafilalet Guelmim,Guelmim,,Guelmim
4297,Pharmacie Guelmim,0528873055,212  place Bir Anzarane   Guelmim,Pharmacie Guelmim Guelmim,Guelmim,,Guelmim
6192,Pharmacie Ifrane,0528788950,Pharmacie Ifrane GUELMIM,Pharmacie Ifrane Guelmim,Guelmim,,Guelmim
238,Pharmacie Lotfi,0528872216,56  bd. Mehdi Ben Toumert   Guelmim,Pharmacie Lotfi Guelmim,Guelmim,,Guelmim
4002,Pharmacie Arrahma,0528870720,bd Prince Héritier   Guelmim,Pharmacie Arrahma Guelmim,Guelmim,,Guelmim
5656,Pharmacie Mouqaouama,0528770354,30  av. Mouqaouama   Guelmim,Pharmacie Mouqaouama Guelmim,Guelmim,,Guelmim
2262,Pharmacie Kenza,0528873655,"av. 3 Mars , Rte de Tan Tan Guelmim",Pharmacie Kenza Guelmim,Guelmim,,Guelmim
1821,Pharmacie Assalam,0528772155,189  bd Hassan I   Nwader  Guelmim,Pharmacie Assalam Guelmim,Guelmim,,Guelmim
7779,Pharmacie Dakhla,0528871288,av. Ibn Toumert (jdid)   hay Miri  Guelmim,Pharmacie Dakhla Guelmim,Guelmim,,Guelmim
7327,Pharmacie Al Azhar,0528871819,59  av Tayert   hay Adarissa II  GUELMIM,Pharmacie Al Azhar Guelmim,Guelmim,,Guelmim
7704,Pharmacie Jamal,0528871100,257  av. Al Moukaouama GUELMIM,Pharmacie Jamal Guelmim,Guelmim,,Guelmim
9135,Pharmacie Meryem,0649941730,32  bd Hassan II    Guelmim - Maroc   ,Pharmacie Meryem Guelmim,Guelmim,,Guelmim
5115,Pharmacie Sahara,0528877573,106  bd Hassan II   Tan tan,Pharmacie Sahara Tan Tan,Tan tan,,TanTan
484,Pharmacie la Résistance,0528877777,av la Résistance   Tan tan,Pharmacie la Résistance Tan Tan,Tan tan,,TanTan
565,Pharmacie Hay El Massira,0528765614,hay Al Massira   bloc 3 n°2  Tan tan,Pharmacie Hay El Massira Tan Tan,Tan tan,,TanTan
2660,Pharmacie Al Mahata,0528878066,bd Mohammed V ang rue ouled Tidrarine  Tan tan,Pharmacie Al Mahata Tan Tan,Tan tan,,TanTan
3179,Pharmacie Zineb,0528879299,Pharmacie Zineb TAN TAN,Pharmacie Zineb Tan Tan,Tan tan,,TanTan
8200,Pharmacie AlFajr,0528878895,Pharmacie AlFajr TAN TAN,Pharmacie AlFajr Tan Tan,Tan tan,,TanTan
1556,Pharmacie Meryame,0528766868,Hay Al Jadid   Tan tan,Pharmacie Meryame Tan Tan,Tan tan,,TanTan
70,Pharmacie de Tantan,0528877073,106  Boulevard Mohamed V   Tan tan,Pharmacie de Tantan Tan Tan,Tan tan,,TanTan
4471,Pharmacie Chaâb,0528765673,1  av Mokhtar Soussi   Tan tan,Pharmacie Chaâb Tan Tan,Tan tan,,TanTan
1706,Pharmacie Al Masjid,0528766222,7  av Chahid Mehdi Bouya   hay Sahara  Tan tan,Pharmacie Al Masjid Tan Tan,Tan tan,,TanTan
7785,Pharmacie Andalous,0528765252,hay Sahara   bloc C n°7  Tan tan,Pharmacie Andalous Tan Tan,Tan tan,,TanTan
7678,Pharmacie Ennour,0528765799,32  rue Ecole Lalla Meryem   TAN TAN,Pharmacie Ennour Tan Tan,Tan tan,,TanTan
805,Pharmacie Centrale,0528877344,276  bd. Mohamed V   TAN TAN,Pharmacie Centrale Tan Tan,Tan tan,,TanTan
9264,Pharmacie Chifaa,0528766916,hay Ain Rahma   rue 18  Tan Tan - Maroc   ,Pharmacie Chifaa Tan tan,Tan tan,,TanTan
773,Pharmacie Almadina,0528877264,52  rue Tarfaya   Tan tan,Pharmacie Almadina Tan Tan,Tan tan,garde 24h/24,TanTan
4610,Pharmacie Bir Anzarane,0528878478,88  av. Bir Anzaran   Tan tan,Pharmacie Bir Anzarane Tan Tan,Tan tan,,TanTan
8794,Pharmacie Tiguiria,0528765872,hay Tiguiria  Tan tan,Pharmacie Tiguiria Tan tan,Tan tan,garde 24h/24,TanTan
4050,Pharmacie de l'Hôpital,0528765140,Hay Sahara   Bloc D n°5  Tan tan,Pharmacie de l'Hôpital Tan Tan,Tan tan,,TanTan
8050,Pharmacie AlJanoub,0528765454,190  bd Bir Anzarane   Tan tan,Pharmacie AlJanoub Tan Tan,Tan tan,,TanTan
8787,Pharmacie AlFath,0528765161,"bd AlFath , hay AlJadid Tan tan",Pharmacie AlFath Tan tan,Tan tan,,TanTan
1295,Pharmacie Ichbilia,0528765859,55  rue Ichbilia - Autre ville   bloc Z  Tan tan,Pharmacie Ichbilia Tan Tan,Tan tan,,TanTan
317,Pharmacie Avenue Assalam,0528766333,67  av Assalam   hay Jadid  Tan tan,Pharmacie Avenue Assalam Tan Tan,Tan tan,,TanTan
8589,Pharmacie Mekka,0527575127,Pharmacie Mekka TAN TAN,Pharmacie Mekka Tan Tan,Tan tan,,TanTan
9262,Pharmacie Bouanane,0528765774,519  av. Mohamed V   Ain Rahma  Tan Tan - Maroc   ,Pharmacie Bouanane Tan tan,Tan tan,,TanTan
8301,Pharmacie Ibn Sina,0528765118,hay Nahda   n°65  Tan tan,Pharmacie Ibn Sina Tan Tan,Tan tan,,TanTan
7592,Pharmacie Akhfennir,0528765585,Pharmacie Akhfennir,Pharmacie Akhfennir Akhfennir,Akhfennir,,TanTan
1642,Pharmacie Gharnata,0808521255,10  hay nouader   Zrouila  Guelmim,Pharmacie Gharnata Guelmim,Guelmim,,TanTan
182,Pharmacie Al Mokhtar Soussi,0528773319,bd Mokhtar Soussi   Guelmim,Pharmacie Al Mokhtar Soussi Guelmim,Guelmim,,TanTan
7481,Pharmacie Al Fath,0528770170,29  lotiss. Al Fath   Guelmim,Pharmacie Al Fath Guelmim,Guelmim,,TanTan
8367,Pharmacie Plage Blanche,0528871377,av Hassan II   rte d'Ifni hay Rahma  Guelmim,Pharmacie Plage Blanche Guelmim,Guelmim,,TanTan
8784,Pharmacie Hôpital Régional,0808560362,hay Arrahma - Autre ville   rte Sidi Ifni bloc 3  Guelmim,Pharmacie Hôpital Régional Guelmim,Guelmim,,TanTan
8309,Pharmacie Route Smara,0528980512,bd ssmara (mahajj mohammed 6)-près du banque populaire al wahda et café sonbola LAAYOUNE,Pharmacie Route Smara Laayoune,Laâyoune,,Laayoune
6398,Pharmacie Laâyoune,0528892357,153  av Jamal Eddine Afghani   LAAYOUNE,Pharmacie Laâyoune Laayoune,Laâyoune,,Laayoune
7889,Pharmacie Rabab,0528992424,av albaat  hay elqods n°82 LAAYOUNE,Pharmacie Rabab Laayoune,Laâyoune,,Laayoune
3007,Pharmacie Farhana,0527652211,354  av Mecque   rte. Smara  LAAYOUNE,Pharmacie Farhana Laayoune,Laâyoune,,Laayoune
6853,Pharmacie Mokhayam,0623274404,"bd la poste mokhayam, hay moulay rachid, près de aswak marhaba Laayoune",Pharmacie Mokhayam Laayoune,Laâyoune,,Laayoune
6196,Pharmacie Kalinoss,0528985462,"bd abd moumen mouahid, derrière hotel salwan, tél mobile: 06 23 69 25 55 Laayoune",Pharmacie Kalinoss Laayoune,Laâyoune,garde 24h/24,Laayoune
3110,Pharmacie Granada,0528990766,170  av. mezouar LAAYOUNE,Pharmacie Granada Laayoune,Laâyoune,,Laayoune
6017,Pharmacie Ibn Sina,0528890361,252  bd mzouar LAAYOUNE,Pharmacie Ibn Sina Laayoune,Laâyoune,,Laayoune
3121,Pharmacie Grande Pharmacie,0528980041,lot 204 bloc F   cité Mly Rachid  LAAYOUNE,Pharmacie Grande Pharmacie Laayoune,Laâyoune,,Laayoune
79,Pharmacie Aicha,0528894864,312  rue Zaouiat Cheikh   Khatramla  LAAYOUNE,Pharmacie Aicha Laayoune,Laâyoune,,Laayoune
6729,Pharmacie Mekka,0528892028,route ssmara (près du supermarché wenni) LAAYOUNE,Pharmacie Mekka Laayoune,Laâyoune,,Laayoune
316,Pharmacie Al Andalous,0699152704,bd qaid nnajem (près du mosquée lahouhom) Laayoune,Pharmacie Al Andalous Laayoune,Laâyoune,,Laayoune
2934,Pharmacie ElAndalous,0528994123,av Kayd Najem   LAAYOUNE,Pharmacie ElAndalous Laayoune,Laâyoune,,Laayoune
8409,Pharmacie Samid,0528892735,"hay nahda, en face du petit rond-point dans le bd entre station pitrom sahara et la nouvelle mosquée du quartier nahda bilal ibn rabah dans hay moulay rachid Laayoune",Pharmacie Samid Laayoune,Laâyoune,,Laayoune
7134,Pharmacie Najib,0528992662,259 X av Bir Jdid   LAAYOUNE,Pharmacie Najib Laayoune,Laâyoune,,Laayoune
6909,Pharmacie Moulay Rachid,0528890378,"hay moulay rchid (lirak), bd zerktouni, pres de l'ecole allal bn abdellah Laayoune",Pharmacie Moulay Rachid Laayoune,Laâyoune,,Laayoune
1363,Pharmacie AlFath,0528991488,av alforsane   lot n°707   hay qods LAAYOUNE,Pharmacie AlFath Laayoune,Laâyoune,,Laayoune
1617,Pharmacie AlQods,0528990010,bd AlQods   hay mly Rachid  LAAYOUNE,Pharmacie AlQods Laayoune,Laâyoune,,Laayoune
7989,Pharmacie Ras AlKhaima,0528996332,boulevard ras alkhaima - 06 76 71 15 31  LAAYOUNE,Pharmacie Ras AlKhaima Laayoune,Laâyoune,,Laayoune
10145,Pharmacie Al Qimma,0528984141,hay Moulay Rachid Laâyoune ,Pharmacie Al Qimma Laâyoune ,Laâyoune ,,Laayoune
519,Pharmacie Al Fadl,0528990454,"bd al qods, près du cabinet du dr al khattabi Laayoune",Pharmacie Al Fadl Laayoune,Laâyoune,,Laayoune
1319,Pharmacie Al Yousr,0528996584,"rue smara, immeuble kharif Laayoune",Pharmacie Al Yousr Laayoune,Laâyoune,,Laayoune
10164,Pharmacie Mohamed,0528980103,hay Moulay Rachid hay Moulay Rachid Laâyoune,Pharmacie Mohamed Laâyoune,Laâyoune,,Laayoune
540,Pharmacie Al Haramain,0528997799,"boulevard zaid ibn tabit, lotissement al wahda Laayoune",Pharmacie Al Haramain Laayoune,Laâyoune,,Laayoune
24,Pharmacie Abadila,0528990073,232  bd skkima LAAYOUNE,Pharmacie Abadila Laayoune,Laâyoune,,Laayoune
3128,Pharmacie Grande Pharmacie Skikima,0528992371,424  av skikima   hay wahda i LAAYOUNE,Pharmacie Grande Pharmacie Skikima Laayoune,Laâyoune,,Laayoune
7615,Pharmacie Oued Eddahab,0528891037,av Mekka   route Smara  LAAYOUNE,Pharmacie Oued Eddahab Laayoune,Laâyoune,,Laayoune
68,Pharmacie Achraf,0528893975,153  bd skikima   chadma 1 LAAYOUNE,Pharmacie Achraf Laayoune,Laâyoune,,Laayoune
9323,Pharmacie Avenue Habouha,0663153319,rue Omar Ibn El Ass   hay Al Moustakbal  Laâyoune - Maroc   ,Pharmacie Avenue Habouha Laâyoune,Laâyoune,,Laayoune
3215,Pharmacie Hagounia,0618688947,"bd boukraa, entre attijari wafa bank et le centre de santé Laayoune",Pharmacie Hagounia Laayoune,Laâyoune,,Laayoune
7567,Pharmacie Omm Saad,0528994574,"bd boukraa, numéro 140, près de rhiba Laayoune",Pharmacie Omm Saad Laayoune,Laâyoune,,Laayoune
2213,Pharmacie Azzahra,0528997998,hay moulay rachid - boulevard maghreb arabe Laayoune,Pharmacie Azzahra Laayoune,Laâyoune,,Laayoune
2980,Pharmacie Erraha,0528892126,707  av de la mécque   rte de smara Laayoune,Pharmacie Erraha Laayoune,Laâyoune,,Laayoune
2497,Pharmacie Chaabia,0528890402,"bd boukraa, près du rond-point Laayoune",Pharmacie Chaabia Laayoune,Laâyoune,,Laayoune
1988,Pharmacie Arrahma,0528893833,place jamaa derhem Laayoune,Pharmacie Arrahma Laayoune,Laâyoune,,Laayoune
3175,Pharmacie Habiba,0528894649,"douirat, près de la mosquée douirat - mobile: 06 63 08 34 91 Laayoune",Pharmacie Habiba Laayoune,Laâyoune,,Laayoune
7846,Pharmacie Principale,0528892227,bd boukrâa LAAYOUNE,Pharmacie Principale Laayoune,Laâyoune,,Laayoune
6791,Pharmacie Meryem,0528984734,31  rue salmane el farissi - autre ville   hay erraha Laayoune,Pharmacie Meryem Laayoune,Laâyoune,,Laayoune
9480,Pharmacie  25 Mars,0525136777,139  avenue 30   hay 25 Mars  Laâyoune - Maroc   ,Pharmacie  25 Mars Laâyoune,Laâyoune,,Laayoune
5857,Pharmacie Hôpital Universitaire 25 Mars,0663686611,25 mars numéro 258 bloc w en face de dar al hayat Laayoune,Pharmacie Hôpital Universitaire 25 Mars Laayoune,Laâyoune,,Laayoune
3206,Pharmacie Lemsagued,0658979826,2038  hay Essalam - Autre ville   Dakhla,Pharmacie Lemsagued Dakhla,Dakhla,,Dakhla
1494,Pharmacie Souk,0669174363,94  bd Skarna hay Al Ouakala  Al Wahda  Dakhla,Pharmacie Souk Dakhla,Dakhla,,Dakhla
7089,Pharmacie Arrahma,0528930875,30  bd Houcine Ben Jelloune   Massira 3  DAKHLA,Pharmacie Arrahma Dakhla,Dakhla,,Dakhla
2544,Pharmacie Oued Achiaf,0528930941,632  hay El Hassani   Dakhla,Pharmacie Oued Achiaf Dakhla,Dakhla,,Dakhla
7958,Pharmacie Oued Chiaf,0610106018,Pharmacie Oued Chiaf DAKHLA,Pharmacie Oued Chiaf Dakhla,Dakhla,,Dakhla
6133,Pharmacie AlJazira,0528930655,bd AlMasjid n°16   Massira 1  DAKHLA,Pharmacie AlJazira Dakhla,Dakhla,,Dakhla
1584,Pharmacie Aousserd,0528897536,hay Oum Tounssi   n°1  Dakhla,Pharmacie Aousserd Dakhla,Dakhla,,Dakhla
7823,Pharmacie AlWahda,0528898585,av. Laâchariat 1/1764   DAKHLA,Pharmacie AlWahda Dakhla,Dakhla,,Dakhla
10059,Pharmacie Al Janoub,0525338866,hay AlMasjid Dakhla,Pharmacie Al Janoub Dakhla,Dakhla,,Dakhla
6033,Pharmacie Sidi Ahmed Laaroussi,0528930639,1249  rue Sidi Ahmed Laâroussi   DAKHLA,Pharmacie Sidi Ahmed Laaroussi Dakhla,Dakhla,,Dakhla
6667,Pharmacie du Port,0610463465,hay Assalam   bd Nouveau Port  DAKHLA,Pharmacie du Port Dakhla,Dakhla,,Dakhla
9231,Pharmacie Marjia Aya,0667902528,60  bd Bahnini   Dakhla - Maroc   ,Pharmacie Marjia Aya Dakhla,Dakhla,,Dakhla
7456,Pharmacie Moulay Rachid,0528897880,Hay Moulay Rachid   DAKHLA,Pharmacie Moulay Rachid Dakhla,Dakhla,,Dakhla
2399,Pharmacie Al Marjia,0808588864,8  av. Habouha ben Soudani   Dakhla,Pharmacie Al Marjia Dakhla,Dakhla,,Dakhla
6282,Pharmacie Ouali,0528931849,3  Av. Bahnini   DAKHLA,Pharmacie Ouali Dakhla,Dakhla,,Dakhla
8544,Pharmacie AlMoukaouama,0528930511,bd AlMoukaouama   n°1-906  DAKHLA,Pharmacie AlMoukaouama Dakhla,Dakhla,,Dakhla
6929,Pharmacie AlAkhawayne,0528930152,116  bd AlMasjid   Massira I  DAKHLA,Pharmacie AlAkhawayne Dakhla,Dakhla,,Dakhla
2451,Pharmacie Bir Guendouz,0808593597,hay El Aouda   Dakhla,Pharmacie Bir Guendouz Dakhla,Dakhla,,Dakhla
7865,Pharmacie des Sables,0528930808,1  av Al Walae   hay El Kassam II  DAKHLA,Pharmacie des Sables Dakhla,Dakhla,,Dakhla
8421,Pharmacie AlMassira,0528930093,57  bd. Abderrahim Bouabid  Hay ElMassira II   DAKHLA,Pharmacie AlMassira Dakhla,Dakhla,,Dakhla
873,Pharmacie Nahda,0528932141,97  hay Nahda - Autre ville   Dakhla,Pharmacie Nahda Dakhla,Dakhla,,Dakhla
6390,Pharmacie AlOuazzani,0528898060,Pharmacie AlOuazzani DAKHLA,Pharmacie AlOuazzani Dakhla,Dakhla,,Dakhla
3187,Pharmacie Menhour,0618086592,617  lot Al Wahda    Dakhla,Pharmacie Menhour Dakhla,Dakhla,,Dakhla
905,Pharmacie Imane,0528934386,12  hay oued Achiaf   Dakhla,Pharmacie Imane Dakhla,Dakhla,,Dakhla
2702,Pharmacie Haramayne,0606051895,hay Nahda - Autre ville   Dakhla,Pharmacie Haramayne Dakhla,Dakhla,,Dakhla
8341,Pharmacie la Santé,0528930842,Pharmacie la Santé DAKHLA,Pharmacie la Santé Dakhla,Dakhla,,Dakhla
1329,Pharmacie Oued Dahab,0528898125,1  av. El Hassan El Ouazzani   Dakhla,Pharmacie Oued Dahab Dakhla,Dakhla,,Dakhla
8429,Pharmacie Ennakhil,0528930374,Pharmacie Ennakhil DAKHLA,Pharmacie Ennakhil Dakhla,Dakhla,,Dakhla
985,Pharmacie Khalij Dakhla,0528932750,21  q. industriel   Dakhla,Pharmacie Khalij Dakhla Dakhla,Dakhla,,Dakhla
7126,Pharmacie le Sahara,0528897921,275  bd ElWalaa   DAKHLA,Pharmacie le Sahara Dakhla,Dakhla,,Dakhla
6615,Pharmacie Hadji,0528931004,1070  bd Ba Hnini   hay Assalam  DAKHLA,Pharmacie Hadji Dakhla,Dakhla,,Dakhla
8168,Pharmacie ElWalaa,0528898606,Pharmacie ElWalaa DAKHLA,Pharmacie ElWalaa Dakhla,Dakhla,,Dakhla
9,Pharmacie Dar Dwa,0528898078,7  hay Annahda   Dakhla,Pharmacie Dar Dwa Dakhla,Dakhla,,Dakhla
6812,Pharmacie Fadlallah,0528898117,bd Bahnini   q. Rahma  5 n°56  DAKHLA,Pharmacie Fadlallah Dakhla,Dakhla,,Dakhla
8224,Pharmacie AlKassam,0528931557,Pharmacie AlKassam DAKHLA,Pharmacie AlKassam Dakhla,Dakhla,,Dakhla
627,Pharmacie Pasteur,0777196156,7  av. Al Walae   Dakhla,Pharmacie Pasteur Dakhla,Dakhla,,Dakhla
8596,Pharmacie Al Bouchra,0630109130,hay Essalam   DAKHLA,Pharmacie Al Bouchra Dakhla,Dakhla,,Dakhla
9208,Pharmacie Al Baraka,0528931888,27  hay Al Kassam   Walaa A  Dakhla - Maroc   ,Pharmacie Al Baraka Dakhla,Dakhla,,Dakhla
6173,Pharmacie Sud,0528898457,43  rue Al Kandil   hay AlMasjid  DAKHLA,Pharmacie Sud Dakhla,Dakhla,,Dakhla
7554,Pharmacie Hay El Hassani,0610091112,3  hay El Hassani   DAKHLA,Pharmacie Hay El Hassani Dakhla,Dakhla,,Dakhla
6537,Pharmacie Saghrou,0535884255,Pharmacie Saghrou ERRACHIDIA,Pharmacie Saghrou Errachidia,Errachidia,,Errachidia
6868,Pharmacie Boutalamine,0535571368,20  bd Dakhla   Boutalamine  ERRACHIDIA,Pharmacie Boutalamine Errachidia,Errachidia,,Errachidia
6221,Pharmacie Gourama,0535888214,Pharmacie Gourama ERRACHIDIA,Pharmacie Gourama Errachidia,Errachidia,,Errachidia
96,Pharmacie Chifae,0535571443,27  rue Knadssa   Errachidia,Pharmacie Chifae Errachidia,Errachidia,,Errachidia
1582,Pharmacie des Vallées,0535572464,Place de la mosquée   Errachidia,Pharmacie des Vallées Errachidia,Errachidia,,Errachidia
804,Pharmacie Errachidia,0535572339,5  av Zerktouni   Errachidia,Pharmacie Errachidia Errachidia,Errachidia,,Errachidia
2994,Pharmacie ElMasjid,0535571379,76  rue Moulay Abdellah Ben Ali   Errachidia,Pharmacie ElMasjid Errachidia,Errachidia,,Errachidia
6504,Pharmacie Al Fath,0535572038,91  bd Moulay Ali Cherif   ERRACHIDIA,Pharmacie Al Fath Errachidia,Errachidia,,Errachidia
2938,Pharmacie Al Mountazah,0535791705,528 X lotiss. Oued Eddahab   Errachidia,Pharmacie Al Mountazah Errachidia,Errachidia,,Errachidia
5458,Pharmacie La Nouvelle,0535572075,ouled Elhaj   rue 37 n°28  Errachidia,Pharmacie La Nouvelle Errachidia,Errachidia,,Errachidia
7403,Pharmacie la Santé,0535790214,Ain Al Ati 1   bloc 18 n°1282  ERRACHIDIA,Pharmacie la Santé Errachidia,Errachidia,,Errachidia
3619,Pharmacie Ennakhil,0535571898,95  bd Al Alaouiyine   Al Mouhit  Errachidia,Pharmacie Ennakhil Errachidia,Errachidia,,Errachidia
2711,Pharmacie Ifegh,0535794623,1157  rue de la Mosquée - Autre ville   Fraternite  Errachidia,Pharmacie Ifegh Errachidia,Errachidia,,Errachidia
5117,Pharmacie L'habitat,0535574285,rue Abdelkrim Khattabi   N.H  Errachidia,Pharmacie L'habitat Errachidia,Errachidia,,Errachidia
3227,Pharmacie Hôpital,0535574597,2  rue Ait Khlifa   l'Habitat  Errachidia,Pharmacie Hôpital Errachidia,Errachidia,00H A 09H,Errachidia
7476,Pharmacie Errazi,0535790184,54  av My Abdellah   boutalamine  Errachidia,Pharmacie Errazi Errachidia,Errachidia,,Errachidia
7428,Pharmacie Al Aati,0535791918,70  lot Ain Al Aati 2   Errachidia,Pharmacie Al Aati Errachidia,Errachidia,,Errachidia
4629,Pharmacie Al Waha,0535791914,810  lot Boutalamine   Errachidia,Pharmacie Al Waha Errachidia,Errachidia,00H A 09H,Errachidia
7302,Pharmacie Ibn Sina,0535571925,32  lotiss. Municipalité   Errachidia,Pharmacie Ibn Sina Errachidia,Errachidia,,Errachidia
4666,Pharmacie Al Massira,0535571371,Cité ElMassira   rue 1 n°44  Errachidia,Pharmacie Al Massira Errachidia,Errachidia,,Errachidia
7384,Pharmacie Al Amal,0535570568,hay Touchka   rue 1 n°3  ERRACHIDIA,Pharmacie Al Amal Errachidia,Errachidia,,Errachidia
8242,Pharmacie Eddakhla,0535790719,10  av Dakhla   Errachidia,Pharmacie Eddakhla Errachidia,Errachidia,,Errachidia
10051,Pharmacie Atlas,0535589967,av. Abou Salim Al Ayachi Errachidia,Pharmacie Atlas Errachidia ,Errachidia ,,Errachidia
7641,Pharmacie AlMoustakbal,0535570195,1 X lot Municipalité   Errachidia,Pharmacie AlMoustakbal Errachidia,Errachidia,,Errachidia
9349,Pharmacie Arroqay,0707817469,91  Rte Errachidia   souk El Had  Errachidia - Maroc   ,Pharmacie Arroqay Errachidia,Errachidia,,Errachidia
9122,Pharmacie Al Oum Aicha,0535791552,Cité Al Massira   rue 21 n°13  Errachidia - Maroc   ,Pharmacie Al Oum Aicha Errachidia,Errachidia,,Errachidia
1383,Pharmacie Lahdeb,0535570479,Cité Al Massira   rue 1 n°68  Errachidia,Pharmacie Lahdeb Errachidia,Errachidia,,Errachidia
1045,Pharmacie Masjid Targa Jdida,0535791337,36  Targa Jdida   rue 16  Errachidia,Pharmacie Masjid Targa Jdida Errachidia,Errachidia,,Errachidia
1730,Pharmacie Messaoudia,0535574782,lot Boutalamine   bloc 17 n°67  Errachidia,Pharmacie Messaoudia Errachidia,Errachidia,,Errachidia
8803,Pharmacie Targa,0535571416,"Targa Jdida , rue 50 n°5 Errachidia",Pharmacie Targa Errachidia,Errachidia,,Errachidia
10155,Pharmacie Zerktouni,0750281197,Errachidia,Pharmacie Zerktouni Errachidia,Errachidia,,Errachidia
6573,Pharmacie Fdail,0535783567,Pharmacie Fdail ERRACHIDIA,Pharmacie Fdail Errachidia,Errachidia,,Errachidia
4718,Pharmacie L'Aéroport,0535790949,2  oulad Elhaj   rte 21  Errachidia,Pharmacie L'Aéroport Errachidia,Errachidia,09H A 21H,Errachidia
3078,Pharmacie Al Inara,0535570009,lotiss. Almostakbal   n°194  Errachidia,Pharmacie Al Inara Errachidia,Errachidia,,Errachidia
10122,Pharmacie Naim,0535474407," lotiss. Al Moustakbal , N°1 Errachidia ",Pharmacie Naim Errachidia,Errachidia,,Errachidia
4378,Pharmacie l'Université,0535574571,av Principal   Targa Jdida  Errachidia,Pharmacie l'Université Errachidia,Errachidia,,Errachidia
885,Pharmacie El Mamoun,0535790122,hay Oued Eddahab   lot n° 194  Errachidia,Pharmacie El Mamoun Errachidia,Errachidia,09H A 21H,Errachidia
7305,Pharmacie Azemmour,0535573269,Azemmour El Jadid   rue 2 n°16  ERRACHIDIA,Pharmacie Azemmour Errachidia,Errachidia,,Errachidia
2333,Pharmacie Ouled Lhaj,0535571950,72  oueld Lhaj   rue 34  Errachidia,Pharmacie Ouled Lhaj Errachidia,Errachidia,,Errachidia
9053,Pharmacie Ennour,0535791333,468  lotiss. Ain El Atti   Errachidia - Maroc   ,Pharmacie Ennour Errachidia,Errachidia,,Errachidia
7707,Pharmacie la Palmeraie,0524883234,hay Sidi Daoud   n°28  OUARZAZATE,Pharmacie la Palmeraie Ouarzazate,Ouarzazate,,Ouarzazate
7412,Pharmacie Sidi Daoud,0524883380,bd Mohammed V   lotiss. Tichka  OUARZAZATE,Pharmacie Sidi Daoud Ouarzazate,Ouarzazate,,Ouarzazate
7820,Pharmacie El Qods,0524883903,56  hay Al Qods   OUARZAZATE,Pharmacie El Qods Ouarzazate,Ouarzazate,,Ouarzazate
8806,Pharmacie Qods Al Maghreb,0524885669,67  hay Al Qods    Ouarzazate,Pharmacie Qods Al Maghreb Ouarzazate,Ouarzazate,,Ouarzazate
6023,Pharmacie Tassoumaate,0524887499,10  bd Mohammed V   OUARZAZATE,Pharmacie Tassoumaate Ouarzazate,Ouarzazate,,Ouarzazate
8420,Pharmacie Al Fadilia,0524886886,2  bd Mohammed V   lotiss. Ennader  Ouarzazate,Pharmacie Al Fadilia Ouarzazate,Ouarzazate,,Ouarzazate
7798,Pharmacie Rte de Zagora,0524854646,Pharmacie Rte de Zagora OUARZAZATE,Pharmacie Rte de Zagora Ouarzazate,Ouarzazate,,Ouarzazate
7271,Pharmacie la Kasbah,0524887900,av. Mohamed V  résid. AlWaha   OUARZAZATE,Pharmacie la Kasbah Ouarzazate,Ouarzazate,,Ouarzazate
9015,Pharmacie Ait Kdif,0524885577,Hay Ait Kdif   n°1066  Ouarzazate - Maroc   ,Pharmacie Ait Kdif Ouarzazate,Ouarzazate,,Ouarzazate
1765,Pharmacie Al Maghreb Al Arabi,0524888355,1398  bd Al Maghrib Al Arabi   cité Al Wahda  Ouarzazate,Pharmacie Al Maghreb Al Arabi Ouarzazate,Ouarzazate,,Ouarzazate
1372,Pharmacie Al Wahda,0524887990,311  av. Al Maghreb Al Arabi   lotiss. Al Wahda  Ouarzazate,Pharmacie Al Wahda Ouarzazate,Ouarzazate,,Ouarzazate
1545,Pharmacie Al Moussala,0524885533,550  hay Al Wahda   Ouarzazate,Pharmacie Al Moussala Ouarzazate,Ouarzazate,09H A 21H,Ouarzazate
7197,Pharmacie Chifa,0524883588,bd Moulay Rachid   imm. Daoudi  OUARZAZATE,Pharmacie Chifa Ouarzazate,Ouarzazate,,Ouarzazate
6285,Pharmacie l'hôpital,0524885500,78  bd Mohammed VI   OUARZAZATE,Pharmacie l'hôpital Ouarzazate,Ouarzazate,,Ouarzazate
305,Pharmacie du Sud,0524884000,rue El Mouahidine    lot du centre  Ouarzazate,Pharmacie du Sud Ouarzazate,Ouarzazate,,Ouarzazate
7730,Pharmacie centrale,0524882601,33  bd Mohammed V   OUARZAZATE,Pharmacie centrale Ouarzazate,Ouarzazate,,Ouarzazate
9063,Pharmacie l'Aéroport,0524886614,52  lot El Wahda  Erac   Ouarzazate - Maroc   ,Pharmacie l'Aéroport Ouarzazate,Ouarzazate,,Ouarzazate
7562,Pharmacie Sidi Hsein,0524882588,1  hay Sidi Hsein Ben Nacer   OUARZAZATE,Pharmacie Sidi Hsein Ouarzazate,Ouarzazate,,Ouarzazate
7432,Pharmacie Tarmigt,0524854848,Pharmacie Tarmigt OUARZAZATE,Pharmacie Tarmigt Ouarzazate,Ouarzazate,,Ouarzazate
6482,Pharmacie Principale,0524888837,129  lotiss. du centre   OUARZAZATE,Pharmacie Principale Ouarzazate,Ouarzazate,,Ouarzazate
7062,Pharmacie Adrar,0524835765,Pharmacie Adrar OUARZAZATE,Pharmacie Adrar Ouarzazate,Ouarzazate,,Ouarzazate
8474,Pharmacie l'oasis,0524854339,Pharmacie l'oasis OUARZAZATE,Pharmacie l'oasis Ouarzazate,Ouarzazate,,Ouarzazate
9662,La Grande Pharmacie de Tajda,0638382882,"Route de Zagora, Tajda, N9, Ouarzazate 45006",La Grande Pharmacie de Tajda Ouarzazate,Ouarzazate,,Ouarzazate
6263,Pharmacie Al Mansour,0524854534,Pharmacie Al Mansour OUARZAZATE,Pharmacie Al Mansour Ouarzazate,Ouarzazate,,Ouarzazate
6689,Pharmacie Annour,0524887373,place la Municipalité   bd. Med. V  OUARZAZATE,Pharmacie Annour Ouarzazate,Ouarzazate,,Ouarzazate
7614,Pharmacie Noumidia,0524888715,bd My Abdellah   OUARZAZATE,Pharmacie Noumidia Ouarzazate,Ouarzazate,,Ouarzazate
7746,Pharmacie la Résistance,0524884901,256  rue Moulay Tahar Ben Abdelkrim   cité la Résistance  Ouarzazate,Pharmacie la Résistance Ouarzazate,Ouarzazate,,Ouarzazate
6306,Pharmacie AlMasjid,0524890967,cité de la résistance bloc 18 n°18 bis  OUARZAZATE,Pharmacie AlMasjid Ouarzazate,Ouarzazate,,Ouarzazate
1684,Pharmacie la Renaissance,0524882203,Bd Mohammed V ang. place du 3 Mars   Ouarzazate,Pharmacie la Renaissance Ouarzazate,Ouarzazate,,Ouarzazate
3233,Pharmacie et Laboratoire d'Analyses Médicales du Sud,0524882828,16  av. El Mouahidine Bahja   Ouarzazate,Pharmacie et Laboratoire d'Analyses Médicales du Sud Ouarzazate,Ouarzazate,,Ouarzazate
2876,Pharmacie Al Massira,0524890505,44  hay Al Massira   Ouarzazate,Pharmacie Al Massira Ouarzazate,Ouarzazate,,Ouarzazate
9016,Pharmacie La Santé,0524888155,bd. Mohammed V   Ouarzazate - Maroc   ,Pharmacie La Santé Ouarzazate,Ouarzazate,,Ouarzazate
589,Pharmacie Dadouch,0524887852,hay Mohammadi   n°329  Ouarzazate,Pharmacie Dadouch Ouarzazate,Ouarzazate,00H A 09H,Ouarzazate
7373,Pharmacie la Gare Routière,0524886990,100  rue Moulay Tahar Ben Abdelkrim   bloc D cité la Résistance  Ouarzazate,Pharmacie la Gare Routière Ouarzazate,Ouarzazate,,Ouarzazate
6869,Pharmacie Al Hizame,0524888081,77  av. My Abdellah   OUARZAZATE,Pharmacie Al Hizame Ouarzazate,Ouarzazate,,Ouarzazate
10160,Pharmacie Nour El Baraka,0524884060,"hay Mohammadi , rue Al Haouz Ouarzazate ",Pharmacie Nour El Baraka  ouarzazate, Ouarzazate,,Ouarzazate
2271,Pharmacie Itrane,0669846770,bd Al Maghrib Al Arabi   Ouarzazate,Pharmacie Itrane Ouarzazate,Ouarzazate,,Ouarzazate
3069,Pharmacie Atlas,0524887877,av. Maghreb Al Arabi  Lot. El Wahda  n°1714   Ouarzazate,Pharmacie Atlas Ouarzazate,Ouarzazate,,Ouarzazate
9621,Pharmacie Ayour,0524888199,centre Agouime   Amerzgane  Ouarzazate - Maroc,Pharmacie Ayour Ouarzazate,Ouarzazate,,Ouarzazate
2586,Pharmacie Ibn Al Atik,0524884078,Av Moulay Abdellah   Lot chems 2  n° 65    Ouarzazate,Pharmacie Ibn Al Atik Ouarzazate,Ouarzazate,,Ouarzazate
8534,Pharmacie Zagora,0524847195,bd Mohammed V   ZAGORA,Pharmacie Zagora Zagora,Zagora,,Zagora
8260,Pharmacie ElBaraka,0524847687,17  bd Hassan II   ZAGORA,Pharmacie ElBaraka Zagora,Zagora,,Zagora
9023,Pharmacie Manssour Dahbi,0524838116,hay Mansour Dahbi   station Ahmed Benasser  Zagora    ,Pharmacie Manssour Dahbi Zagora,Zagora,,Zagora
9843,Pharmacie Attakafa,0524848175,hay Attadamoune   Ouidadiyate  Zagora - Maroc,Pharmacie Attakafa Zagora,Zagora,,Zagora
8401,Pharmacie Yassine,0524848719,278  bd Mohammed V   ZAGORA,Pharmacie Yassine Zagora,Zagora,,Zagora
8323,Pharmacie Rihane,0524846142,bd Mohammed V   hay ElMassira  ZAGORA,Pharmacie Rihane Zagora,Zagora,,Zagora
1039,Pharmacie Israe,0524848819,hay El Qods   Zagora,Pharmacie Israe Zagora,Zagora,,Zagora
9575,Pharmacie Ibn Sina (Avicenne),0524838469,bd Mohammed V    hay Assrir   Zagora - Maroc,Pharmacie Ibn Sina (Avicenne) Zagora,Zagora,,Zagora
9603,Pharmacie Amzrou,0524847490,hay Amezrou    Zagora - Maroc,Pharmacie Amzrou Zagora,Zagora,,Zagora
8475,Pharmacie Assafar,0524846271,av Mohammed V   ZAGORA,Pharmacie Assafar Zagora,Zagora,,Zagora
8006,Pharmacie Al Firdaous,0524846493,21  av. Allal Ben Abdellah   ZAGORA,Pharmacie Al Firdaous Zagora,Zagora,09H A 21H,Zagora
8994,Pharmacie Salim,0524847299,bd Mohamed V   hay Zaouit El Majdoub  Zagora - Maroc   ,Pharmacie Salim Zagora,Zagora,,Zagora
8778,Pharmacie Al Mahata,0524838587,bd Mohamed V   hay Asrir  ZAGORA,Pharmacie Al Mahata Zagora,Zagora,00H A 09H,Zagora
2946,Pharmacie Mgouna,0524839813,bd Mohammed VI   centre Tazarine  Zagora,Pharmacie Mgouna Zagora,Zagora,,Zagora
7782,Pharmacie Ennakhil,0524843370,Pharmacie Ennakhil AGDZ,Pharmacie Ennakhil Agdz,Agdz,,Zagora
6980,Pharmacie Agdz,0524843747,Pharmacie Agdz,Pharmacie Agdz Agdz,Agdz,,Zagora
9685,Pharmacie Foum Zguid,0528806595,Centre Foum Zguid   Tata - Maroc,Pharmacie Foum Zguid Tata,Tata,,Zagora
6682,Pharmacie Aït Hammou,0524836544,Pharmacie Aït Hammou EL KELAA DES M'GOUNA,Pharmacie Aït Hammou El Kelaa Des M'Gouna,El Kelaa Des M'Gouna,,Zagora
6635,Pharmacie Roses du Dades,0524836123,Pharmacie Roses du Dades EL KELAA DES M'GOUNA,Pharmacie Roses du Dades El Kelaa Des M'Gouna,El Kelaa Des M'Gouna,,Zagora
6563,Pharmacie ElKaram,0524836728,Pharmacie ElKaram EL KELAA DES M'GOUNA,Pharmacie ElKaram El Kelaa Des M'Gouna,El Kelaa Des M'Gouna,,Zagora
8147,Pharmacie Al yosr,0661857535,Pharmacie Al yosr EL KELAA DES M'GOUNA,Pharmacie Al yosr El Kelaa Des M'Gouna,El Kelaa Des M'Gouna,,Zagora
6496,Pharmacie AlAmal,0524836133,Pharmacie AlAmal EL KELAA DES M'GOUNA,Pharmacie AlAmal El Kelaa Des M'Gouna,El Kelaa Des M'Gouna,,Zagora
9798,Pharmacie Tamright,0524852372,bd Mohammed V - Autre ville   Skoura  Ouarzazate - Maroc,Pharmacie Tamright Ouarzazate,Ouarzazate,,Zagora
6019,Pharmacie Dades,0524830265,Pharmacie Dades BOUMALNE DU DADES,Pharmacie Dades Boumalne Du Dades,Boumalne Du Dades,,Zagora
6768,Pharmacie Bougafer,0524830078,Pharmacie Bougafer BOUMALNE DU DADES,Pharmacie Bougafer Boumalne Du Dades,Boumalne Du Dades,,Zagora
9560,Pharmacie Ifsane,0535580706,rue Laâyoune    Tadaout  Midelt - Maroc,Pharmacie Ifsane Midelt,Midelt,,Midelt
9374,Pharmacie Al Madina,0662346313,Place Adlinistrative    Midelt - Maroc   ,Pharmacie Al Madina Midelt,Midelt,,Midelt
6289,Pharmacie Jabal Ayachi,0535583305,Pharmacie Jabal Ayachi MIDELT,Pharmacie Jabal Ayachi Midelt,Midelt,,Midelt
9556,Pharmacie Principale,0535582148,av. Hassan II   Midelt - Maroc,Pharmacie Principale Midelt,Midelt,,Midelt
9566,Pharmacie Arrahma,0535361021,86  av. de Méknès   Midelt - Maroc,Pharmacie Arrahma Midelt,Midelt,,Midelt
9383,Pharmacie Ain Tadawt,0535361170,quartier Tadaout   Midelt - Maroc   ,Pharmacie Ain Tadawt Midelt,Midelt,,Midelt
9362,Pharmacie Midelt,0535582421,13  Place Al Ittihad   Midelt - Maroc   ,Pharmacie Midelt Midelt,Midelt,,Midelt
6291,Pharmacie Omar,0535583393,Pharmacie Omar MIDELT,Pharmacie Omar Midelt,Midelt,,Midelt
9406,Pharmacie Annour,0535580170,13  Route Nationale   Ait Ayach  Midelt - Maroc   ,Pharmacie Annour Midelt,Midelt,,Midelt
9517,Pharmacie Roudayna,0691750016,Route de Méknès   Midelt - Maroc,Pharmacie Roudayna Midelt,Midelt,,Midelt
9535,Pharmacie Al Akhawayn,0635566226,13  bd Ali Bnou Abi Taleb    Midelt - Maroc,Pharmacie Al Akhawayn Midelt,Midelt,,Midelt
9414,Pharmacie Moulay Idriss,0535580498,rue Moulay Idriss    Midelt - Maroc   ,Pharmacie Moulay Idriss Midelt,Midelt,,Midelt
9511,Pharmacie Hidaya,0697433652,av. la Marche Verte   Midelt - Maroc,Pharmacie Hidaya Midelt,Midelt,,Midelt
9330,Pharmacie de la Sante,0535580194,87  rue Salé    Midelt - Maroc   ,Pharmacie de la Sante Midelt,Midelt,,Midelt
9348,Pharmacie centrale,0535582525,1  Avenue des F.a.r.   Midelt - Maroc   ,Pharmacie centrale Midelt,Midelt,,Midelt
9439,Pharmacie Souk Al Ahad,0535361390,256  av. Moulay Rachid   Midelt - Maroc   ,Pharmacie Souk Al Ahad Midelt,Midelt,,Midelt
9569,Pharmacie Grand Atlas,0535361360,70  lotiss. Al Karam    Midelt - Maroc,Pharmacie Grand Atlas Midelt,Midelt,,Midelt
9690,Pharmacie de l'Hôpital,0535582290,4  lot Hassan Dakhil   Rte Saha Al Khadra  Midelt - Maroc,Pharmacie de l'Hôpital Midelt,Midelt,,Midelt
9544,Pharmacie Izugaghen,0614114181,1  av. Moulay Idriss   Midelt - Maroc,Pharmacie Izugaghen Midelt,Midelt,,Midelt
9548,Pharmacie la Gare,0535580173,bd Hassan II    Midelt - Maroc,Pharmacie la Gare Midelt,Midelt,,Midelt
9428,Pharmacie Al Andalous,0535582735,200  lotiss. Mimlal   Midelt - Maroc   ,Pharmacie Al Andalous Midelt,Midelt,,Midelt
6342,Pharmacie Narjiss,0535597029,Pharmacie Narjiss BOUMIA,Pharmacie Narjiss Boumia,Boumia,,Midelt
6148,Pharmacie Itzer,0535598145,Pharmacie Itzer,Pharmacie Itzer Itzer,Itzer,,Midelt
8158,Pharmacie Rich,0535589299,Pharmacie Rich,Pharmacie Rich Rich,Rich,,Midelt
9046,Pharmacie imam malik,0535589989,Rich - Maroc   ,Pharmacie imam malik Rich,Rich,,Midelt
9728,Pharmacie Ziz,0535589792,28  av Allal Ben Abdellah   Er-Rich - Maroc,Pharmacie Ziz Er-rich,Er-rich,,Midelt
9758,Pharmacie Ziz,0535589792,28  av Allal Ben Abdellah   Er-Rich - Maroc,Pharmacie Ziz Er-rich,Er-rich,,Midelt
9654,Pharmacie Al Qods,0535368176,rue Challah     Er-Rich - Maroc,Pharmacie Al Qods Er-rich,Er-rich,,Midelt
9628,Pharmacie Centrale,0535589104,1  rue El Guers    Er-Rich - Maroc,Pharmacie Centrale Er-rich,Er-rich,,Midelt
10184,Pharmacie Bir Anzarane,0535368738,"N, 72 Avenue Bir Anzarane, Rich",Pharmacie Bir Anzarane Er-rich,Er-rich,,Midelt
9610,Pharmacie Jib,0535368698,centre Er-Rich    Er-Rich - Maroc,Pharmacie Jib Er-rich,Er-rich,,Midelt
9629,Pharmacie Nouvelle,0535368401,rue Sidi Ali     Er-Rich - Maroc,Pharmacie Nouvelle Er-rich,Er-rich,,Midelt
9837,Pharmacie du Centre,0535394814,bd Hassan II - Autre ville   El Kebab - Maroc,Pharmacie du Centre El kebab,El kebab,,Midelt
7233,Pharmacie Aguelman Azgza,0535385496,2  bd Zerktouni   KHENIFRA,Pharmacie Aguelman Azgza Khénifra,Khénifra,,Midelt
9855,Pharmacie ElKebab,0535394066,Centre Elkebab   El Kebab - Maroc,Pharmacie ElKebab El kebab,El kebab,,Midelt
6210,Pharmacie Almasjid,0535362030,Pharmacie Almasjid BOULMANE,Pharmacie Almasjid Boulmane,Boulmane,,Midelt
6842,Pharmacie Ayyar,0535580909,Pharmacie Ayyar BOULMANE,Pharmacie Ayyar Boulmane,Boulmane,,Midelt
6432,Pharmacie 2 Octobre,0535584303,Pharmacie 2 Octobre BOULMANE,Pharmacie 2 Octobre Boulmane,Boulmane,,Midelt
6202,Pharmacie Tindit,0535592948,Pharmacie Tindit BOULMANE,Pharmacie Tindit Boulmane,Boulmane,,Midelt
6094,Pharmacie Cedre,0535584083,Pharmacie Cedre BOULMANE,Pharmacie Cedre Boulmane,Boulmane,,Midelt
3560,Pharmacie du Village,0523492667,bd Farid Bouji ang rue Med El Ayachi n° 1 bis  Khouribga,Pharmacie du Village Khouribga,Khouribga,,Khouribga
303,Pharmacie Akhoune,0675192695,16  rue Aarif Mehdi   Khouribga,Pharmacie Akhoune Khouribga,Khouribga,,Khouribga
2655,Pharmacie Boujniba,0523570295,Pharmacie Boujniba KHOURIBGA,Pharmacie Boujniba Khouribga,Khouribga,,Khouribga
4334,Pharmacie Hattane,0523574746,Pharmacie Hattane KHOURIBGA,Pharmacie Hattane Khouribga,Khouribga,,Khouribga
6239,Pharmacie Rabbah,0603085178,9  rue Mly Hassan   Khouribga,Pharmacie Rabbah Khouribga,Khouribga,,Khouribga
3660,Pharmacie El Ghaz,0671634580,rue Bab Lakbir Khouribga,Pharmacie El Ghaz Khouribga,Khouribga,,Khouribga
3344,Pharmacie de Marrakech,0523493730,46  Rue Marrakech   Khouribga,Pharmacie de Marrakech Khouribga,Khouribga,,Khouribga
2692,Pharmacie Boulanouar,0523577808,Pharmacie Boulanouar KHOURIBGA,Pharmacie Boulanouar Khouribga,Khouribga,,Khouribga
5631,Pharmacie Nahda,0523561537,15  rue de la Mosquée   Khouribga,Pharmacie Nahda Khouribga,Khouribga,,Khouribga
4590,Pharmacie Ibn Tofail,0523498242,"19, rue Tinghir , lot. Iqbal Khouribga",Pharmacie Ibn Tofail Khouribga,Khouribga,,Khouribga
2769,Pharmacie Centrale,0523560980,13  rue Moulay Abderrahmane   Khouribga,Pharmacie Centrale Khouribga,Khouribga,,Khouribga
6117,Pharmacie Principale,0523570175,Pharmacie Principale KHOURIBGA,Pharmacie Principale Khouribga,Khouribga,,Khouribga
1949,Pharmacie Amtoun,0523561700,bd Mohammed VI   c.com. Marjane n°8  Khouribga,Pharmacie Amtoun Khouribga,Khouribga,,Khouribga
9180,Pharmacie du 2 Mars,0624492896,16  lotiss. Zaitoune    1° tranche  Khouribga - Maroc   ,Pharmacie du 2 Mars Khouribga,Khouribga,,Khouribga
5572,Pharmacie Mly Youssef,0523565111,18  bd Mly Youssef   Khouribga,Pharmacie Mly Youssef Khouribga,Khouribga,,Khouribga
748,Pharmacie Al Ouafa,0523560253,hay Al Massira   Rihane 3 n° 1  Khouribga,Pharmacie Al Ouafa Khouribga,Khouribga,,Khouribga
9299,Pharmacie Benjelloul,0689355222,Douar Benjelloul   n° 342  Khouribga - Maroc   ,Pharmacie Benjelloul Khouribga,Khouribga,,Khouribga
33,Pharmacie 21 Août,0523561012,"rue 21 Août , bloc D n°3 Khouribga",Pharmacie 21 Août Khouribga,Khouribga,,Khouribga
1334,Pharmacie AlMarjane,0523495122,43 X nouveaux logements   O.c.p.  Khouribga,Pharmacie AlMarjane Khouribga,Khouribga,,Khouribga
3002,Pharmacie Cherkaoui,0523564971,136  rue Moulay Driss   Khouribga,Pharmacie Cherkaoui Khouribga,Khouribga,,Khouribga
4013,Pharmacie Ennour,0523564902,169  av. 16 Novembre   hay Nahda  Khouribga,Pharmacie Ennour Khouribga,Khouribga,,Khouribga
2654,Pharmacie Bnou Haytam,0523563404,179  Yasmina 1   2°tranche  Khouribga,Pharmacie Bnou Haytam Khouribga,Khouribga,,Khouribga
1529,Pharmacie AlMassira,0523499119,"294, av Ahmed ElHiba , bloc C Khouribga",Pharmacie AlMassira Khouribga,Khouribga,,Khouribga
3045,Pharmacie Chifa,0523562653,3  rue de Meknés   Khouribga,Pharmacie Chifa Khouribga,Khouribga,,Khouribga
1374,Pharmacie AlMasjid,0523492606,6  hay Mohammedi   Khouribga,Pharmacie AlMasjid Khouribga,Khouribga,,Khouribga
3590,Pharmacie Eddakhla,0523565254,96 B rue des Amandiers   hay Dakhla  Khouribga,Pharmacie Eddakhla Khouribga,Khouribga,,Khouribga
536,Pharmacie Al Khair,0523495952,bd Moulay Idriss 1er   Trik Al Fokara  Khouribga,Pharmacie Al Khair Khouribga,Khouribga,,Khouribga
4247,Pharmacie Ghizlaine,0673141886,Khouadria Jdad   bloc 1 n° 16  Khouribga,Pharmacie Ghizlaine Khouribga,Khouribga,,Khouribga
615,Pharmacie Al Manal,0523494263,rue Zaitouna 3  n° 923  Khouribga,Pharmacie Al Manal Khouribga,Khouribga,09H A 21H,Khouribga
5626,Pharmacie Mouhcine,0523560086,2  rue Ibn Batouta   Khouribga,Pharmacie Mouhcine Khouribga,Khouribga,,Khouribga
4745,Pharmacie Irfane,0540007324,Rte Al Khatawate   lotiss Al Hamraa n°12  Khouribga,Pharmacie Irfane Khouribga,Khouribga,,Khouribga
5983,Pharmacie Oum ElQora,0523492385,Pharmacie Oum ElQora KHOURIBGA,Pharmacie Oum ElQora Khouribga,Khouribga,,Khouribga
6438,Pharmacie Roudani,0523562511,214  Rue Brahim Roudani   Khouribga,Pharmacie Roudani Khouribga,Khouribga,,Khouribga
2233,Pharmacie Assalam,0523566220,"cité AlMassira , bd Ahmed ElHiba Khouribga",Pharmacie Assalam Khouribga,Khouribga,,Khouribga
6389,Pharmacie Rochdi,0523567541,50  av. de l'Egypte   lot. Errachaid  Khouribga,Pharmacie Rochdi Khouribga,Khouribga,,Khouribga
2350,Pharmacie Azzaitouna,0523490063,"134, nouveaux logements O.c.p.  Khouribga",Pharmacie Azzaitouna Khouribga,Khouribga,,Khouribga
9119,Pharmacie Belbsir,0523492452,3  mosquée Errahmane   hay ElFaraj  Khouribga - Maroc   ,Pharmacie Belbsir Khouribga,Khouribga,,Khouribga
1973,Pharmacie Aneflous,0540156912,81  bd Massira El Khadra   coopérative Bir Anzaran  hay Saâda  Khouribga,Pharmacie Aneflous Khouribga,Khouribga,,Khouribga
4312,Pharmacie Gnadiz,0523410152,Pharmacie Gnadiz KHOURIBGA,Pharmacie Gnadiz Khouribga,Khouribga,,Khouribga
6986,Pharmacie Tlat Oulad Azzouz,0668446669,Pharmacie Tlat Oulad Azzouz KHOURIBGA,Pharmacie Tlat Oulad Azzouz Khouribga,Khouribga,,Khouribga
4701,Pharmacie Motaouakkil,0523723619,"9, bd. hassan ii , imm. boutaleb, près du cinéma al ahram Settat",Pharmacie Motaouakkil Settat,Settat,,Settat
3230,Pharmacie ElSettati,0523400730,"235, bd. la Princesse Lalla Aïcha  Settat",Pharmacie ElSettati Settat,Settat,,Settat
1795,Pharmacie Batoul,0523721095,"20, rue my ahmed derb omar Settat",Pharmacie Batoul Settat,Settat,,Settat
1984,Pharmacie Batoul,0523405080,"20, derb omar, bd moulay ahmed, près du cimetière moulay ahmed Settat",Pharmacie Batoul Settat,Settat,,Settat
3911,Pharmacie Ibn Abbad,0523402122,"200, av des F.a.r.  Settat",Pharmacie Ibn Abbad Settat,Settat,,Settat
1195,Pharmacie Alqods,0523402064,"46, bd Mohammed V  Settat",Pharmacie Alqods Settat,Settat,,Settat
2430,Pharmacie De Settat,0523403865,"56, bd. allal el fassi,  en face kissariat zzahra et snak italie de direction rue dehbiya Settat",Pharmacie De Settat Settat,Settat,garde 24h/24,Settat
3804,Pharmacie Hanine,0523402507,"51, rue des Martyrs  Settat",Pharmacie Hanine Settat,Settat,,Settat
4326,Pharmacie Maarouf,0523402256,"362, bd des f.a.r.  Settat",Pharmacie Maarouf Settat,Settat,,Settat
8000,Pharmacie Tantaoui,0523723118,"13, bd la Résistance  Settat",Pharmacie Tantaoui Settat,Settat,,Settat
2448,Pharmacie Derb Omar,0523404493,Pharmacie Derb Omar SETTAT,Pharmacie Derb Omar Settat,Settat,,Settat
3449,Pharmacie Er-razi,0523723582,"114, av. des Far  Settat",Pharmacie Er-razi Settat,Settat,,Settat
1742,Pharmacie Azzouzi,0523402008,"95, bd Mohammed V  Settat",Pharmacie Azzouzi Settat,Settat,,Settat
5328,Pharmacie Rayhana Farah,0523726499,"1 Bis, rue Khansaa , hay Farah II Settat",Pharmacie Rayhana Farah Settat,Settat,,Settat
3461,Pharmacie Essaada,0523722837,"83, rue Aïn Louh , Mabrouka Settat",Pharmacie Essaada Settat,Settat,,Settat
1017,Pharmacie Albarid,0523403922,place de la liberté Settat,Pharmacie Albarid Settat,Settat,,Settat
8798,Pharmacie Barradi,0523721965,"276, bd zerktouni , smaala Settat",Pharmacie Barradi Settat,Settat,,Settat
9543,Pharmacie Barradi,0546159276,276  Bd Zerktouni   Smaala  Settat - Maroc,Pharmacie Barradi Settat,Settat,,Settat
631,Pharmacie Al Massira,0523403172,"49, bd hassan2, près de sidi lghlimi Settat",Pharmacie Al Massira Settat,Settat,,Settat
7699,Pharmacie Smaâla,0523405015,"148, bd. Mohamed Zerktouni  Settat",Pharmacie Smaâla Settat,Settat,,Settat
2947,Pharmacie El Wafaa,0523403333,"34, av des F.a.r.  Settat",Pharmacie El Wafaa Settat,Settat,,Settat
5085,Pharmacie Pam,0523403558,n°37 rue moulay slimane. hay pam. près des taxis  ben hmed- mosquée pam SETTAT,Pharmacie Pam Settat,Settat,,Settat
2259,Pharmacie Boumahdi,0523402914,"43 Bis, rue Jbel Oukaimden , hay Mabrouka Settat",Pharmacie Boumahdi Settat,Settat,,Settat
6334,Pharmacie Sidi Abdelkrim,0523722707,"164, bd ourika , bloc pam Settat",Pharmacie Sidi Abdelkrim Settat,Settat,,Settat
4893,Pharmacie Nazih,0523400312,"16, bd. Mohamed Zerktouni  Settat",Pharmacie Nazih Settat,Settat,,Settat
370,Pharmacie Al Hourria,0523720582,"3, bd mohammed v , lot. ben driss Settat",Pharmacie Al Hourria Settat,Settat,,Settat
5593,Pharmacie Rohi,0523401580,"751, bd Changhit  Settat",Pharmacie Rohi Settat,Settat,garde 24h/24,Settat
3864,Pharmacie Hôpital Hassan 2,0523406210,bd bir anzarane _ hay mebrouka Settat,Pharmacie Hôpital Hassan 2 Settat,Settat,,Settat
1125,Pharmacie Allal Ben Abdellah,0523404635,"29, bd allal ben abdellah Settat",Pharmacie Allal Ben Abdellah Settat,Settat,,Settat
2418,Pharmacie De La Renaissance,0523402669,"86, boulevard général kettani, route ouled said, près de casa prix Settat",Pharmacie De La Renaissance Settat,Settat,,Settat
5763,Pharmacie Salman,0523404314,Pharmacie Salman SETTAT,Pharmacie Salman Settat,Settat,,Settat
7339,Pharmacie Sidki,0523724647,"233, bd ElArbi ElOuadi  Settat",Pharmacie Sidki Settat,Settat,,Settat
5160,Pharmacie Rabha,0523724586,"41, bd Changuit , Smaâla Settat",Pharmacie Rabha Settat,Settat,,Settat
3936,Pharmacie Ibn Sina,0523404151,"157, bd lalla a?cha Settat",Pharmacie Ibn Sina Settat,Settat,,Settat
2969,Pharmacie ElAmal,0523403585,"74, bd Bouchaïb Bellabssir  Settat",Pharmacie ElAmal Settat,Settat,,Settat
1219,Pharmacie AlWilaya,0523401759,"4, bd Hassan II  Settat",Pharmacie AlWilaya Settat,Settat,,Settat
2827,Pharmacie du train,0523403477,"8 Bis, rue de la gare , Smaâla Settat",Pharmacie du train Settat,Settat,,Settat
5669,Pharmacie Saïd,0523720085,Pharmacie Saïd SETTAT,Pharmacie Saïd Settat,Settat,,Settat
5398,Pharmacie Ridouan,0523401340,65. boulevard abdelkrim al khattabi. hay maymouna Settat,Pharmacie Ridouan Settat,Settat,,Settat
1741,Pharmacie Attaouhid,0612136940,Pharmacie Attaouhid SETTAT,Pharmacie Attaouhid Settat,Settat,,Settat
